productId,name,cleanName,imageUrl,categoryId,groupId,url,modifiedOn,imageCount,extNumber,extRarity,extCardType,extHP,extStage,extAttack1,extAttack2,extWeakness,extResistance,extRetreatCost,lowPrice,midPrice,highPrice,marketPrice,directLowPrice,subTypeName,extCardText
113659,Venusaur EX,Venusaur EX,https://tcgplayer-cdn.tcgplayer.com/product/113659_200w.jpg,3,1728,https://cpt.tcgcsv.com/ctW,2022-12-14T16:32:44.977,1,1/83,Ultra Rare,Grass,180,Basic,"[2G] Frog Hop (40+)
<br>Flip a coin. If heads, the attack does 40 more damage.","[2GG] Poison Impact (80)
<br>Your opponent's Active Pokemon is now Asleep and Poisoned.",Rx2,None,4,3.69,6.96,20.17,6.81,,Holofoil,
113660,M Venusaur EX,M Venusaur EX,https://tcgplayer-cdn.tcgplayer.com/product/113660_200w.jpg,3,1728,https://cpt.tcgcsv.com/dtW,2022-12-14T16:32:59.943,1,2/83,Ultra Rare,Grass,230,Mega,"[2GG] Bloom Buster (130)
<br>Flip a coin. If heads, this attack does 30 damage to each of your opponent's Benched Pokemon. <i>(Don't apply Weakness and Resistance for Benched Pokemon.)</i>",,Rx2,None,4,15.78,20.08,40.0,19.92,,Holofoil,
113661,Caterpie,Caterpie,https://tcgplayer-cdn.tcgplayer.com/product/113661_200w.jpg,3,1728,https://cpt.tcgcsv.com/ftW,2022-12-14T16:33:05.603,1,3/83,Common,Grass,40,Basic,[G] This Pokemon can evolve during your first turn or the turn you play it.,,Rx2,None,1,0.07,0.23,4.64,0.19,,Normal,"<b>Ability — Adaptive Evolution</b>
<br>This Pokemon can evolve during your first turn or the turn you play it."
113661,Caterpie,Caterpie,https://tcgplayer-cdn.tcgplayer.com/product/113661_200w.jpg,3,1728,https://cpt.tcgcsv.com/ftW,2022-12-14T16:33:05.603,1,3/83,Common,Grass,40,Basic,[G] This Pokemon can evolve during your first turn or the turn you play it.,,Rx2,None,1,0.19,0.64,9.98,0.65,,Reverse Holofoil,"<b>Ability — Adaptive Evolution</b>
<br>This Pokemon can evolve during your first turn or the turn you play it."
113662,Metapod,Metapod,https://tcgplayer-cdn.tcgplayer.com/product/113662_200w.jpg,3,1728,https://cpt.tcgcsv.com/gtW,2025-01-31T19:37:58.537,1,4/83,Uncommon,Grass,70,Stage 1,"[2] Harden
<br>During your opponent's next turn, if this Pokemon would be damaged by an attack, prevent that attack's damage done to this Pokemon if that damage is 60 or less.",,Rx2,None,2,0.13,0.27,1.49,0.27,,Normal,"<b>Ability — Adaptive Evolution</b>
<br>This Pokemon can evolve during your first turn or the turn you play it."
113662,Metapod,Metapod,https://tcgplayer-cdn.tcgplayer.com/product/113662_200w.jpg,3,1728,https://cpt.tcgcsv.com/gtW,2025-01-31T19:37:58.537,1,4/83,Uncommon,Grass,70,Stage 1,"[2] Harden
<br>During your opponent's next turn, if this Pokemon would be damaged by an attack, prevent that attack's damage done to this Pokemon if that damage is 60 or less.",,Rx2,None,2,0.25,1.0,4.98,1.22,,Reverse Holofoil,"<b>Ability — Adaptive Evolution</b>
<br>This Pokemon can evolve during your first turn or the turn you play it."
113663,Butterfree,Butterfree,https://tcgplayer-cdn.tcgplayer.com/product/113663_200w.jpg,3,1728,https://cpt.tcgcsv.com/htW,2023-06-01T19:42:12.583,1,5/83,Holo Rare,Grass,130,Stage 2,"[G] Quiver Dance
<br>Search your deck for a basic Energy card card and attach it to this Pokemon. Shuffle your deck afterward. If you attached Energy in this way, heal 40 damage.",[2G] Gust (70),Lx2,F-20,1,0.75,1.92,9.98,1.97,,Holofoil,
113663,Butterfree,Butterfree,https://tcgplayer-cdn.tcgplayer.com/product/113663_200w.jpg,3,1728,https://cpt.tcgcsv.com/htW,2023-06-01T19:42:12.583,1,5/83,Holo Rare,Grass,130,Stage 2,"[G] Quiver Dance
<br>Search your deck for a basic Energy card card and attach it to this Pokemon. Shuffle your deck afterward. If you attached Energy in this way, heal 40 damage.",[2G] Gust (70),Lx2,F-20,1,1.47,2.48,4.15,2.71,3.47,Reverse Holofoil,
113664,Paras,Paras,https://tcgplayer-cdn.tcgplayer.com/product/113664_200w.jpg,3,1728,https://cpt.tcgcsv.com/jtW,2023-01-29T04:15:52.373,1,6/83,Common,Grass,60,Basic,"[1] Blot (10)
<br>Heal 10 damage from this Pokemon.",,Rx2,None,1,0.05,0.23,1.49,0.19,0.21,Normal,
113664,Paras,Paras,https://tcgplayer-cdn.tcgplayer.com/product/113664_200w.jpg,3,1728,https://cpt.tcgcsv.com/jtW,2023-01-29T04:15:52.373,1,6/83,Common,Grass,60,Basic,"[1] Blot (10)
<br>Heal 10 damage from this Pokemon.",,Rx2,None,1,0.19,0.91,3.0,0.98,,Reverse Holofoil,
113665,Parasect,Parasect,https://tcgplayer-cdn.tcgplayer.com/product/113665_200w.jpg,3,1728,https://cpt.tcgcsv.com/ktW,2022-12-14T16:33:32.927,1,7/83,Rare,Grass,100,Stage 1,"[1] Colorful Spores
<br>Choose 3 of your Pokémon. For each of those Pokémon, search your deck for a different type of basic Energy card and attach it to that Pokémon. Shuffle your deck afterward.","[1G] X-Scissor (30+)
<br>Flip a coin. If heads, this attack does 30 more damage.",Rx2,None,2,0.1,0.33,1.51,0.28,,Normal,
113665,Parasect,Parasect,https://tcgplayer-cdn.tcgplayer.com/product/113665_200w.jpg,3,1728,https://cpt.tcgcsv.com/ktW,2022-12-14T16:33:32.927,1,7/83,Rare,Grass,100,Stage 1,"[1] Colorful Spores
<br>Choose 3 of your Pokémon. For each of those Pokémon, search your deck for a different type of basic Energy card and attach it to that Pokémon. Shuffle your deck afterward.","[1G] X-Scissor (30+)
<br>Flip a coin. If heads, this attack does 30 more damage.",Rx2,None,2,1.23,1.93,4.98,1.8,1.34,Reverse Holofoil,
113666,Tangela,Tangela,https://tcgplayer-cdn.tcgplayer.com/product/113666_200w.jpg,3,1728,https://cpt.tcgcsv.com/ltW,2022-12-14T16:34:03.353,1,8/83,Common,Grass,80,Basic,"[1G] Absorb (20)
<br>Heal 20 damage from this Pokemon.",[1GG] Vine Whip (30),Rx2,None,2,0.03,0.2,1.49,0.14,0.14,Normal,
113666,Tangela,Tangela,https://tcgplayer-cdn.tcgplayer.com/product/113666_200w.jpg,3,1728,https://cpt.tcgcsv.com/ltW,2022-12-14T16:34:03.353,1,8/83,Common,Grass,80,Basic,"[1G] Absorb (20)
<br>Heal 20 damage from this Pokemon.",[1GG] Vine Whip (30),Rx2,None,2,0.1,0.38,2.0,0.38,,Reverse Holofoil,
113667,Pinsir,Pinsir,https://tcgplayer-cdn.tcgplayer.com/product/113667_200w.jpg,3,1728,https://cpt.tcgcsv.com/mtW,2022-12-14T16:34:09.54,1,9/83,Rare,Grass,100,Basic,"[G] Overhead Throw (30)
<br>This attack does 20 damage to 1 of your Benched Pokémon. <i>(Don't apply Weakness and Resistance for Benched Pokémon.)</i>","[2G] Heavy Suplex (40+)
<br>This attack does 20 more damage for each C in your opponent's Active Pokémon's Retreat Cost.",Rx2,None,2,0.08,0.35,1.56,0.35,,Normal,
113667,Pinsir,Pinsir,https://tcgplayer-cdn.tcgplayer.com/product/113667_200w.jpg,3,1728,https://cpt.tcgcsv.com/mtW,2022-12-14T16:34:09.54,1,9/83,Rare,Grass,100,Basic,"[G] Overhead Throw (30)
<br>This attack does 20 damage to 1 of your Benched Pokémon. <i>(Don't apply Weakness and Resistance for Benched Pokémon.)</i>","[2G] Heavy Suplex (40+)
<br>This attack does 20 more damage for each C in your opponent's Active Pokémon's Retreat Cost.",Rx2,None,2,0.39,1.68,4.98,1.91,,Reverse Holofoil,
113668,Leafeon EX,Leafeon EX,https://tcgplayer-cdn.tcgplayer.com/product/113668_200w.jpg,3,1728,https://cpt.tcgcsv.com/ntW,2024-01-07T10:56:26.33,1,10/83,Ultra Rare,Grass,170,Basic,"[1G] Leaf Blade (30+)
<br>Flip a coin. If heads, this attack does 30 more damage.","[1GG] Nature's Breath (90+)
<br>If there is any Stadium card in play, this attack does 30 more damage and heal 30 damage from this Pokémon.",Rx2,None,2,15.38,25.0,40.0,23.71,14.72,Holofoil,
113669,Charizard EX,Charizard EX,https://tcgplayer-cdn.tcgplayer.com/product/113669_200w.jpg,3,1728,https://cpt.tcgcsv.com/ptW,2022-12-14T16:34:22.54,1,11/83,Ultra Rare,Fire,180,Basic,"[1R] Flame Cloak (30)
<br>Attach a Fire Energy from your discard pile to this Pokemon.","[2RR] Burning Breath (80+)
<br>Flip 2 coins. This attack does 40 more damage for each heads.",Wx2,None,2,9.0,18.41,30.46,20.63,13.03,Holofoil,
113670,M Charizard EX,M Charizard EX,https://tcgplayer-cdn.tcgplayer.com/product/113670_200w.jpg,3,1728,https://cpt.tcgcsv.com/qtW,2023-05-06T12:31:08.623,1,12/83,Ultra Rare,Fire,220,Mega,"[3R] Heat Typhoon (100+)
<br>Flip a coin for each Fire Energy attached to this Pokemon. This attack does 50 more damage for each heads.",,Wx2,None,3,99.99,177.3,299.99,172.36,126.05,Holofoil,
113671,Ninetales EX,Ninetales EX,https://tcgplayer-cdn.tcgplayer.com/product/113671_200w.jpg,3,1728,https://cpt.tcgcsv.com/rtW,2022-12-14T16:34:34.86,1,13/83,Ultra Rare,Fire,170,Basic,"[R] Flare Bonus
<br>Discard a Fire Energy card from your hand. If you do, draw 3 cards.","[3R] Fire Blast (130)
<br>Flip a coin. If tails, discard a Fire Energy attached to this Pokemon.",Wx2,None,1,2.9,3.82,9.97,3.77,,Holofoil,
113672,Ponyta,Ponyta,https://tcgplayer-cdn.tcgplayer.com/product/113672_200w.jpg,3,1728,https://cpt.tcgcsv.com/stW,2024-07-26T19:16:33.037,1,14/83,Common,Fire,60,Basic,"[R] Agility (10)
<br>Flip a coin. If heads, prevent all effects of attacks, including damage, done to this Pokemon during your opponent's next turn.",[2] Flame Tail (20),Wx2,None,1,0.1,0.25,1.49,0.23,,Normal,
113672,Ponyta,Ponyta,https://tcgplayer-cdn.tcgplayer.com/product/113672_200w.jpg,3,1728,https://cpt.tcgcsv.com/stW,2024-07-26T19:16:33.037,1,14/83,Common,Fire,60,Basic,"[R] Agility (10)
<br>Flip a coin. If heads, prevent all effects of attacks, including damage, done to this Pokemon during your opponent's next turn.",[2] Flame Tail (20),Wx2,None,1,0.22,0.76,4.98,0.76,,Reverse Holofoil,
113673,Rapidash,Rapidash,https://tcgplayer-cdn.tcgplayer.com/product/113673_200w.jpg,3,1728,https://cpt.tcgcsv.com/ttW,2024-07-26T19:16:33.083,1,15/83,Rare,Fire,90,Stage 1,"[R] Agility (20)
<br>Flip a coin. If heads, prevent all effects of attacks, including damage, done to this Pokemon during your opponent's next turn.","[2] Overrun (40)
<br>This attack does 20 damage to 1 of your opponent's Benched Pokémon. <i>Don't apply Weakness and Resistance for Benched Pokémon.)</i>",Wx2,None,0,0.25,0.49,4.07,0.49,,Normal,
113673,Rapidash,Rapidash,https://tcgplayer-cdn.tcgplayer.com/product/113673_200w.jpg,3,1728,https://cpt.tcgcsv.com/ttW,2024-07-26T19:16:33.083,1,15/83,Rare,Fire,90,Stage 1,"[R] Agility (20)
<br>Flip a coin. If heads, prevent all effects of attacks, including damage, done to this Pokemon during your opponent's next turn.","[2] Overrun (40)
<br>This attack does 20 damage to 1 of your opponent's Benched Pokémon. <i>Don't apply Weakness and Resistance for Benched Pokémon.)</i>",Wx2,None,0,0.75,1.92,4.98,2.1,2.16,Reverse Holofoil,
113674,Magmar,Magmar,https://tcgplayer-cdn.tcgplayer.com/product/113674_200w.jpg,3,1728,https://cpt.tcgcsv.com/vtW,2022-12-14T16:34:52.963,1,16/83,Common,Fire,80,Basic,[R] Ram (10),"[1R] Ember (30)
<br>Discard a Fire Energy attached to this Pokemon.",Wx2,None,2,0.08,0.2,1.5,0.16,0.15,Normal,
113674,Magmar,Magmar,https://tcgplayer-cdn.tcgplayer.com/product/113674_200w.jpg,3,1728,https://cpt.tcgcsv.com/vtW,2022-12-14T16:34:52.963,1,16/83,Common,Fire,80,Basic,[R] Ram (10),"[1R] Ember (30)
<br>Discard a Fire Energy attached to this Pokemon.",Wx2,None,2,0.22,0.95,4.98,1.02,0.97,Reverse Holofoil,
113675,Blastoise EX,Blastoise EX,https://tcgplayer-cdn.tcgplayer.com/product/113675_200w.jpg,3,1728,https://cpt.tcgcsv.com/wtW,2022-12-14T16:34:58.973,1,17/83,Ultra Rare,Water,180,Basic,"[2W] Hyper Whirlpool (60)
<br>Flip a coin. If heads, discard an Energy attached to your opponent's Active Pokemon.","[2WW] Hydro Press (100)
<br>This attack does 20 Damage to one of your opponent's Benched Pokémon. <i>(Don't apply Weakness and Resistance to for Benched Pokémon.)</i>",Gx2,None,3,4.84,7.9,19.95,8.17,7.99,Holofoil,
113676,M Blastoise EX,M Blastoise EX,https://tcgplayer-cdn.tcgplayer.com/product/113676_200w.jpg,3,1728,https://cpt.tcgcsv.com/xtW,2024-02-02T15:29:19.917,1,18/83,Ultra Rare,Water,220,Mega,"[2WW] Dread Launcher (180)
<br>Flip a coin. If tails, discard 2 Water Energy attached to this Pokemon.",,Gx2,None,3,16.0,30.0,69.99,28.44,,Holofoil,
113677,Shellder,Shellder,https://tcgplayer-cdn.tcgplayer.com/product/113677_200w.jpg,3,1728,https://cpt.tcgcsv.com/ztW,2022-12-14T16:35:13.817,1,19/83,Common,Water,60,Basic,[1W] Rain Splash (20),,Gx2,None,1,0.03,0.2,1.49,0.11,,Normal,
113677,Shellder,Shellder,https://tcgplayer-cdn.tcgplayer.com/product/113677_200w.jpg,3,1728,https://cpt.tcgcsv.com/ztW,2022-12-14T16:35:13.817,1,19/83,Common,Water,60,Basic,[1W] Rain Splash (20),,Gx2,None,1,0.2,0.5,2.98,0.5,,Reverse Holofoil,
113678,Cloyster,Cloyster,https://tcgplayer-cdn.tcgplayer.com/product/113678_200w.jpg,3,1728,https://cpt.tcgcsv.com/BtW,2022-12-14T16:35:21.497,1,20/83,Uncommon,Water,100,Stage 1,"[1W] Clamp Crush (30)
<br>Flip a coin. If heads, your opponent's Active Pokémon is now Paralyzed and discard an Energy attached to that Pokémon.","[1WW] Spike Cannon (30x)
<br>Flip 5 coins. This attack does 30 damage times the number of heads.",Gx2,None,3,0.1,0.25,1.49,0.23,0.2,Normal,
113678,Cloyster,Cloyster,https://tcgplayer-cdn.tcgplayer.com/product/113678_200w.jpg,3,1728,https://cpt.tcgcsv.com/BtW,2022-12-14T16:35:21.497,1,20/83,Uncommon,Water,100,Stage 1,"[1W] Clamp Crush (30)
<br>Flip a coin. If heads, your opponent's Active Pokémon is now Paralyzed and discard an Energy attached to that Pokémon.","[1WW] Spike Cannon (30x)
<br>Flip 5 coins. This attack does 30 damage times the number of heads.",Gx2,None,3,0.25,0.63,9.98,0.68,,Reverse Holofoil,
113679,Krabby,Krabby,https://tcgplayer-cdn.tcgplayer.com/product/113679_200w.jpg,3,1728,https://cpt.tcgcsv.com/CtW,2022-12-14T16:41:51.417,1,21/83,Common,Water,70,Basic,[W] Vice Grip (10),[WWW] Crabhammer (50),Gx2,None,2,0.05,0.2,1.49,0.15,,Normal,
113679,Krabby,Krabby,https://tcgplayer-cdn.tcgplayer.com/product/113679_200w.jpg,3,1728,https://cpt.tcgcsv.com/CtW,2022-12-14T16:41:51.417,1,21/83,Common,Water,70,Basic,[W] Vice Grip (10),[WWW] Crabhammer (50),Gx2,None,2,0.2,0.5,9.65,0.55,,Reverse Holofoil,
113680,Magikarp,Magikarp,https://tcgplayer-cdn.tcgplayer.com/product/113680_200w.jpg,3,1728,https://cpt.tcgcsv.com/DtW,2024-07-26T19:16:33.24,1,22/83,Common,Water,30,Basic,"[W] Epic Splash (30)
<br>Flip 2 coins. If either of them is tails, this attack does nothing.",,Lx2,None,1,0.12,0.41,1.56,0.41,0.25,Normal,
113680,Magikarp,Magikarp,https://tcgplayer-cdn.tcgplayer.com/product/113680_200w.jpg,3,1728,https://cpt.tcgcsv.com/DtW,2024-07-26T19:16:33.24,1,22/83,Common,Water,30,Basic,"[W] Epic Splash (30)
<br>Flip 2 coins. If either of them is tails, this attack does nothing.",,Lx2,None,1,0.59,1.22,4.0,2.06,,Reverse Holofoil,
113681,Gyarados,Gyarados,https://tcgplayer-cdn.tcgplayer.com/product/113681_200w.jpg,3,1728,https://cpt.tcgcsv.com/FtW,2023-07-14T09:16:00.007,1,23/83,Rare,Water,130,Stage 1,"[2W] Berserker Splash (80)
<br>This attack does 10 damage to each Benched Pokémon (both yours and your opponent's). <i>(Don't apply Weakness and Resistance for Benched Pokémon.)</i>","[3W] Aqua Tail (90+)
<br>Flip a coin for each Water Energy attached to this Pokemon. This attack does 30 more damage for each heads.",Lx2,None,3,0.25,0.73,2.98,0.79,,Normal,
113681,Gyarados,Gyarados,https://tcgplayer-cdn.tcgplayer.com/product/113681_200w.jpg,3,1728,https://cpt.tcgcsv.com/FtW,2023-07-14T09:16:00.007,1,23/83,Rare,Water,130,Stage 1,"[2W] Berserker Splash (80)
<br>This attack does 10 damage to each Benched Pokémon (both yours and your opponent's). <i>(Don't apply Weakness and Resistance for Benched Pokémon.)</i>","[3W] Aqua Tail (90+)
<br>Flip a coin for each Water Energy attached to this Pokemon. This attack does 30 more damage for each heads.",Lx2,None,3,1.79,2.98,5.47,2.95,,Reverse Holofoil,
113682,Vaporeon EX,Vaporeon EX,https://tcgplayer-cdn.tcgplayer.com/product/113682_200w.jpg,3,1728,https://cpt.tcgcsv.com/GtW,2025-07-31T12:10:11.417,1,24/83,Ultra Rare,Water,180,Basic,"[1W] Bubble Drain (30)
<br>Heal 30 damage from this Pokemon.","[1WW] Deep Squall (130-)
<br>This attack does 130 damage minus 10 damage for each damage counter on this Pokemon.",Gx2,None,3,12.0,19.99,47.59,19.18,13.6,Holofoil,
113683,Articuno,Articuno,https://tcgplayer-cdn.tcgplayer.com/product/113683_200w.jpg,3,1728,https://cpt.tcgcsv.com/HtW,2022-12-14T16:42:22.18,1,25/83,Holo Rare,Water,120,Basic,"[W] Find Ice
<br>Search your deck for up to 3 Water Energy cards, reveal them, and put them into your hand. Shuffle your deck afterward.",[2WW] Freezing Wind (100),Mx2,F-20,1,30.25,48.88,79.99,30.29,49.98,Holofoil,
113684,Pikachu,Pikachu,https://tcgplayer-cdn.tcgplayer.com/product/113684_200w.jpg,3,1728,https://cpt.tcgcsv.com/JtW,2024-07-26T19:16:33.397,1,26/83,Common,Lightning,60,Basic,"[1] Nuzzle 
<br>Flip a coin. If heads, your opponent's Active Pokemon is now Paralyzed.","[2] Quick Attack (20+)
<br>Flip a coin. If heads, this attack does 10 more damage.",Fx2,M-20,1,0.58,1.64,5.0,2.01,,Normal,
113684,Pikachu,Pikachu,https://tcgplayer-cdn.tcgplayer.com/product/113684_200w.jpg,3,1728,https://cpt.tcgcsv.com/JtW,2024-07-26T19:16:33.397,1,26/83,Common,Lightning,60,Basic,"[1] Nuzzle 
<br>Flip a coin. If heads, your opponent's Active Pokemon is now Paralyzed.","[2] Quick Attack (20+)
<br>Flip a coin. If heads, this attack does 10 more damage.",Fx2,M-20,1,3.06,5.0,14.99,4.74,,Reverse Holofoil,
113685,Raichu,Raichu,https://tcgplayer-cdn.tcgplayer.com/product/113685_200w.jpg,3,1728,https://cpt.tcgcsv.com/KtW,2023-03-23T14:53:29.257,1,27/83,Holo Rare,Lightning,90,Stage 1,"[2] Circle Circuit (20x)
<br>This attack does 20 damage times the number of Pokemon on your Bench.","[1LL] Thunderbolt (100)
<br>Discard all Energy attached to this Pokemon.",Fx2,M-20,0,0.53,1.15,4.98,1.18,,Holofoil,
113685,Raichu,Raichu,https://tcgplayer-cdn.tcgplayer.com/product/113685_200w.jpg,3,1728,https://cpt.tcgcsv.com/KtW,2023-03-23T14:53:29.257,1,27/83,Holo Rare,Lightning,90,Stage 1,"[2] Circle Circuit (20x)
<br>This attack does 20 damage times the number of Pokemon on your Bench.","[1LL] Thunderbolt (100)
<br>Discard all Energy attached to this Pokemon.",Fx2,M-20,0,0.4,1.29,49.99,1.1,,Reverse Holofoil,
113686,Jolteon EX,Jolteon EX,https://tcgplayer-cdn.tcgplayer.com/product/113686_200w.jpg,3,1728,https://cpt.tcgcsv.com/LtW,2023-03-05T14:44:38.84,1,28/83,Ultra Rare,Lightning,160,Basic,"[L] Swift (30)
<br>This attack's damage isn't affected by Weakness, Resistance, or any other effects on your opponent's Active Pokémon.","[2L] Flash Ray (70)
<br>During your opponent's next turn, prevent all damage done to this Pokémon by attacks from Basic Pokémon.",Fx2,M-20,0,14.25,20.69,75.0,17.85,19.99,Holofoil,
113687,Zapdos,Zapdos,https://tcgplayer-cdn.tcgplayer.com/product/113687_200w.jpg,3,1728,https://cpt.tcgcsv.com/MtW,2022-12-14T16:42:46.187,1,29/83,Holo Rare,Lightning,160,Basic,[L] Drill Peck (20),"[1LL] Raging Thunder (120)
<br>This attack does 40 damage to 1 of your Benched Pokémon.<i> (Don't apply Weakness and Resistance for Benched Pokémon.)</i>",Fx2,F-20,2,24.01,32.93,69.95,32.18,21.39,Holofoil,
113688,Zubat,Zubat,https://tcgplayer-cdn.tcgplayer.com/product/113688_200w.jpg,3,1728,https://cpt.tcgcsv.com/NtW,2022-12-14T16:42:52.627,1,30/83,Common,Psychic,50,Basic,"[1] Skill Dive
<br>This attack does 10 damage to 1 of your opponent's Pokémon. <i>(Don't apply Weakness and Resistance for Benched Pokémon.)</i>",,Lx2,F-20,1,0.05,0.2,1.49,0.16,,Normal,
113688,Zubat,Zubat,https://tcgplayer-cdn.tcgplayer.com/product/113688_200w.jpg,3,1728,https://cpt.tcgcsv.com/NtW,2022-12-14T16:42:52.627,1,30/83,Common,Psychic,50,Basic,"[1] Skill Dive
<br>This attack does 10 damage to 1 of your opponent's Pokémon. <i>(Don't apply Weakness and Resistance for Benched Pokémon.)</i>",,Lx2,F-20,1,0.22,0.49,4.98,0.51,,Reverse Holofoil,
113689,Golbat,Golbat,https://tcgplayer-cdn.tcgplayer.com/product/113689_200w.jpg,3,1728,https://cpt.tcgcsv.com/PtW,2024-07-26T19:16:33.523,1,31/83,Uncommon,Psychic,70,Stage 1,"[1] Swoop Across
<br>This attack does 10 damage to each of your opponent's Pokémon. <i>(Don't apply Weakness and Resistance for Benched Pokémon.)</i>",,Lx2,F-20,0,0.05,0.28,1.81,0.27,0.2,Normal,"<b>Ability — Sneaky Bite</b>
<br>When you play this Pokémon from your hand to evolve 1 of your Pokémon, you may put 2 damage counters on 1 of your opponent's Pokémon."
113689,Golbat,Golbat,https://tcgplayer-cdn.tcgplayer.com/product/113689_200w.jpg,3,1728,https://cpt.tcgcsv.com/PtW,2024-07-26T19:16:33.523,1,31/83,Uncommon,Psychic,70,Stage 1,"[1] Swoop Across
<br>This attack does 10 damage to each of your opponent's Pokémon. <i>(Don't apply Weakness and Resistance for Benched Pokémon.)</i>",,Lx2,F-20,0,0.26,0.61,4.98,1.14,1.0,Reverse Holofoil,"<b>Ability — Sneaky Bite</b>
<br>When you play this Pokémon from your hand to evolve 1 of your Pokémon, you may put 2 damage counters on 1 of your opponent's Pokémon."
113690,Slowpoke,Slowpoke,https://tcgplayer-cdn.tcgplayer.com/product/113690_200w.jpg,3,1728,https://cpt.tcgcsv.com/QtW,2024-07-26T19:16:33.613,1,32/83,Common,Psychic,50,Basic,"[1] Spacing Out
<br>Flip a coin. If heads, heal 10 damage from this Pokemon.","[PP] Scavenge 
<br>Discard 1 Psychic Energy card attached to this Pokemon. If you do, put an item card from your discard pile into your hand.",Px2,None,1,0.05,0.3,1.49,0.32,,Normal,
113690,Slowpoke,Slowpoke,https://tcgplayer-cdn.tcgplayer.com/product/113690_200w.jpg,3,1728,https://cpt.tcgcsv.com/QtW,2024-07-26T19:16:33.613,1,32/83,Common,Psychic,50,Basic,"[1] Spacing Out
<br>Flip a coin. If heads, heal 10 damage from this Pokemon.","[PP] Scavenge 
<br>Discard 1 Psychic Energy card attached to this Pokemon. If you do, put an item card from your discard pile into your hand.",Px2,None,1,0.45,1.07,4.98,1.11,1.99,Reverse Holofoil,
113691,Gastly,Gastly,https://tcgplayer-cdn.tcgplayer.com/product/113691_200w.jpg,3,1728,https://cpt.tcgcsv.com/RtW,2022-12-14T16:43:12.913,1,33/83,Common,Psychic,50,Basic,"[P] Sleep Poison
<br>Flip a coin. If heads, your opponent's Active Pokémon is now Asleep and Poisoned.",,Dx2,F-20,1,0.15,0.31,1.49,0.36,,Normal,
113691,Gastly,Gastly,https://tcgplayer-cdn.tcgplayer.com/product/113691_200w.jpg,3,1728,https://cpt.tcgcsv.com/RtW,2022-12-14T16:43:12.913,1,33/83,Common,Psychic,50,Basic,"[P] Sleep Poison
<br>Flip a coin. If heads, your opponent's Active Pokémon is now Asleep and Poisoned.",,Dx2,F-20,1,0.87,2.17,7.77,2.55,,Reverse Holofoil,
113692,Haunter,Haunter,https://tcgplayer-cdn.tcgplayer.com/product/113692_200w.jpg,3,1728,https://cpt.tcgcsv.com/StW,2023-08-11T15:19:37.397,1,34/83,Uncommon,Psychic,70,Stage 1,"[1P] Poison Ring
<br>Your opponent's Active Pokémon is now Poisoned. That Pokémon can't retreat during your opponent's next turn.",,Dx2,F-20,1,0.1,0.49,1.99,0.55,0.35,Normal,"<b>Ability — Gothic Fear</b>
<br>When you play this Pokémon from your hand to evolve 1 of your Pokémon, you may leave both Active Pokémon Confused."
113692,Haunter,Haunter,https://tcgplayer-cdn.tcgplayer.com/product/113692_200w.jpg,3,1728,https://cpt.tcgcsv.com/StW,2023-08-11T15:19:37.397,1,34/83,Uncommon,Psychic,70,Stage 1,"[1P] Poison Ring
<br>Your opponent's Active Pokémon is now Poisoned. That Pokémon can't retreat during your opponent's next turn.",,Dx2,F-20,1,0.75,2.32,9.98,2.33,,Reverse Holofoil,"<b>Ability — Gothic Fear</b>
<br>When you play this Pokémon from your hand to evolve 1 of your Pokémon, you may leave both Active Pokémon Confused."
113693,Gengar,Gengar,https://tcgplayer-cdn.tcgplayer.com/product/113693_200w.jpg,3,1728,https://cpt.tcgcsv.com/TtW,2022-12-14T16:43:25.053,1,35/83,Holo Rare,Psychic,130,Stage 2,"[P] Sinister Fog
<br>Your opponent's Active Pokémon is now Poisoned. Put 1 damage counter on each of your opponent's Benched Pokémon.","[1P] Creep Show
<br>If your opponent's Active Pokémon has 3 or more damage counters on it, that Pokémon is Knocked Out.",Dx2,F-20,0,20.0,35.3,39.95,14.39,,Holofoil,
113693,Gengar,Gengar,https://tcgplayer-cdn.tcgplayer.com/product/113693_200w.jpg,3,1728,https://cpt.tcgcsv.com/TtW,2022-12-14T16:43:25.053,1,35/83,Holo Rare,Psychic,130,Stage 2,"[P] Sinister Fog
<br>Your opponent's Active Pokémon is now Poisoned. Put 1 damage counter on each of your opponent's Benched Pokémon.","[1P] Creep Show
<br>If your opponent's Active Pokémon has 3 or more damage counters on it, that Pokémon is Knocked Out.",Dx2,F-20,0,10.6,20.56,33.88,18.55,,Reverse Holofoil,
113694,Jynx,Jynx,https://tcgplayer-cdn.tcgplayer.com/product/113694_200w.jpg,3,1728,https://cpt.tcgcsv.com/VtW,2024-07-26T19:16:33.66,1,36/83,Rare,Psychic,70,Basic,"[2P] Hug (30)
<br>The Defending Pokémon can't retreat during your opponent's next turn.",,Px2,None,1,0.12,0.38,2.98,0.39,,Normal,"<b>Ability — Victory Kiss</b>
<br>Once during your turn (before your attack), if this Pokémon is on your Bench, you may heal 10 damage from your Active Pokémon."
113694,Jynx,Jynx,https://tcgplayer-cdn.tcgplayer.com/product/113694_200w.jpg,3,1728,https://cpt.tcgcsv.com/VtW,2024-07-26T19:16:33.66,1,36/83,Rare,Psychic,70,Basic,"[2P] Hug (30)
<br>The Defending Pokémon can't retreat during your opponent's next turn.",,Px2,None,1,0.27,0.62,4.98,0.61,,Reverse Holofoil,"<b>Ability — Victory Kiss</b>
<br>Once during your turn (before your attack), if this Pokémon is on your Bench, you may heal 10 damage from your Active Pokémon."
113695,Meowstic EX,Meowstic EX,https://tcgplayer-cdn.tcgplayer.com/product/113695_200w.jpg,3,1728,https://cpt.tcgcsv.com/WtW,2022-12-14T16:43:36.797,1,37/83,Ultra Rare,Psychic,160,Basic,"[1P] Mind Shock (60)
<br>This attack's damage isn't affected by Weakness or Resistance.",,Px2,None,1,1.0,3.14,9.99,3.14,3.32,Holofoil,"<b>Ability — Shadow Ear</b>
<br>Once during your turn <em>(before you attack)</em>, if this Pokémon is your Active Pokémon, you may move 1 damage counter from 1 of your Pokémon to 1 of your opponent's Pokémon."
113696,Diglett,Diglett,https://tcgplayer-cdn.tcgplayer.com/product/113696_200w.jpg,3,1728,https://cpt.tcgcsv.com/XtW,2025-04-03T04:50:32.08,1,38/83,Common,Fighting,50,Basic,"[F] Mine
<br>Look at the top card of your opponent's deck. Then, you may have your opponent shuffle his or her deck.",[1F] Mud-Slap (20),Gx2,None,1,0.17,0.32,1.53,0.37,,Normal,
113696,Diglett,Diglett,https://tcgplayer-cdn.tcgplayer.com/product/113696_200w.jpg,3,1728,https://cpt.tcgcsv.com/XtW,2025-04-03T04:50:32.08,1,38/83,Common,Fighting,50,Basic,"[F] Mine
<br>Look at the top card of your opponent's deck. Then, you may have your opponent shuffle his or her deck.",[1F] Mud-Slap (20),Gx2,None,1,0.5,1.52,9.98,1.52,,Reverse Holofoil,
113697,Dugtrio,Dugtrio,https://tcgplayer-cdn.tcgplayer.com/product/113697_200w.jpg,3,1728,https://cpt.tcgcsv.com/ZtW,2022-12-14T16:43:49.143,1,39/83,Rare,Fighting,90,Stage 1,"[F] Earthquake (60)
<br>This attack does 10 damage to each of your Benched Pokémon. <i>(Don't apply Weakness and Resistance for Benched Pokémon.)</i>","[2F] Rock Tumble (60)
<br>This attack's damage isn't affected by Resistance.",Gx2,None,1,0.08,0.32,1.49,0.32,0.25,Normal,
113697,Dugtrio,Dugtrio,https://tcgplayer-cdn.tcgplayer.com/product/113697_200w.jpg,3,1728,https://cpt.tcgcsv.com/ZtW,2022-12-14T16:43:49.143,1,39/83,Rare,Fighting,90,Stage 1,"[F] Earthquake (60)
<br>This attack does 10 damage to each of your Benched Pokémon. <i>(Don't apply Weakness and Resistance for Benched Pokémon.)</i>","[2F] Rock Tumble (60)
<br>This attack's damage isn't affected by Resistance.",Gx2,None,1,0.2,0.49,3.86,0.5,,Reverse Holofoil,
113698,Machop,Machop,https://tcgplayer-cdn.tcgplayer.com/product/113698_200w.jpg,3,1728,https://cpt.tcgcsv.com/-tW,2024-07-26T19:16:33.697,1,40/83,Common,Fighting,70,Basic,[F] Knuckle Punch (10),,Px2,None,2,0.1,0.2,1.49,0.19,0.15,Normal,
113698,Machop,Machop,https://tcgplayer-cdn.tcgplayer.com/product/113698_200w.jpg,3,1728,https://cpt.tcgcsv.com/-tW,2024-07-26T19:16:33.697,1,40/83,Common,Fighting,70,Basic,[F] Knuckle Punch (10),,Px2,None,2,0.28,0.5,2.49,0.54,,Reverse Holofoil,
113699,Machoke,Machoke,https://tcgplayer-cdn.tcgplayer.com/product/113699_200w.jpg,3,1728,https://cpt.tcgcsv.com/_tW,2022-12-14T16:44:26.917,1,41/83,Uncommon,Fighting,90,Stage 1,[FF] Beatdown (40),,Px2,None,2,0.14,0.25,1.49,0.23,,Normal,
113699,Machoke,Machoke,https://tcgplayer-cdn.tcgplayer.com/product/113699_200w.jpg,3,1728,https://cpt.tcgcsv.com/_tW,2022-12-14T16:44:26.917,1,41/83,Uncommon,Fighting,90,Stage 1,[FF] Beatdown (40),,Px2,None,2,0.25,0.5,2.0,0.5,,Reverse Holofoil,
113700,Machamp,Machamp,https://tcgplayer-cdn.tcgplayer.com/product/113700_200w.jpg,3,1728,https://cpt.tcgcsv.com/0vW,2022-12-14T16:44:32.63,1,42/83,Holo Rare,Fighting,150,Stage 2,"[FFF] Machamp Crush (80)
<br>During your opponent's next turn, any damage done by attacks from the Defending Pokémon is reduced by 40 <i>(before applying Weakness and Resistance).</i>",,Px2,None,2,0.7,1.28,9.98,1.31,,Holofoil,"<b>Ability — Fighting Fury</b>
<br>Each of your Fighting Pokemon's attacks do 20 more damage to your opponent's Active Pokemon <em>(before applying Weakness and Resistance)</em>."
113700,Machamp,Machamp,https://tcgplayer-cdn.tcgplayer.com/product/113700_200w.jpg,3,1728,https://cpt.tcgcsv.com/0vW,2022-12-14T16:44:32.63,1,42/83,Holo Rare,Fighting,150,Stage 2,"[FFF] Machamp Crush (80)
<br>During your opponent's next turn, any damage done by attacks from the Defending Pokémon is reduced by 40 <i>(before applying Weakness and Resistance).</i>",,Px2,None,2,1.21,1.67,4.74,1.65,,Reverse Holofoil,"<b>Ability — Fighting Fury</b>
<br>Each of your Fighting Pokemon's attacks do 20 more damage to your opponent's Active Pokemon <em>(before applying Weakness and Resistance)</em>."
113701,Geodude,Geodude,https://tcgplayer-cdn.tcgplayer.com/product/113701_200w.jpg,3,1728,https://cpt.tcgcsv.com/2vW,2024-07-26T19:16:33.743,1,43/83,Common,Fighting,60,Basic,[F] Rollout (10),"[2] Flail (10x)
<br>This attack does 10 damage times the number of damage counters on this Pokémon.",Gx2,None,2,0.05,0.22,1.49,0.16,,Normal,
113701,Geodude,Geodude,https://tcgplayer-cdn.tcgplayer.com/product/113701_200w.jpg,3,1728,https://cpt.tcgcsv.com/2vW,2024-07-26T19:16:33.743,1,43/83,Common,Fighting,60,Basic,[F] Rollout (10),"[2] Flail (10x)
<br>This attack does 10 damage times the number of damage counters on this Pokémon.",Gx2,None,2,0.23,0.53,4.98,0.57,,Reverse Holofoil,
113702,Graveler,Graveler,https://tcgplayer-cdn.tcgplayer.com/product/113702_200w.jpg,3,1728,https://cpt.tcgcsv.com/3vW,2022-12-14T16:44:46.457,1,44/83,Uncommon,Fighting,100,Stage 1,"[3] Double-Edge (60)
<br>This Pokémon does 20 damage to itself.",[2FF] Rollout (80),Gx2,None,3,0.1,0.28,1.49,0.25,0.27,Normal,
113702,Graveler,Graveler,https://tcgplayer-cdn.tcgplayer.com/product/113702_200w.jpg,3,1728,https://cpt.tcgcsv.com/3vW,2022-12-14T16:44:46.457,1,44/83,Uncommon,Fighting,100,Stage 1,"[3] Double-Edge (60)
<br>This Pokémon does 20 damage to itself.",[2FF] Rollout (80),Gx2,None,3,0.1,0.42,2.49,0.42,,Reverse Holofoil,
113703,Golem,Golem,https://tcgplayer-cdn.tcgplayer.com/product/113703_200w.jpg,3,1728,https://cpt.tcgcsv.com/5vW,2022-12-14T16:44:52.543,1,45/83,Holo Rare,Fighting,150,Stage 2,"[1FF] Stone Edge (60+)
<br>Flip a coin. If heads, this attack 30 more damage.","[2FF] Explosion (150)
<br>This Pokemon does 100 damage to itself.",Gx2,None,3,0.66,1.25,5.47,1.29,,Holofoil,
113703,Golem,Golem,https://tcgplayer-cdn.tcgplayer.com/product/113703_200w.jpg,3,1728,https://cpt.tcgcsv.com/5vW,2022-12-14T16:44:52.543,1,45/83,Holo Rare,Fighting,150,Stage 2,"[1FF] Stone Edge (60+)
<br>Flip a coin. If heads, this attack 30 more damage.","[2FF] Explosion (150)
<br>This Pokemon does 100 damage to itself.",Gx2,None,3,1.38,1.91,2.4,1.91,,Reverse Holofoil,
113704,Golem EX,Golem EX,https://tcgplayer-cdn.tcgplayer.com/product/113704_200w.jpg,3,1728,https://cpt.tcgcsv.com/6vW,2024-05-07T12:24:56.41,1,46/83,Ultra Rare,Fighting,180,Basic,[1FF] Boulder Crush (80),"[1FFF] Megaton Fall (180)
<br>This Pokemon does 60 damage to itself.",Gx2,None,4,0.99,1.77,9.95,1.61,,Holofoil,
113705,Hitmonlee,Hitmonlee,https://tcgplayer-cdn.tcgplayer.com/product/113705_200w.jpg,3,1728,https://cpt.tcgcsv.com/7vW,2022-12-14T16:45:06.04,1,47/83,Rare,Fighting,90,Basic,"[F] Stretch Kick
<br>This attack does 30 damage to 1 of your opponent's Benched Pokémon.<i> (Don't apply Weakness and Resistance for Benched Pokémon.)</i>",[FF] Spiral Kick (30),Px2,None,1,0.2,0.42,3.95,0.42,,Normal,
113705,Hitmonlee,Hitmonlee,https://tcgplayer-cdn.tcgplayer.com/product/113705_200w.jpg,3,1728,https://cpt.tcgcsv.com/7vW,2022-12-14T16:45:06.04,1,47/83,Rare,Fighting,90,Basic,"[F] Stretch Kick
<br>This attack does 30 damage to 1 of your opponent's Benched Pokémon.<i> (Don't apply Weakness and Resistance for Benched Pokémon.)</i>",[FF] Spiral Kick (30),Px2,None,1,0.35,0.9,8.83,0.94,,Reverse Holofoil,
113706,Hitmonchan,Hitmonchan,https://tcgplayer-cdn.tcgplayer.com/product/113706_200w.jpg,3,1728,https://cpt.tcgcsv.com/8vW,2022-12-14T16:45:11.887,1,48/83,Rare,Fighting,90,Basic,"[2] Bullet Punch (20+)
<br>Flip 2 coins. This attack does 20 more damage for each heads.",[2F] Mach Cross (60),Px2,None,1,0.13,0.3,2.0,0.29,,Normal,
113706,Hitmonchan,Hitmonchan,https://tcgplayer-cdn.tcgplayer.com/product/113706_200w.jpg,3,1728,https://cpt.tcgcsv.com/8vW,2022-12-14T16:45:11.887,1,48/83,Rare,Fighting,90,Basic,"[2] Bullet Punch (20+)
<br>Flip 2 coins. This attack does 20 more damage for each heads.",[2F] Mach Cross (60),Px2,None,1,0.33,0.62,4.23,0.61,,Reverse Holofoil,
113707,Rhyhorn,Rhyhorn,https://tcgplayer-cdn.tcgplayer.com/product/113707_200w.jpg,3,1728,https://cpt.tcgcsv.com/9vW,2022-12-14T16:45:17.523,1,49/83,Common,Fighting,80,Basic,"[FF] Take Down (40)
<br>This Pokemon does 10 damage to itself.",,Gx2,None,1,0.05,0.2,1.49,0.12,0.12,Normal,
113707,Rhyhorn,Rhyhorn,https://tcgplayer-cdn.tcgplayer.com/product/113707_200w.jpg,3,1728,https://cpt.tcgcsv.com/9vW,2022-12-14T16:45:17.523,1,49/83,Common,Fighting,80,Basic,"[FF] Take Down (40)
<br>This Pokemon does 10 damage to itself.",,Gx2,None,1,0.15,0.5,4.99,0.51,,Reverse Holofoil,
113708,Clefairy,Clefairy,https://tcgplayer-cdn.tcgplayer.com/product/113708_200w.jpg,3,1728,https://cpt.tcgcsv.com/bvW,2022-12-14T16:45:23.977,1,50/83,Common,Fairy,60,Basic,"[1] Moonlight
<br>Heal 30 damage from this Pokemon.",[1Y] Pound (20),Mx2,D-20,1,0.17,0.44,1.49,0.48,,Normal,
113708,Clefairy,Clefairy,https://tcgplayer-cdn.tcgplayer.com/product/113708_200w.jpg,3,1728,https://cpt.tcgcsv.com/bvW,2022-12-14T16:45:23.977,1,50/83,Common,Fairy,60,Basic,"[1] Moonlight
<br>Heal 30 damage from this Pokemon.",[1Y] Pound (20),Mx2,D-20,1,0.49,2.99,9.98,2.4,,Reverse Holofoil,
113709,Clefable,Clefable,https://tcgplayer-cdn.tcgplayer.com/product/113709_200w.jpg,3,1728,https://cpt.tcgcsv.com/cvW,2022-12-14T16:45:29.833,1,51/83,Uncommon,Fairy,90,Stage 1,"[1] Follow Me
<br>Switch 1 of your opponent's Benched Pokemon with your opponent's Active Pokemon.","[1Y] Moonlight (30)
<br>During your opponent's next turn, any damage done by attacks from the Defending Pokémon is reduced by 30 <i>(before applying Weakness and Resistance).</i>",Mx2,D-20,2,0.1,0.32,1.49,0.35,0.25,Normal,
113709,Clefable,Clefable,https://tcgplayer-cdn.tcgplayer.com/product/113709_200w.jpg,3,1728,https://cpt.tcgcsv.com/cvW,2022-12-14T16:45:29.833,1,51/83,Uncommon,Fairy,90,Stage 1,"[1] Follow Me
<br>Switch 1 of your opponent's Benched Pokemon with your opponent's Active Pokemon.","[1Y] Moonlight (30)
<br>During your opponent's next turn, any damage done by attacks from the Defending Pokémon is reduced by 30 <i>(before applying Weakness and Resistance).</i>",Mx2,D-20,2,0.2,0.71,4.98,0.71,,Reverse Holofoil,
113710,Mr. Mime,Mr Mime,https://tcgplayer-cdn.tcgplayer.com/product/113710_200w.jpg,3,1728,https://cpt.tcgcsv.com/dvW,2022-12-14T16:45:36.067,1,52/83,Uncommon,Fairy,70,Basic,"[1Y] Juggling (10x)
<br>Flip 4 coins. This attack does 10 damage times the number of heads.",,Mx2,D-20,1,0.15,0.36,1.57,0.36,0.54,Normal,"<b>Ability — Bench Barrier</b>
<br>Prevent all damage done to your Benched Pokemon by attacks."
113710,Mr. Mime,Mr Mime,https://tcgplayer-cdn.tcgplayer.com/product/113710_200w.jpg,3,1728,https://cpt.tcgcsv.com/dvW,2022-12-14T16:45:36.067,1,52/83,Uncommon,Fairy,70,Basic,"[1Y] Juggling (10x)
<br>Flip 4 coins. This attack does 10 damage times the number of heads.",,Mx2,D-20,1,0.2,0.85,9.99,0.91,,Reverse Holofoil,"<b>Ability — Bench Barrier</b>
<br>Prevent all damage done to your Benched Pokemon by attacks."
113711,Meowth,Meowth,https://tcgplayer-cdn.tcgplayer.com/product/113711_200w.jpg,3,1728,https://cpt.tcgcsv.com/fvW,2022-12-14T16:45:41.94,1,53/83,Common,Colorless,60,Basic,"[1] Exhausted Tackle
<br>Flip a coin. If heads, this attack does 30 damage to your opponent's Active Pokémon. If tails, this Pokémon does 30 damage to itself.",,Fx2,None,1,0.05,0.22,1.49,0.2,,Normal,
113711,Meowth,Meowth,https://tcgplayer-cdn.tcgplayer.com/product/113711_200w.jpg,3,1728,https://cpt.tcgcsv.com/fvW,2022-12-14T16:45:41.94,1,53/83,Common,Colorless,60,Basic,"[1] Exhausted Tackle
<br>Flip a coin. If heads, this attack does 30 damage to your opponent's Active Pokémon. If tails, this Pokémon does 30 damage to itself.",,Fx2,None,1,0.19,0.72,4.98,0.73,,Reverse Holofoil,
113712,Persian,Persian,https://tcgplayer-cdn.tcgplayer.com/product/113712_200w.jpg,3,1728,https://cpt.tcgcsv.com/gvW,2024-07-26T19:16:33.793,1,54/83,Uncommon,Colorless,90,Stage 1,"[1] Fake Out (30)
<br>Flip a coin. If heads, your opponent's Active Pokémon is now Paralyzed.","[2] Ambush (40+)
<br>Flip a coin. If heads, this attack does 30 more damage.",Fx2,None,1,0.09,0.26,1.49,0.24,,Normal,
113712,Persian,Persian,https://tcgplayer-cdn.tcgplayer.com/product/113712_200w.jpg,3,1728,https://cpt.tcgcsv.com/gvW,2024-07-26T19:16:33.793,1,54/83,Uncommon,Colorless,90,Stage 1,"[1] Fake Out (30)
<br>Flip a coin. If heads, your opponent's Active Pokémon is now Paralyzed.","[2] Ambush (40+)
<br>Flip a coin. If heads, this attack does 30 more damage.",Fx2,None,1,0.21,0.5,2.98,0.58,,Reverse Holofoil,
113713,Doduo,Doduo,https://tcgplayer-cdn.tcgplayer.com/product/113713_200w.jpg,3,1728,https://cpt.tcgcsv.com/hvW,2023-09-16T04:32:37.167,1,55/83,Common,Colorless,60,Basic,"[1] Double Stab (10x)
<br>Flip 2 coins. This attack does 10 damage times the number of heads.","[2] Doduo Delivery
<br>Draw 2 cards.",Lx2,F-20,1,0.09,0.24,1.49,0.22,,Normal,
113713,Doduo,Doduo,https://tcgplayer-cdn.tcgplayer.com/product/113713_200w.jpg,3,1728,https://cpt.tcgcsv.com/hvW,2023-09-16T04:32:37.167,1,55/83,Common,Colorless,60,Basic,"[1] Double Stab (10x)
<br>Flip 2 coins. This attack does 10 damage times the number of heads.","[2] Doduo Delivery
<br>Draw 2 cards.",Lx2,F-20,1,0.19,0.49,9.98,0.53,,Reverse Holofoil,
113714,Dodrio,Dodrio,https://tcgplayer-cdn.tcgplayer.com/product/113714_200w.jpg,3,1728,https://cpt.tcgcsv.com/jvW,2022-12-14T16:46:02.517,1,56/83,Rare,Colorless,90,Stage 1,"[3] Fury Attack (40x)
<br>Flip 3 coins. This attack does 40 damage times the number of heads.",,Lx2,F-20,1,0.05,0.36,1.49,0.34,,Normal,"<b>Ability — Retreat Aid</b>
<br>As long as this Pokémon is on your Bench, your Active Pokémon's Retreat Cost is 2 less."
113714,Dodrio,Dodrio,https://tcgplayer-cdn.tcgplayer.com/product/113714_200w.jpg,3,1728,https://cpt.tcgcsv.com/jvW,2022-12-14T16:46:02.517,1,56/83,Rare,Colorless,90,Stage 1,"[3] Fury Attack (40x)
<br>Flip 3 coins. This attack does 40 damage times the number of heads.",,Lx2,F-20,1,0.2,1.0,9.98,1.21,,Reverse Holofoil,"<b>Ability — Retreat Aid</b>
<br>As long as this Pokémon is on your Bench, your Active Pokémon's Retreat Cost is 2 less."
113715,Tauros,Tauros,https://tcgplayer-cdn.tcgplayer.com/product/113715_200w.jpg,3,1728,https://cpt.tcgcsv.com/kvW,2022-12-14T16:46:11.31,1,57/83,Rare,Colorless,110,Basic,"[1] Take Down (30)
<br>This Pokemon does 10 damage to itself.","[3] Seething Anger (30x)
<br>Flip a coin for each damage counter on this Pokémon. This attack does 30 damage times the number of heads.",Fx2,None,2,0.15,0.42,1.99,0.45,,Normal,
113715,Tauros,Tauros,https://tcgplayer-cdn.tcgplayer.com/product/113715_200w.jpg,3,1728,https://cpt.tcgcsv.com/kvW,2022-12-14T16:46:11.31,1,57/83,Rare,Colorless,110,Basic,"[1] Take Down (30)
<br>This Pokemon does 10 damage to itself.","[3] Seething Anger (30x)
<br>Flip a coin for each damage counter on this Pokémon. This attack does 30 damage times the number of heads.",Fx2,None,2,0.1,0.61,3.98,0.78,,Reverse Holofoil,
113716,Snorlax,Snorlax,https://tcgplayer-cdn.tcgplayer.com/product/113716_200w.jpg,3,1728,https://cpt.tcgcsv.com/lvW,2022-12-14T16:46:21.933,1,58/83,Rare,Colorless,130,Basic,"[4] Sleepy Press (120)
<br>Heal 20 damage from this Pokémon. This Pokémon is now Asleep.",,Fx2,None,4,0.65,1.02,9.63,1.3,,Normal,"<b>Ability — Stir and Snooze</b>
<br>If this Pokémon is Asleep, flip 2 coins instead of 1 between turns. If either of them is tails, this Pokémon is still Asleep."
113716,Snorlax,Snorlax,https://tcgplayer-cdn.tcgplayer.com/product/113716_200w.jpg,3,1728,https://cpt.tcgcsv.com/lvW,2022-12-14T16:46:21.933,1,58/83,Rare,Colorless,130,Basic,"[4] Sleepy Press (120)
<br>Heal 20 damage from this Pokémon. This Pokémon is now Asleep.",,Fx2,None,4,1.78,4.36,9.24,4.55,,Reverse Holofoil,"<b>Ability — Stir and Snooze</b>
<br>If this Pokémon is Asleep, flip 2 coins instead of 1 between turns. If either of them is tails, this Pokémon is still Asleep."
113717,Clemont,Clemont,https://tcgplayer-cdn.tcgplayer.com/product/113717_200w.jpg,3,1728,https://cpt.tcgcsv.com/mvW,2024-07-26T19:16:33.823,1,59/83,Uncommon,Supporter,,,,,,,,0.1,0.27,1.49,0.21,0.39,Normal,"Search your deck for up to 4 Lightning Energy cards, reveal them, and put them into your hand. Shuffle your deck afterward."
113717,Clemont,Clemont,https://tcgplayer-cdn.tcgplayer.com/product/113717_200w.jpg,3,1728,https://cpt.tcgcsv.com/mvW,2024-07-26T19:16:33.823,1,59/83,Uncommon,Supporter,,,,,,,,0.16,0.41,2.98,0.38,,Reverse Holofoil,"Search your deck for up to 4 Lightning Energy cards, reveal them, and put them into your hand. Shuffle your deck afterward."
113718,Crushing Hammer,Crushing Hammer,https://tcgplayer-cdn.tcgplayer.com/product/113718_200w.jpg,3,1728,https://cpt.tcgcsv.com/nvW,2024-07-26T19:16:33.853,1,60/83,Uncommon,Item,,,,,,,,0.09,0.27,1.65,0.24,,Normal,"Flip a coin. If heads, discard an Energy attached to 1 of your opponent's Pokémon."
113718,Crushing Hammer,Crushing Hammer,https://tcgplayer-cdn.tcgplayer.com/product/113718_200w.jpg,3,1728,https://cpt.tcgcsv.com/nvW,2024-07-26T19:16:33.853,1,60/83,Uncommon,Item,,,,,,,,0.15,0.72,3.98,0.72,,Reverse Holofoil,"Flip a coin. If heads, discard an Energy attached to 1 of your opponent's Pokémon."
113719,Energy Switch,Energy Switch,https://tcgplayer-cdn.tcgplayer.com/product/113719_200w.jpg,3,1728,https://cpt.tcgcsv.com/pvW,2024-07-26T19:16:33.923,1,61/83,Uncommon,Item,,,,,,,,0.1,0.25,1.49,0.27,0.25,Normal,Move a basic Energy from 1 of your Pokémon to another of your Pokémon.
113719,Energy Switch,Energy Switch,https://tcgplayer-cdn.tcgplayer.com/product/113719_200w.jpg,3,1728,https://cpt.tcgcsv.com/pvW,2024-07-26T19:16:33.923,1,61/83,Uncommon,Item,,,,,,,,0.15,0.47,1.99,0.47,0.47,Reverse Holofoil,Move a basic Energy from 1 of your Pokémon to another of your Pokémon.
113720,Evosoda,Evosoda,https://tcgplayer-cdn.tcgplayer.com/product/113720_200w.jpg,3,1728,https://cpt.tcgcsv.com/qvW,2023-10-08T13:41:11.187,1,62/83,Uncommon,Item,,,,,,,,0.25,0.61,2.95,0.52,,Normal,Search your deck for a card that evolves from 1 of your Pokémon and put it onto that Pokémon. (This counts as evolving that Pokémon.) Shuffle your deck afterward. You can't use this card during your first turn or on a Pokémon that was put into play this turn.
113720,Evosoda,Evosoda,https://tcgplayer-cdn.tcgplayer.com/product/113720_200w.jpg,3,1728,https://cpt.tcgcsv.com/qvW,2023-10-08T13:41:11.187,1,62/83,Uncommon,Item,,,,,,,,1.32,3.11,6.47,3.15,,Reverse Holofoil,Search your deck for a card that evolves from 1 of your Pokémon and put it onto that Pokémon. (This counts as evolving that Pokémon.) Shuffle your deck afterward. You can't use this card during your first turn or on a Pokémon that was put into play this turn.
113721,Imakuni?,Imakuni,https://tcgplayer-cdn.tcgplayer.com/product/113721_200w.jpg,3,1728,https://cpt.tcgcsv.com/rvW,2023-08-13T17:06:28.403,1,63/83,Uncommon,Supporter,,,,,,,,8.5,11.95,28.99,5.14,19.97,Normal,Your Active Pokémon is now Confused. This card cannot be put down on the field as a Pokémon.
113721,Imakuni?,Imakuni,https://tcgplayer-cdn.tcgplayer.com/product/113721_200w.jpg,3,1728,https://cpt.tcgcsv.com/rvW,2023-08-13T17:06:28.403,1,63/83,Uncommon,Supporter,,,,,,,,18.0,21.48,48.5,4.1,,Reverse Holofoil,Your Active Pokémon is now Confused. This card cannot be put down on the field as a Pokémon.
113722,Maintenance,Maintenance,https://tcgplayer-cdn.tcgplayer.com/product/113722_200w.jpg,3,1728,https://cpt.tcgcsv.com/svW,2022-12-14T16:47:33.993,1,64/83,Uncommon,Item,,,,,,,,0.05,0.21,1.49,0.15,0.15,Normal,"Shuffle 2 cards from your hand into your deck. (If you can't shuffle 2 cards into your deck, you can't play this card.) Then, draw a card."
113722,Maintenance,Maintenance,https://tcgplayer-cdn.tcgplayer.com/product/113722_200w.jpg,3,1728,https://cpt.tcgcsv.com/svW,2022-12-14T16:47:33.993,1,64/83,Uncommon,Item,,,,,,,,0.1,0.33,5.0,0.32,0.25,Reverse Holofoil,"Shuffle 2 cards from your hand into your deck. (If you can't shuffle 2 cards into your deck, you can't play this card.) Then, draw a card."
113723,Max Revive,Max Revive,https://tcgplayer-cdn.tcgplayer.com/product/113723_200w.jpg,3,1728,https://cpt.tcgcsv.com/tvW,2023-06-20T07:35:02.383,1,65/83,Uncommon,Item,,,,,,,,0.09,0.25,8.24,0.23,0.25,Normal,Discard 2 Energy cards from your hand in order to put 1 Basic Pokémon from your discard pile onto your Bench. <em>(You can't play Max Revive if your Bench is full.)</em>
113723,Max Revive,Max Revive,https://tcgplayer-cdn.tcgplayer.com/product/113723_200w.jpg,3,1728,https://cpt.tcgcsv.com/tvW,2023-06-20T07:35:02.383,1,65/83,Uncommon,Item,,,,,,,,0.07,0.4,2.0,0.36,0.31,Reverse Holofoil,Discard 2 Energy cards from your hand in order to put 1 Basic Pokémon from your discard pile onto your Bench. <em>(You can't play Max Revive if your Bench is full.)</em>
113724,Olympia,Olympia,https://tcgplayer-cdn.tcgplayer.com/product/113724_200w.jpg,3,1728,https://cpt.tcgcsv.com/vvW,2023-11-21T16:40:57.257,1,66/83,Uncommon,Supporter,,,,,,,,0.15,0.25,1.49,0.24,0.2,Normal,"Switch your Active Pokémon with 1 of your Benched Pokémon. If you do, heal 30 damage from the Pokémon you moved to your Bench."
113724,Olympia,Olympia,https://tcgplayer-cdn.tcgplayer.com/product/113724_200w.jpg,3,1728,https://cpt.tcgcsv.com/vvW,2023-11-21T16:40:57.257,1,66/83,Uncommon,Supporter,,,,,,,,0.19,0.57,3.94,0.57,0.3,Reverse Holofoil,"Switch your Active Pokémon with 1 of your Benched Pokémon. If you do, heal 30 damage from the Pokémon you moved to your Bench."
113725,Poke Ball,Poke Ball,https://tcgplayer-cdn.tcgplayer.com/product/113725_200w.jpg,3,1728,https://cpt.tcgcsv.com/wvW,2024-07-26T19:16:33.983,1,67/83,Uncommon,Item,,,,,,,,0.01,0.2,1.49,0.12,0.1,Normal,"Flip a coin. If heads, search your deck for a Pokémon, reveal it, and put it into your hand. Shuffle your deck afterward."
113725,Poke Ball,Poke Ball,https://tcgplayer-cdn.tcgplayer.com/product/113725_200w.jpg,3,1728,https://cpt.tcgcsv.com/wvW,2024-07-26T19:16:33.983,1,67/83,Uncommon,Item,,,,,,,,0.2,0.33,1.51,0.31,0.2,Reverse Holofoil,"Flip a coin. If heads, search your deck for a Pokémon, reveal it, and put it into your hand. Shuffle your deck afterward."
113726,Pokemon Center Lady,Pokemon Center Lady,https://tcgplayer-cdn.tcgplayer.com/product/113726_200w.jpg,3,1728,https://cpt.tcgcsv.com/xvW,2022-12-14T16:48:03.257,1,68/83,Uncommon,Supporter,,,,,,,,0.01,0.25,2.02,0.2,0.25,Normal,Heal 60 damage and remove all Special Conditions from 1 of your Pokémon.
113726,Pokemon Center Lady,Pokemon Center Lady,https://tcgplayer-cdn.tcgplayer.com/product/113726_200w.jpg,3,1728,https://cpt.tcgcsv.com/xvW,2022-12-14T16:48:03.257,1,68/83,Uncommon,Supporter,,,,,,,,0.13,0.72,3.49,0.82,0.61,Reverse Holofoil,Heal 60 damage and remove all Special Conditions from 1 of your Pokémon.
113727,Pokemon Fan Club,Pokemon Fan Club,https://tcgplayer-cdn.tcgplayer.com/product/113727_200w.jpg,3,1728,https://cpt.tcgcsv.com/zvW,2024-07-26T19:16:34.093,1,69/83,Uncommon,Supporter,,,,,,,,0.08,0.25,1.49,0.18,,Normal,"Search your deck for up to 2 Basic Pokémon, reveal them, and put them into your hand. Shuffle your deck afterward."
113727,Pokemon Fan Club,Pokemon Fan Club,https://tcgplayer-cdn.tcgplayer.com/product/113727_200w.jpg,3,1728,https://cpt.tcgcsv.com/zvW,2024-07-26T19:16:34.093,1,69/83,Uncommon,Supporter,,,,,,,,0.1,0.43,10.44,0.49,0.3,Reverse Holofoil,"Search your deck for up to 2 Basic Pokémon, reveal them, and put them into your hand. Shuffle your deck afterward."
113728,Revitalizer,Revitalizer,https://tcgplayer-cdn.tcgplayer.com/product/113728_200w.jpg,3,1728,https://cpt.tcgcsv.com/BvW,2024-07-26T19:16:34.173,1,70/83,Uncommon,Item,,,,,,,,0.5,0.85,3.98,0.85,0.75,Normal,Put 2 Grass Pokémon from your discard pile into your hand.
113728,Revitalizer,Revitalizer,https://tcgplayer-cdn.tcgplayer.com/product/113728_200w.jpg,3,1728,https://cpt.tcgcsv.com/BvW,2024-07-26T19:16:34.173,1,70/83,Uncommon,Item,,,,,,,,0.5,1.07,2.94,1.13,,Reverse Holofoil,Put 2 Grass Pokémon from your discard pile into your hand.
113729,Red Card,Red Card,https://tcgplayer-cdn.tcgplayer.com/product/113729_200w.jpg,3,1728,https://cpt.tcgcsv.com/CvW,2025-03-01T12:40:27.797,1,71/83,Uncommon,Item,,,,,,,,0.2,0.34,1.54,0.34,0.25,Normal,Your opponent shuffles his or her hand into his or her deck and draws 4 cards.
113729,Red Card,Red Card,https://tcgplayer-cdn.tcgplayer.com/product/113729_200w.jpg,3,1728,https://cpt.tcgcsv.com/CvW,2025-03-01T12:40:27.797,1,71/83,Uncommon,Item,,,,,,,,0.25,0.53,2.99,0.59,,Reverse Holofoil,Your opponent shuffles his or her hand into his or her deck and draws 4 cards.
113730,Shauna,Shauna,https://tcgplayer-cdn.tcgplayer.com/product/113730_200w.jpg,3,1728,https://cpt.tcgcsv.com/DvW,2024-10-24T15:59:13.52,1,72/83,Uncommon,Supporter,,,,,,,,0.01,0.2,1.49,0.12,,Normal,"Shuffle your hand into your deck. Then, draw 5 cards."
113730,Shauna,Shauna,https://tcgplayer-cdn.tcgplayer.com/product/113730_200w.jpg,3,1728,https://cpt.tcgcsv.com/DvW,2024-10-24T15:59:13.52,1,72/83,Uncommon,Supporter,,,,,,,,0.14,0.45,2.12,0.42,,Reverse Holofoil,"Shuffle your hand into your deck. Then, draw 5 cards."
113731,Team Flare Grunt,Team Flare Grunt,https://tcgplayer-cdn.tcgplayer.com/product/113731_200w.jpg,3,1728,https://cpt.tcgcsv.com/FvW,2024-03-09T10:10:52.477,1,73/83,Uncommon,Supporter,,,,,,,,0.1,0.4,2.74,0.42,,Normal,Discard an Energy attached to your opponent's Active Pokémon.
113731,Team Flare Grunt,Team Flare Grunt,https://tcgplayer-cdn.tcgplayer.com/product/113731_200w.jpg,3,1728,https://cpt.tcgcsv.com/FvW,2024-03-09T10:10:52.477,1,73/83,Uncommon,Supporter,,,,,,,,0.23,0.78,2.97,0.85,,Reverse Holofoil,Discard an Energy attached to your opponent's Active Pokémon.
113732,Double Colorless Energy,Double Colorless Energy,https://tcgplayer-cdn.tcgplayer.com/product/113732_200w.jpg,3,1728,https://cpt.tcgcsv.com/GvW,2022-12-14T16:50:36.903,1,74/83,Uncommon,Special Colorless Energy,,,,,,,,0.21,0.56,3.15,0.63,0.61,Normal,Double Colorless Energy provides 2 energy.
113732,Double Colorless Energy,Double Colorless Energy,https://tcgplayer-cdn.tcgplayer.com/product/113732_200w.jpg,3,1728,https://cpt.tcgcsv.com/GvW,2022-12-14T16:50:36.903,1,74/83,Uncommon,Special Colorless Energy,,,,,,,,0.26,0.78,9.99,0.9,,Reverse Holofoil,Double Colorless Energy provides 2 energy.
113733,Grass Energy,Grass Energy,https://tcgplayer-cdn.tcgplayer.com/product/113733_200w.jpg,3,1728,https://cpt.tcgcsv.com/HvW,2022-12-14T16:50:43.583,1,75/83,Common,Basic Grass Energy,,,,,,,,0.26,0.68,2.5,0.69,1.0,Normal,
113733,Grass Energy,Grass Energy,https://tcgplayer-cdn.tcgplayer.com/product/113733_200w.jpg,3,1728,https://cpt.tcgcsv.com/HvW,2022-12-14T16:50:43.583,1,75/83,Common,Basic Grass Energy,,,,,,,,3.71,6.2,19.95,6.2,,Reverse Holofoil,
113734,Fire Energy,Fire Energy,https://tcgplayer-cdn.tcgplayer.com/product/113734_200w.jpg,3,1728,https://cpt.tcgcsv.com/JvW,2022-12-14T16:50:49.643,1,76/83,Common,Basic Fire Energy,,,,,,,,0.24,0.7,1.99,0.7,,Normal,
113734,Fire Energy,Fire Energy,https://tcgplayer-cdn.tcgplayer.com/product/113734_200w.jpg,3,1728,https://cpt.tcgcsv.com/JvW,2022-12-14T16:50:49.643,1,76/83,Common,Basic Fire Energy,,,,,,,,4.25,4.79,12.0,4.8,,Reverse Holofoil,
113735,Water Energy,Water Energy,https://tcgplayer-cdn.tcgplayer.com/product/113735_200w.jpg,3,1728,https://cpt.tcgcsv.com/KvW,2022-12-14T16:50:55.203,1,77/83,Common,Basic Water Energy,,,,,,,,0.49,0.93,2.99,0.93,0.54,Normal,
113735,Water Energy,Water Energy,https://tcgplayer-cdn.tcgplayer.com/product/113735_200w.jpg,3,1728,https://cpt.tcgcsv.com/KvW,2022-12-14T16:50:55.203,1,77/83,Common,Basic Water Energy,,,,,,,,2.01,6.0,19.99,5.76,,Reverse Holofoil,
113736,Lightning Energy,Lightning Energy,https://tcgplayer-cdn.tcgplayer.com/product/113736_200w.jpg,3,1728,https://cpt.tcgcsv.com/LvW,2022-12-14T16:51:01.057,1,78/83,Common,Basic Lightning Energy,,,,,,,,0.25,0.57,3.32,0.6,,Normal,
113736,Lightning Energy,Lightning Energy,https://tcgplayer-cdn.tcgplayer.com/product/113736_200w.jpg,3,1728,https://cpt.tcgcsv.com/LvW,2022-12-14T16:51:01.057,1,78/83,Common,Basic Lightning Energy,,,,,,,,2.3,3.31,5.24,3.76,,Reverse Holofoil,
113737,Psychic Energy,Psychic Energy,https://tcgplayer-cdn.tcgplayer.com/product/113737_200w.jpg,3,1728,https://cpt.tcgcsv.com/MvW,2022-12-14T16:51:06.65,1,79/83,Common,Basic Psychic Energy,,,,,,,,0.3,0.64,2.24,0.58,0.73,Normal,
113737,Psychic Energy,Psychic Energy,https://tcgplayer-cdn.tcgplayer.com/product/113737_200w.jpg,3,1728,https://cpt.tcgcsv.com/MvW,2022-12-14T16:51:06.65,1,79/83,Common,Basic Psychic Energy,,,,,,,,3.0,4.72,6.99,4.65,3.84,Reverse Holofoil,
113738,Fighting Energy,Fighting Energy,https://tcgplayer-cdn.tcgplayer.com/product/113738_200w.jpg,3,1728,https://cpt.tcgcsv.com/NvW,2022-12-14T16:51:12.35,1,80/83,Common,Basic Fighting Energy,,,,,,,,0.2,0.42,1.99,0.42,,Normal,
113738,Fighting Energy,Fighting Energy,https://tcgplayer-cdn.tcgplayer.com/product/113738_200w.jpg,3,1728,https://cpt.tcgcsv.com/NvW,2022-12-14T16:51:12.35,1,80/83,Common,Basic Fighting Energy,,,,,,,,3.0,7.0,49.99,2.88,,Reverse Holofoil,
113739,Darkness Energy,Darkness Energy,https://tcgplayer-cdn.tcgplayer.com/product/113739_200w.jpg,3,1728,https://cpt.tcgcsv.com/PvW,2024-07-26T19:16:34.25,1,81/83,Common,Basic Darkness Energy,,,,,,,,0.34,0.74,1.75,0.78,1.0,Normal,
113739,Darkness Energy,Darkness Energy,https://tcgplayer-cdn.tcgplayer.com/product/113739_200w.jpg,3,1728,https://cpt.tcgcsv.com/PvW,2024-07-26T19:16:34.25,1,81/83,Common,Basic Darkness Energy,,,,,,,,3.0,3.87,7.0,4.99,4.85,Reverse Holofoil,
113740,Metal Energy,Metal Energy,https://tcgplayer-cdn.tcgplayer.com/product/113740_200w.jpg,3,1728,https://cpt.tcgcsv.com/QvW,2022-12-14T16:51:27.433,1,82/83,Common,Basic Metal Energy,,,,,,,,0.25,0.61,1.8,0.61,0.3,Normal,
113740,Metal Energy,Metal Energy,https://tcgplayer-cdn.tcgplayer.com/product/113740_200w.jpg,3,1728,https://cpt.tcgcsv.com/QvW,2022-12-14T16:51:27.433,1,82/83,Common,Basic Metal Energy,,,,,,,,3.17,6.05,19.95,6.35,,Reverse Holofoil,
113741,Fairy Energy,Fairy Energy,https://tcgplayer-cdn.tcgplayer.com/product/113741_200w.jpg,3,1728,https://cpt.tcgcsv.com/RvW,2024-07-08T08:46:16.163,1,83/83,Common,Basic Fairy Energy,,,,,,,,0.1,0.4,1.6,0.44,,Normal,
113741,Fairy Energy,Fairy Energy,https://tcgplayer-cdn.tcgplayer.com/product/113741_200w.jpg,3,1728,https://cpt.tcgcsv.com/RvW,2024-07-08T08:46:16.163,1,83/83,Common,Basic Fairy Energy,,,,,,,,3.75,5.0,29.99,4.62,,Reverse Holofoil,
113774,Mythical Pokemon Collection Box [Mew],Mythical Pokemon Collection Box Mew,https://tcgplayer-cdn.tcgplayer.com/product/113774_200w.jpg,3,1728,https://cpt.tcgcsv.com/vwW,2016-02-23T19:51:19.563,1,,,,,,,,,,,495.0,500.0,500.0,357.26,,Normal,
114525,Mythical Pokemon Collection Box [Celebi],Mythical Pokemon Collection Box Celebi,https://tcgplayer-cdn.tcgplayer.com/product/114525_200w.jpg,3,1728,https://cpt.tcgcsv.com/wQW,2016-03-01T20:48:47.2,1,,,,,,,,,,,390.0,406.5,600.0,247.21,,Normal,
115598,Red & Blue Collection [Charizard EX],Red and Blue Collection Charizard EX,https://tcgplayer-cdn.tcgplayer.com/product/115598_200w.jpg,3,1728,https://cpt.tcgcsv.com/-fX,2016-03-16T16:25:11.367,1,,,,,,,,,,,1195.0,1228.0,1400.0,645.89,,Normal,
116999,Mythical Pokemon Collection Box [Jirachi],Mythical Pokemon Collection Box Jirachi,https://tcgplayer-cdn.tcgplayer.com/product/116999_200w.jpg,3,1728,https://cpt.tcgcsv.com/_PX,2016-04-05T16:59:50.16,1,,,,,,,,,,,600.0,600.0,600.0,305.79,,Normal,
118342,Mythical Pokemon Collection Box [Darkrai],Mythical Pokemon Collection Box Darkrai,https://tcgplayer-cdn.tcgplayer.com/product/118342_200w.jpg,3,1728,https://cpt.tcgcsv.com/SlZ,2017-02-16T14:29:20.63,1,,,,,,,,,,,400.0,515.0,600.0,263.49,,Normal,
118795,Red & Blue Collection [Blastoise EX],Red and Blue Collection Blastoise EX,https://tcgplayer-cdn.tcgplayer.com/product/118795_200w.jpg,3,1728,https://cpt.tcgcsv.com/WwZ,2016-06-03T20:46:30.62,1,,,,,,,,,,,984.99,995.0,1000.0,563.75,,Normal,
118796,Mythical Pokemon Collection Box [Manaphy],Mythical Pokemon Collection Box Manaphy,https://tcgplayer-cdn.tcgplayer.com/product/118796_200w.jpg,3,1728,https://cpt.tcgcsv.com/XwZ,2016-06-03T20:47:13.467,1,,,,,,,,,,,450.0,450.0,500.0,194.98,,Normal,
120114,Mythical Pokemon Collection Box [Shaymin],Mythical Pokemon Collection Box Shaymin,https://tcgplayer-cdn.tcgplayer.com/product/120114_200w.jpg,3,1728,https://cpt.tcgcsv.com/j3-,2016-07-01T14:19:05.017,1,,,,,,,,,,,500.0,500.0,500.0,270.73,,Normal,
120700,Red & Blue Collection [Venusaur EX],Red and Blue Collection Venusaur EX,https://tcgplayer-cdn.tcgplayer.com/product/120700_200w.jpg,3,1728,https://cpt.tcgcsv.com/0j-,2017-07-28T13:00:01.463,1,,,,,,,,,,,1391.0,1391.0,1391.0,766.65,,Normal,
121363,Mythical Pokemon Collection Box [Arceus],Mythical Pokemon Collection Box Arceus,https://tcgplayer-cdn.tcgplayer.com/product/121363_200w.jpg,3,1728,https://cpt.tcgcsv.com/hz-,2016-08-08T14:36:25.553,1,,,,,,,,,,,354.99,399.99,550.0,223.35,,Normal,
123432,Red & Blue Collection [Pikachu EX],Red and Blue Collection Pikachu EX,https://tcgplayer-cdn.tcgplayer.com/product/123432_200w.jpg,3,1728,https://cpt.tcgcsv.com/Gn_,2016-09-28T15:02:11.673,1,,,,,,,,,,,1350.0,1350.0,1350.0,899.99,,Normal,
123433,Mythical Pokemon Collection Box [Victini],Mythical Pokemon Collection Box Victini,https://tcgplayer-cdn.tcgplayer.com/product/123433_200w.jpg,3,1728,https://cpt.tcgcsv.com/Hn_,2016-09-28T15:03:10.17,1,,,,,,,,,,,349.99,399.97,400.0,225.82,,Normal,
123740,Mythical Pokemon Collection Box [Keldeo],Mythical Pokemon Collection Box Keldeo,https://tcgplayer-cdn.tcgplayer.com/product/123740_200w.jpg,3,1728,https://cpt.tcgcsv.com/Qv_,2016-10-14T15:53:03.237,1,,,,,,,,,,,395.0,399.97,400.0,223.47,,Normal,
123741,Generations Elite Trainer Box,Generations Elite Trainer Box,https://tcgplayer-cdn.tcgplayer.com/product/123741_200w.jpg,3,1728,https://cpt.tcgcsv.com/Rv_,2016-10-14T15:53:36.74,1,,,,,,,,,,,2080.0,2081.99,2094.97,1587.05,,Normal,
126568,Mythical Pokemon Collection Box [Meloetta],Mythical Pokemon Collection Box Meloetta,https://tcgplayer-cdn.tcgplayer.com/product/126568_200w.jpg,3,1728,https://cpt.tcgcsv.com/nF02,2017-01-09T19:32:34.07,1,,,,,,,,,,,399.97,399.99,400.0,203.55,,Normal,
126569,Mythical Pokemon Collection Box [Genesect],Mythical Pokemon Collection Box Genesect,https://tcgplayer-cdn.tcgplayer.com/product/126569_200w.jpg,3,1728,https://cpt.tcgcsv.com/pF02,2017-01-09T19:33:00.227,1,,,,,,,,,,,500.0,550.0,600.0,239.58,,Normal,
147223,Super-Premium Collection [Mew & Mewtwo],Super Premium Collection Mew and Mewtwo,https://tcgplayer-cdn.tcgplayer.com/product/147223_200w.jpg,3,1728,https://cpt.tcgcsv.com/tVb2,2021-10-25T15:12:39.13,1,,,,,,,,,,,3599.99,4337.5,5000.0,1929.13,,Normal,"Each Super Premium Collection—Mew & Mewtwo contains:
<br>• 10 Generations booster packs
<br>• 1 <a href=""http://shop.tcgplayer.com/pokemon/xy-promos/mewtwo-ex-xy125"">Mewtwo EX</a> promo
<br>• 1 <a href=""http://shop.tcgplayer.com/pokemon/xy-promos/mew-ex-xy126"">Mew EX</a> promo 
<br>• A sculpted figure featuring Mew and Mewtwo
<br>• 3 collector's boxes to hold everything, with 12 dividers to keep your collection organized
<br>• An art book that goes behind the scenes with Pokémon TCG illustrators
<br>• A code card for the Pokémon Trading Card Game Online"
187238,Generations Booster Pack,Generations Booster Pack,https://tcgplayer-cdn.tcgplayer.com/product/187238_200w.jpg,3,1728,https://cpt.tcgcsv.com/NVv2,2019-04-03T13:15:49.77,1,,,,,,,,,,,191.08,220.0,250.0,192.61,,Normal,Each Generations booster pack contains 10 random cards.
252418,Code Card - Red & Blue Collection [Blastoise EX],Code Card Red and Blue Collection Blastoise EX,https://tcgplayer-cdn.tcgplayer.com/product/252418_200w.jpg,3,1728,https://cpt.tcgcsv.com/n-03,2022-07-20T19:43:25.583,1,,Code Card,,,,,,,,,3.0,3.0,3.0,,,Normal,"This listing is <strong>not</strong> a physical item. Please keep in mind that this <strong>Code Card</strong> listing represents a digital copy of the stated item for the Pokémon TCG Online <strong>and/or</strong> the Pokémon TCG Live games. You may receive the physical <strong>Code Card</strong>. Upon purchase, please work with your specific Seller by sending them a message using the <strong>Contact Seller</strong> button on the order details in your <a href=https://store.tcgplayer.com/myaccount/orderhistory>Order History</a> to opt in to having your <strong>Code Card</strong> code delivered digitally due to the nature of the product."
252419,Code Card - Red & Blue Collection [Charizard EX],Code Card Red and Blue Collection Charizard EX,https://tcgplayer-cdn.tcgplayer.com/product/252419_200w.jpg,3,1728,https://cpt.tcgcsv.com/p-03,2022-07-20T19:43:26.977,1,,Code Card,,,,,,,,,3.0,3.0,3.0,,,Normal,"This listing is <strong>not</strong> a physical item. Please keep in mind that this <strong>Code Card</strong> listing represents a digital copy of the stated item for the Pokémon TCG Online <strong>and/or</strong> the Pokémon TCG Live games. You may receive the physical <strong>Code Card</strong>. Upon purchase, please work with your specific Seller by sending them a message using the <strong>Contact Seller</strong> button on the order details in your <a href=https://store.tcgplayer.com/myaccount/orderhistory>Order History</a> to opt in to having your <strong>Code Card</strong> code delivered digitally due to the nature of the product."
252420,Code Card - Red & Blue Collection [Pikachu EX],Code Card Red and Blue Collection Pikachu EX,https://tcgplayer-cdn.tcgplayer.com/product/252420_200w.jpg,3,1728,https://cpt.tcgcsv.com/q-03,2022-07-20T19:43:28.457,1,,Code Card,,,,,,,,,3.0,3.0,3.0,,,Normal,"This listing is <strong>not</strong> a physical item. Please keep in mind that this <strong>Code Card</strong> listing represents a digital copy of the stated item for the Pokémon TCG Online <strong>and/or</strong> the Pokémon TCG Live games. You may receive the physical <strong>Code Card</strong>. Upon purchase, please work with your specific Seller by sending them a message using the <strong>Contact Seller</strong> button on the order details in your <a href=https://store.tcgplayer.com/myaccount/orderhistory>Order History</a> to opt in to having your <strong>Code Card</strong> code delivered digitally due to the nature of the product."
252421,Code Card - Red & Blue Collection [Venusaur EX],Code Card Red and Blue Collection Venusaur EX,https://tcgplayer-cdn.tcgplayer.com/product/252421_200w.jpg,3,1728,https://cpt.tcgcsv.com/r-03,2022-07-20T19:43:29.793,1,,Code Card,,,,,,,,,3.0,3.0,3.0,,,Normal,"This listing is <strong>not</strong> a physical item. Please keep in mind that this <strong>Code Card</strong> listing represents a digital copy of the stated item for the Pokémon TCG Online <strong>and/or</strong> the Pokémon TCG Live games. You may receive the physical <strong>Code Card</strong>. Upon purchase, please work with your specific Seller by sending them a message using the <strong>Contact Seller</strong> button on the order details in your <a href=https://store.tcgplayer.com/myaccount/orderhistory>Order History</a> to opt in to having your <strong>Code Card</strong> code delivered digitally due to the nature of the product."
252431,Code Card - Mythical Pokemon Collection Box [Arceus],Code Card Mythical Pokemon Collection Box Arceus,https://tcgplayer-cdn.tcgplayer.com/product/252431_200w.jpg,3,1728,https://cpt.tcgcsv.com/F-03,2022-07-20T19:41:36.457,1,,Code Card,,,,,,,,,2.0,3.48,4.95,,,Normal,"This listing is <strong>not</strong> a physical item. Please keep in mind that this <strong>Code Card</strong> listing represents a digital copy of the stated item for the Pokémon TCG Online <strong>and/or</strong> the Pokémon TCG Live games. You may receive the physical <strong>Code Card</strong>. Upon purchase, please work with your specific Seller by sending them a message using the <strong>Contact Seller</strong> button on the order details in your <a href=https://store.tcgplayer.com/myaccount/orderhistory>Order History</a> to opt in to having your <strong>Code Card</strong> code delivered digitally due to the nature of the product."
252432,Code Card - Mythical Pokemon Collection Box [Celebi],Code Card Mythical Pokemon Collection Box Celebi,https://tcgplayer-cdn.tcgplayer.com/product/252432_200w.jpg,3,1728,https://cpt.tcgcsv.com/G-03,2022-07-20T19:41:37.773,1,,Code Card,,,,,,,,,0.75,0.97,1.0,,,Normal,"This listing is <strong>not</strong> a physical item. Please keep in mind that this <strong>Code Card</strong> listing represents a digital copy of the stated item for the Pokémon TCG Online <strong>and/or</strong> the Pokémon TCG Live games. You may receive the physical <strong>Code Card</strong>. Upon purchase, please work with your specific Seller by sending them a message using the <strong>Contact Seller</strong> button on the order details in your <a href=https://store.tcgplayer.com/myaccount/orderhistory>Order History</a> to opt in to having your <strong>Code Card</strong> code delivered digitally due to the nature of the product."
252433,Code Card - Mythical Pokemon Collection Box [Darkrai],Code Card Mythical Pokemon Collection Box Darkrai,https://tcgplayer-cdn.tcgplayer.com/product/252433_200w.jpg,3,1728,https://cpt.tcgcsv.com/H-03,2022-07-20T19:41:39.083,1,,Code Card,,,,,,,,,1.5,1.5,1.5,1.95,,Normal,"This listing is <strong>not</strong> a physical item. Please keep in mind that this <strong>Code Card</strong> listing represents a digital copy of the stated item for the Pokémon TCG Online <strong>and/or</strong> the Pokémon TCG Live games. You may receive the physical <strong>Code Card</strong>. Upon purchase, please work with your specific Seller by sending them a message using the <strong>Contact Seller</strong> button on the order details in your <a href=https://store.tcgplayer.com/myaccount/orderhistory>Order History</a> to opt in to having your <strong>Code Card</strong> code delivered digitally due to the nature of the product."
252434,Code Card - Mythical Pokemon Collection Box [Genesect],Code Card Mythical Pokemon Collection Box Genesect,https://tcgplayer-cdn.tcgplayer.com/product/252434_200w.jpg,3,1728,https://cpt.tcgcsv.com/J-03,2022-07-20T19:41:40.523,1,,Code Card,,,,,,,,,0.94,0.95,2.95,,,Normal,"This listing is <strong>not</strong> a physical item. Please keep in mind that this <strong>Code Card</strong> listing represents a digital copy of the stated item for the Pokémon TCG Online <strong>and/or</strong> the Pokémon TCG Live games. You may receive the physical <strong>Code Card</strong>. Upon purchase, please work with your specific Seller by sending them a message using the <strong>Contact Seller</strong> button on the order details in your <a href=https://store.tcgplayer.com/myaccount/orderhistory>Order History</a> to opt in to having your <strong>Code Card</strong> code delivered digitally due to the nature of the product."
252435,Code Card - Mythical Pokemon Collection Box [Jirachi],Code Card Mythical Pokemon Collection Box Jirachi,https://tcgplayer-cdn.tcgplayer.com/product/252435_200w.jpg,3,1728,https://cpt.tcgcsv.com/K-03,2022-07-20T19:44:07.51,1,,Code Card,,,,,,,,,2.0,3.48,4.95,,,Normal,"This listing is <strong>not</strong> a physical item. Please keep in mind that this <strong>Code Card</strong> listing represents a digital copy of the stated item for the Pokémon TCG Online <strong>and/or</strong> the Pokémon TCG Live games. You may receive the physical <strong>Code Card</strong>. Upon purchase, please work with your specific Seller by sending them a message using the <strong>Contact Seller</strong> button on the order details in your <a href=https://store.tcgplayer.com/myaccount/orderhistory>Order History</a> to opt in to having your <strong>Code Card</strong> code delivered digitally due to the nature of the product."
252436,Code Card - Mythical Pokemon Collection Box [Keldeo],Code Card Mythical Pokemon Collection Box Keldeo,https://tcgplayer-cdn.tcgplayer.com/product/252436_200w.jpg,3,1728,https://cpt.tcgcsv.com/L-03,2022-07-20T19:41:43.167,1,,Code Card,,,,,,,,,0.84,0.99,2.95,0.84,,Normal,"This listing is <strong>not</strong> a physical item. Please keep in mind that this <strong>Code Card</strong> listing represents a digital copy of the stated item for the Pokémon TCG Online <strong>and/or</strong> the Pokémon TCG Live games. You may receive the physical <strong>Code Card</strong>. Upon purchase, please work with your specific Seller by sending them a message using the <strong>Contact Seller</strong> button on the order details in your <a href=https://store.tcgplayer.com/myaccount/orderhistory>Order History</a> to opt in to having your <strong>Code Card</strong> code delivered digitally due to the nature of the product."
252437,Code Card - Mythical Pokemon Collection Box [Manaphy],Code Card Mythical Pokemon Collection Box Manaphy,https://tcgplayer-cdn.tcgplayer.com/product/252437_200w.jpg,3,1728,https://cpt.tcgcsv.com/M-03,2022-07-20T19:41:44.417,1,,Code Card,,,,,,,,,1.9,1.93,1.95,,,Normal,"This listing is <strong>not</strong> a physical item. Please keep in mind that this <strong>Code Card</strong> listing represents a digital copy of the stated item for the Pokémon TCG Online <strong>and/or</strong> the Pokémon TCG Live games. You may receive the physical <strong>Code Card</strong>. Upon purchase, please work with your specific Seller by sending them a message using the <strong>Contact Seller</strong> button on the order details in your <a href=https://store.tcgplayer.com/myaccount/orderhistory>Order History</a> to opt in to having your <strong>Code Card</strong> code delivered digitally due to the nature of the product."
252440,Code Card - Mythical Pokemon Collection Box [Meloetta],Code Card Mythical Pokemon Collection Box Meloetta,https://tcgplayer-cdn.tcgplayer.com/product/252440_200w.jpg,3,1728,https://cpt.tcgcsv.com/Q-03,2022-07-20T19:41:45.793,1,,Code Card,,,,,,,,,4.95,4.95,4.95,0.98,,Normal,"This listing is <strong>not</strong> a physical item. Please keep in mind that this <strong>Code Card</strong> listing represents a digital copy of the stated item for the Pokémon TCG Online <strong>and/or</strong> the Pokémon TCG Live games. You may receive the physical <strong>Code Card</strong>. Upon purchase, please work with your specific Seller by sending them a message using the <strong>Contact Seller</strong> button on the order details in your <a href=https://store.tcgplayer.com/myaccount/orderhistory>Order History</a> to opt in to having your <strong>Code Card</strong> code delivered digitally due to the nature of the product."
252441,Code Card - Mythical Pokemon Collection Box [Mew],Code Card Mythical Pokemon Collection Box Mew,https://tcgplayer-cdn.tcgplayer.com/product/252441_200w.jpg,3,1728,https://cpt.tcgcsv.com/R-03,2022-07-20T19:41:47.123,1,,Code Card,,,,,,,,,2.0,5.34,5.35,4.8,,Normal,"This listing is <strong>not</strong> a physical item. Please keep in mind that this <strong>Code Card</strong> listing represents a digital copy of the stated item for the Pokémon TCG Online <strong>and/or</strong> the Pokémon TCG Live games. You may receive the physical <strong>Code Card</strong>. Upon purchase, please work with your specific Seller by sending them a message using the <strong>Contact Seller</strong> button on the order details in your <a href=https://store.tcgplayer.com/myaccount/orderhistory>Order History</a> to opt in to having your <strong>Code Card</strong> code delivered digitally due to the nature of the product."
252442,Code Card - Mythical Pokemon Collection Box [Shaymin],Code Card Mythical Pokemon Collection Box Shaymin,https://tcgplayer-cdn.tcgplayer.com/product/252442_200w.jpg,3,1728,https://cpt.tcgcsv.com/S-03,2022-07-20T19:41:48.32,1,,Code Card,,,,,,,,,3.0,4.98,6.95,,,Normal,"This listing is <strong>not</strong> a physical item. Please keep in mind that this <strong>Code Card</strong> listing represents a digital copy of the stated item for the Pokémon TCG Online <strong>and/or</strong> the Pokémon TCG Live games. You may receive the physical <strong>Code Card</strong>. Upon purchase, please work with your specific Seller by sending them a message using the <strong>Contact Seller</strong> button on the order details in your <a href=https://store.tcgplayer.com/myaccount/orderhistory>Order History</a> to opt in to having your <strong>Code Card</strong> code delivered digitally due to the nature of the product."
252443,Code Card - Mythical Pokemon Collection Box [Victini],Code Card Mythical Pokemon Collection Box Victini,https://tcgplayer-cdn.tcgplayer.com/product/252443_200w.jpg,3,1728,https://cpt.tcgcsv.com/T-03,2022-07-20T19:41:49.41,1,,Code Card,,,,,,,,,2.0,2.48,2.95,,,Normal,"This listing is <strong>not</strong> a physical item. Please keep in mind that this <strong>Code Card</strong> listing represents a digital copy of the stated item for the Pokémon TCG Online <strong>and/or</strong> the Pokémon TCG Live games. You may receive the physical <strong>Code Card</strong>. Upon purchase, please work with your specific Seller by sending them a message using the <strong>Contact Seller</strong> button on the order details in your <a href=https://store.tcgplayer.com/myaccount/orderhistory>Order History</a> to opt in to having your <strong>Code Card</strong> code delivered digitally due to the nature of the product."
252462,Code Card - Super-Premium Collection [Mew & Mewtwo],Code Card Super Premium Collection Mew and Mewtwo,https://tcgplayer-cdn.tcgplayer.com/product/252462_200w.jpg,3,1728,https://cpt.tcgcsv.com/g_03,2022-07-20T19:48:01.907,1,,Code Card,,,,,,,,,5.99,5.99,6.0,,,Normal,"This listing is <strong>not</strong> a physical item. Please keep in mind that this <strong>Code Card</strong> listing represents a digital copy of the stated item for the Pokémon TCG Online <strong>and/or</strong> the Pokémon TCG Live games. You may receive the physical <strong>Code Card</strong>. Upon purchase, please work with your specific Seller by sending them a message using the <strong>Contact Seller</strong> button on the order details in your <a href=https://store.tcgplayer.com/myaccount/orderhistory>Order History</a> to opt in to having your <strong>Code Card</strong> code delivered digitally due to the nature of the product."
270861,Code Card - Mythical Collection Box [Volcanion],Code Card Mythical Collection Box Volcanion,https://tcgplayer-cdn.tcgplayer.com/product/270861_200w.jpg,3,1728,https://cpt.tcgcsv.com/fmb3,2023-03-31T16:21:21.36,1,,Code Card,,,,,,,,,0.5,1.0,1.0,,,Normal,"This listing is <strong>not</strong> a physical item. Please keep in mind that this <strong>Code Card</strong> listing represents a digital copy of the stated item for the Pokémon TCG Online <strong>and/or</strong> the Pokémon TCG Live games. You may receive the physical <strong>Code Card</strong>. Upon purchase, please work with your specific Seller by sending them a message using the <strong>Contact Seller</strong> button on the order details in your <a href=https://store.tcgplayer.com/myaccount/orderhistory>Order History</a> to opt in to having your <strong>Code Card</strong> code delivered digitally due to the nature of the product."
600060,Geodude (Stamped),Geodude Stamped,https://tcgplayer-cdn.tcgplayer.com/product/600060_200w.jpg,3,1728,https://cpt.tcgcsv.com/d2Q6,2025-03-04T17:05:00.187,1,043/083,Promo,Fighting,60,Basic,[F] Rollout (10),"[2] Flail (10x)
<br>This attack does 10 damage times the number of damage counters on this Pokémon.",Gx2,,2,,,,,,,
