productId,name,cleanName,imageUrl,categoryId,groupId,url,modifiedOn,imageCount,extNumber,extRarity,extCardType,extHP,extStage,extAttack1,extAttack2,extAttack3,extWeakness,extResistance,extRetreatCost,lowPrice,midPrice,highPrice,marketPrice,directLowPrice,subTypeName,extCardText
83475,Aggron,Aggron,https://tcgplayer-cdn.tcgplayer.com/product/83475_200w.jpg,3,1393,https://cpt.tcgcsv.com/wpH,2023-12-21T20:33:07.593,1,1/109,Holo Rare,Metal,110,Stage 2,"[1] Retaliate (10x) 
<br>Flip a coin.  If heads, this attack does 10 damage times the number of damage counters on Aggron.",[3] Mega Punch (40),"[3MM] Double Lariat (70x) 
<br>Flip 2 coins.  This attack does 70 damage times the number of heads.",R,G,4,12.53,15.82,20.28,17.59,,Holofoil,
83475,Aggron,Aggron,https://tcgplayer-cdn.tcgplayer.com/product/83475_200w.jpg,3,1393,https://cpt.tcgcsv.com/wpH,2023-12-21T20:33:07.593,1,1/109,Holo Rare,Metal,110,Stage 2,"[1] Retaliate (10x) 
<br>Flip a coin.  If heads, this attack does 10 damage times the number of damage counters on Aggron.",[3] Mega Punch (40),"[3MM] Double Lariat (70x) 
<br>Flip 2 coins.  This attack does 70 damage times the number of heads.",R,G,4,16.25,17.02,36.45,18.01,,Reverse Holofoil,
83628,Aron - 25/109,Aron 25 109,https://tcgplayer-cdn.tcgplayer.com/product/83628_200w.jpg,3,1393,https://cpt.tcgcsv.com/BsH,2023-12-21T20:53:13.567,1,25/109,Uncommon,Metal,50,Basic,[M] Rollout (10),"[2] Double Stab (20x) 
<br>Flip 2 coins.  This attack does 20 damage times the number of heads.",,R,None,1,1.11,2.0,3.8,2.14,,Normal,
83628,Aron - 25/109,Aron 25 109,https://tcgplayer-cdn.tcgplayer.com/product/83628_200w.jpg,3,1393,https://cpt.tcgcsv.com/BsH,2023-12-21T20:53:13.567,1,25/109,Uncommon,Metal,50,Basic,[M] Rollout (10),"[2] Double Stab (20x) 
<br>Flip 2 coins.  This attack does 20 damage times the number of heads.",,R,None,1,4.9,5.32,8.0,5.53,,Reverse Holofoil,
83629,Aron - 49/109,Aron 49 109,https://tcgplayer-cdn.tcgplayer.com/product/83629_200w.jpg,3,1393,https://cpt.tcgcsv.com/CsH,2023-12-21T20:58:20.233,1,49/109,Common,Metal,40,Basic,"[1] Teary Eyes 
<br>During your opponent's next turn, any damage done to Aron is reduced by 10.",[2] Ram (20),,R,G,1,0.4,0.78,1.99,0.86,,Normal,
83629,Aron - 49/109,Aron 49 109,https://tcgplayer-cdn.tcgplayer.com/product/83629_200w.jpg,3,1393,https://cpt.tcgcsv.com/CsH,2023-12-21T20:58:20.233,1,49/109,Common,Metal,40,Basic,"[1] Teary Eyes 
<br>During your opponent's next turn, any damage done to Aron is reduced by 10.",[2] Ram (20),,R,G,1,1.49,1.87,7.52,3.16,,Reverse Holofoil,
83630,Aron - 50/109,Aron 50 109,https://tcgplayer-cdn.tcgplayer.com/product/83630_200w.jpg,3,1393,https://cpt.tcgcsv.com/DsH,2023-12-21T20:58:34.54,1,50/109,Common,Metal,50,Basic,[1] Gnaw (10),,,R,G,2,0.2,0.57,1.99,0.58,,Normal,
83630,Aron - 50/109,Aron 50 109,https://tcgplayer-cdn.tcgplayer.com/product/83630_200w.jpg,3,1393,https://cpt.tcgcsv.com/DsH,2023-12-21T20:58:34.54,1,50/109,Common,Metal,50,Basic,[1] Gnaw (10),,,R,G,2,3.37,7.5,10.95,8.68,,Reverse Holofoil,
83755,Beautifly,Beautifly,https://tcgplayer-cdn.tcgplayer.com/product/83755_200w.jpg,3,1393,https://cpt.tcgcsv.com/7wH,2023-12-21T20:33:26.113,1,2/109,Holo Rare,Grass,80,Stage 2,"[G] Stun Spore (20) 
<br>Flip a coin.  If heads, the Defending Pokemon is now Paralyzed.","[2G] Parallel Gain (50) 
<br>Remove 1 damage counter from each of your Pokemon including Beautifly.",,R,None,0,6.65,10.0,13.93,11.42,,Holofoil,"<b>Poke-BODY</b> Withering Dust 
<br>As long as Beautifly is in play, do not apply resistance for all Active Pokemon."
83755,Beautifly,Beautifly,https://tcgplayer-cdn.tcgplayer.com/product/83755_200w.jpg,3,1393,https://cpt.tcgcsv.com/7wH,2023-12-21T20:33:26.113,1,2/109,Holo Rare,Grass,80,Stage 2,"[G] Stun Spore (20) 
<br>Flip a coin.  If heads, the Defending Pokemon is now Paralyzed.","[2G] Parallel Gain (50) 
<br>Remove 1 damage counter from each of your Pokemon including Beautifly.",,R,None,0,9.29,13.71,27.99,13.9,,Reverse Holofoil,"<b>Poke-BODY</b> Withering Dust 
<br>As long as Beautifly is in play, do not apply resistance for all Active Pokemon."
83903,Blaziken - 3/109,Blaziken 3 109,https://tcgplayer-cdn.tcgplayer.com/product/83903_200w.jpg,3,1393,https://cpt.tcgcsv.com/5BH,2023-12-21T20:33:39.177,1,3/109,Holo Rare,Fire,100,Stage 2,"[2R] Fire Stream (50) 
<br>Discard a Fire Energy card attached to Blaziken.  If you do, this attack does 10 damage to each of your opponent's Benched Pokemon.  <i>(Don't apply Weakness and Resistance for Benched Pokemon.)</i>",,,W,None,2,31.75,44.72,99.99,45.14,,Holofoil,"<b>Poke-POWER</b> Firestarter 
<br>Once during your turn <em>(before your attack)</em>, you may attach a Fire Energy card from your discard pile to 1 of your Benched Pokemon.  This power can't be used if Blaziken is affected by a Special Condition."
83903,Blaziken - 3/109,Blaziken 3 109,https://tcgplayer-cdn.tcgplayer.com/product/83903_200w.jpg,3,1393,https://cpt.tcgcsv.com/5BH,2023-12-21T20:33:39.177,1,3/109,Holo Rare,Fire,100,Stage 2,"[2R] Fire Stream (50) 
<br>Discard a Fire Energy card attached to Blaziken.  If you do, this attack does 10 damage to each of your opponent's Benched Pokemon.  <i>(Don't apply Weakness and Resistance for Benched Pokemon.)</i>",,,W,None,2,28.99,55.0,149.99,149.99,115.68,Reverse Holofoil,"<b>Poke-POWER</b> Firestarter 
<br>Once during your turn <em>(before your attack)</em>, you may attach a Fire Energy card from your discard pile to 1 of your Benched Pokemon.  This power can't be used if Blaziken is affected by a Special Condition."
83904,Blaziken - 15/109,Blaziken 15 109,https://tcgplayer-cdn.tcgplayer.com/product/83904_200w.jpg,3,1393,https://cpt.tcgcsv.com/6BH,2023-12-21T20:36:02.743,1,15/109,Rare,Fire,110,Stage 2,"[2] Clutch (20) 
<br>The Defending Pokemon can't retreat until the end of your opponent's next turn.","[3R] Flamethrower (80) 
<br>Discard a Fire Energy card attached to Blaziken.",,W,None,2,0.75,1.54,15.47,1.88,,Normal,
83904,Blaziken - 15/109,Blaziken 15 109,https://tcgplayer-cdn.tcgplayer.com/product/83904_200w.jpg,3,1393,https://cpt.tcgcsv.com/6BH,2023-12-21T20:36:02.743,1,15/109,Rare,Fire,110,Stage 2,"[2] Clutch (20) 
<br>The Defending Pokemon can't retreat until the end of your opponent's next turn.","[3R] Flamethrower (80) 
<br>Discard a Fire Energy card attached to Blaziken.",,W,None,2,23.0,28.43,78.98,30.69,,Reverse Holofoil,
83953,Breloom,Breloom,https://tcgplayer-cdn.tcgplayer.com/product/83953_200w.jpg,3,1393,https://cpt.tcgcsv.com/5CH,2023-12-21T20:36:10.91,1,16/109,Rare,Grass,70,Stage 1,[2] Headbutt (20),"[2G] Battle Blast (40+)
<br>Does 40 damage plus 10 more damage for each Fightning Energy attached to Breloom.",,R,None,1,0.68,1.74,5.0,1.94,,Normal,
83953,Breloom,Breloom,https://tcgplayer-cdn.tcgplayer.com/product/83953_200w.jpg,3,1393,https://cpt.tcgcsv.com/5CH,2023-12-21T20:36:10.91,1,16/109,Rare,Grass,70,Stage 1,[2] Headbutt (20),"[2G] Battle Blast (40+)
<br>Does 40 damage plus 10 more damage for each Fightning Energy attached to Breloom.",,R,None,1,2.0,3.47,8.0,9.53,,Reverse Holofoil,
84087,Camerupt,Camerupt,https://tcgplayer-cdn.tcgplayer.com/product/84087_200w.jpg,3,1393,https://cpt.tcgcsv.com/MFH,2023-12-21T20:33:53.743,1,4/109,Holo Rare,Fire,90,Stage 1,"[1R] Lava Burn (20) 
<br>Choose 1 of your opponent's Benched Pokemon.  This attack does 10 damage to that Pokemon.  <i>(Don't apply weakness and resistance for Benched Pokemon.)</i>","[2RR] Fire Spin (100) 
<br>Discard 2 Basic Energy cards attached to Camerupt or this attack does nothing.",,W,None,3,6.2,7.35,9.75,8.34,,Holofoil,
84087,Camerupt,Camerupt,https://tcgplayer-cdn.tcgplayer.com/product/84087_200w.jpg,3,1393,https://cpt.tcgcsv.com/MFH,2023-12-21T20:33:53.743,1,4/109,Holo Rare,Fire,90,Stage 1,"[1R] Lava Burn (20) 
<br>Choose 1 of your opponent's Benched Pokemon.  This attack does 10 damage to that Pokemon.  <i>(Don't apply weakness and resistance for Benched Pokemon.)</i>","[2RR] Fire Spin (100) 
<br>Discard 2 Basic Energy cards attached to Camerupt or this attack does nothing.",,W,None,3,5.22,10.09,14.95,6.37,,Reverse Holofoil,
84111,Carvanha,Carvanha,https://tcgplayer-cdn.tcgplayer.com/product/84111_200w.jpg,3,1393,https://cpt.tcgcsv.com/fGH,2023-12-21T20:58:48.927,1,51/109,Common,Water,40,Basic,"[1] Big Bite (10) 
<br>The Defending Pokemon can't retreat until the end of your opponent's next turn.",,,L,None,1,0.17,0.55,2.88,0.55,0.5,Normal,"<b>Poke-BODY</b> Rough Skin
<br>If Carvanha is your Active Pokemon and is damaged by an opponent's attack<em> (even if Carvanha is Knocked Out)</em>, put 1 damage counter on the Attacking Pokemon."
84111,Carvanha,Carvanha,https://tcgplayer-cdn.tcgplayer.com/product/84111_200w.jpg,3,1393,https://cpt.tcgcsv.com/fGH,2023-12-21T20:58:48.927,1,51/109,Common,Water,40,Basic,"[1] Big Bite (10) 
<br>The Defending Pokemon can't retreat until the end of your opponent's next turn.",,,L,None,1,2.47,2.51,12.33,6.94,,Reverse Holofoil,"<b>Poke-BODY</b> Rough Skin
<br>If Carvanha is your Active Pokemon and is damaged by an opponent's attack<em> (even if Carvanha is Knocked Out)</em>, put 1 damage counter on the Attacking Pokemon."
84119,Cascoon,Cascoon,https://tcgplayer-cdn.tcgplayer.com/product/84119_200w.jpg,3,1393,https://cpt.tcgcsv.com/pGH,2023-12-21T20:53:22.993,1,26/109,Uncommon,Grass,70,Stage 1,"[G] Poison Thread 
<br>The Defending Pokemon is now Poisoned.",,,R,None,2,1.5,2.06,5.0,2.22,,Normal,"<b>Poke-BODY</b> Hard Cocoon
<br>During your opponent's turn, if Cascoon would be damaged by an opponent's attack <em>(after applying Weakness and Resistance)</em>, flip a coin.  If heads, reduce that damage by 30."
84119,Cascoon,Cascoon,https://tcgplayer-cdn.tcgplayer.com/product/84119_200w.jpg,3,1393,https://cpt.tcgcsv.com/pGH,2023-12-21T20:53:22.993,1,26/109,Uncommon,Grass,70,Stage 1,"[G] Poison Thread 
<br>The Defending Pokemon is now Poisoned.",,,R,None,2,2.7,4.0,5.0,4.93,,Reverse Holofoil,"<b>Poke-BODY</b> Hard Cocoon
<br>During your opponent's turn, if Cascoon would be damaged by an opponent's attack <em>(after applying Weakness and Resistance)</em>, flip a coin.  If heads, reduce that damage by 30."
84180,Chansey ex,Chansey ex,https://tcgplayer-cdn.tcgplayer.com/product/84180_200w.jpg,3,1393,https://cpt.tcgcsv.com/DHH,2023-12-21T21:08:51.83,1,96/109,Ultra Rare,Colorless,120,Basic,"[2] Healing Egg 
<br>Remove 2 damage counters (1 if there is only 1) from each of your Pokemon.  Remove no damage counters from Chansey ex.","[3] Double-edge (80) 
<br>Chansey ex does 60 damage to itself.",,F,None,3,46.0,57.58,120.0,51.2,,Holofoil,
84400,Combusken - 27/109,Combusken 27 109,https://tcgplayer-cdn.tcgplayer.com/product/84400_200w.jpg,3,1393,https://cpt.tcgcsv.com/0NH,2023-12-21T20:53:40.63,1,27/109,Uncommon,Fire,70,Stage 1,[R] Flare (20),"[3] Double Kick (40x) 
<br>Flip 2 coins.  This attack does 40 damage times the number of heads.",,W,None,1,0.5,1.0,5.99,1.01,,Normal,
84400,Combusken - 27/109,Combusken 27 109,https://tcgplayer-cdn.tcgplayer.com/product/84400_200w.jpg,3,1393,https://cpt.tcgcsv.com/0NH,2023-12-21T20:53:40.63,1,27/109,Uncommon,Fire,70,Stage 1,[R] Flare (20),"[3] Double Kick (40x) 
<br>Flip 2 coins.  This attack does 40 damage times the number of heads.",,W,None,1,6.0,10.0,19.99,15.3,,Reverse Holofoil,
84401,Combusken - 28/109,Combusken 28 109,https://tcgplayer-cdn.tcgplayer.com/product/84401_200w.jpg,3,1393,https://cpt.tcgcsv.com/2NH,2023-12-21T20:53:51.467,1,28/109,Uncommon,Fire,80,Stage 1,"[2] Lunge (50)
<br>Flip a coin.  If tails, this attack does nothing.",,,W,None,1,1.0,2.33,4.0,2.24,,Normal,"<b>Poke-BODY</b> Natural Care
<br>When you attach a Fire Energy card from your hand to Combusken, remove all Special Conditions from Combusken."
84401,Combusken - 28/109,Combusken 28 109,https://tcgplayer-cdn.tcgplayer.com/product/84401_200w.jpg,3,1393,https://cpt.tcgcsv.com/2NH,2023-12-21T20:53:51.467,1,28/109,Uncommon,Fire,80,Stage 1,"[2] Lunge (50)
<br>Flip a coin.  If tails, this attack does nothing.",,,W,None,1,6.35,7.48,9.09,11.62,,Reverse Holofoil,"<b>Poke-BODY</b> Natural Care
<br>When you attach a Fire Energy card from your hand to Combusken, remove all Special Conditions from Combusken."
84683,Darkness Energy (Special),Darkness Energy Special,https://tcgplayer-cdn.tcgplayer.com/product/84683_200w.jpg,3,1393,https://cpt.tcgcsv.com/HTH,2023-12-21T21:08:29.853,1,93/109,Rare,Special Energy,,,,,,,,,0.25,1.0,2.97,1.19,,Normal,"If the Pokemon Darkness Energy is attached to attacks, the attack does 10 more damage to the Active Pokemon <em>(before applying Weakness and Resistance). </em> Ignore this effect unless the Attacking Pokemon is Darkness or has Dark in its name.  Darkness Energy provides Darkness energy. <em> (Doesn't count as a basic Energy card.)</em>"
84683,Darkness Energy (Special),Darkness Energy Special,https://tcgplayer-cdn.tcgplayer.com/product/84683_200w.jpg,3,1393,https://cpt.tcgcsv.com/HTH,2023-12-21T21:08:29.853,1,93/109,Rare,Special Energy,,,,,,,,,0.49,2.34,4.99,2.19,,Reverse Holofoil,"If the Pokemon Darkness Energy is attached to attacks, the attack does 10 more damage to the Active Pokemon <em>(before applying Weakness and Resistance). </em> Ignore this effect unless the Attacking Pokemon is Darkness or has Dark in its name.  Darkness Energy provides Darkness energy. <em> (Doesn't count as a basic Energy card.)</em>"
84734,Delcatty - 5/109,Delcatty 5 109,https://tcgplayer-cdn.tcgplayer.com/product/84734_200w.jpg,3,1393,https://cpt.tcgcsv.com/JVH,2023-12-21T20:34:16.717,1,5/109,Holo Rare,Colorless,70,Stage 1,"[1] Max Energy Source (10x) 
<br>Does 10 damage times the number of Energy attached to all of your Active Pokemon.",,,F,None,1,8.19,11.49,14.26,13.58,,Holofoil,"<b>Poke-POWER</b> Energy Draw 
<br>Once during your turn <em>(before your attack)</em>, you may discard 1 Energy card from your hand.  Then draw up to 3 cards from your deck.  This power can't be used if Delcatty is affected by a Special Condition."
84734,Delcatty - 5/109,Delcatty 5 109,https://tcgplayer-cdn.tcgplayer.com/product/84734_200w.jpg,3,1393,https://cpt.tcgcsv.com/JVH,2023-12-21T20:34:16.717,1,5/109,Holo Rare,Colorless,70,Stage 1,"[1] Max Energy Source (10x) 
<br>Does 10 damage times the number of Energy attached to all of your Active Pokemon.",,,F,None,1,7.02,7.95,28.49,13.66,,Reverse Holofoil,"<b>Poke-POWER</b> Energy Draw 
<br>Once during your turn <em>(before your attack)</em>, you may discard 1 Energy card from your hand.  Then draw up to 3 cards from your deck.  This power can't be used if Delcatty is affected by a Special Condition."
84735,Delcatty - 29/109,Delcatty 29 109,https://tcgplayer-cdn.tcgplayer.com/product/84735_200w.jpg,3,1393,https://cpt.tcgcsv.com/KVH,2023-12-21T20:54:02.52,1,29/109,Uncommon,Colorless,80,Stage 1,"[1] Energy Call (10) 
<br>Attach 1 Energy card from your discard pile to your Active Pokemon.","[2] Cannonball (30+) 
<br>Does 30 damage plus 10 more damage for each Energy attached to Delcatty but not used to pay for this attack's Energy cost.",,F,None,1,0.29,0.62,3.97,0.69,0.41,Normal,
84735,Delcatty - 29/109,Delcatty 29 109,https://tcgplayer-cdn.tcgplayer.com/product/84735_200w.jpg,3,1393,https://cpt.tcgcsv.com/KVH,2023-12-21T20:54:02.52,1,29/109,Uncommon,Colorless,80,Stage 1,"[1] Energy Call (10) 
<br>Attach 1 Energy card from your discard pile to your Active Pokemon.","[2] Cannonball (30+) 
<br>Does 30 damage plus 10 more damage for each Energy attached to Delcatty but not used to pay for this attack's Energy cost.",,F,None,1,3.0,6.16,13.1,6.36,,Reverse Holofoil,
84871,Donphan,Donphan,https://tcgplayer-cdn.tcgplayer.com/product/84871_200w.jpg,3,1393,https://cpt.tcgcsv.com/rZH,2023-12-21T20:36:18.87,1,17/109,Rare,Fighting,80,Stage 1,"[1F] Rend (20+) 
<br>If the Defending Pokemon has any damage counters on it, this attack does 20 damage plus 20 more damage.","[3F] Double Spin (60x) 
<br>Flip 2 coins.  This attack does 60 damage times the number of heads.",,G,None,1,0.52,1.0,5.0,1.28,,Normal,
84871,Donphan,Donphan,https://tcgplayer-cdn.tcgplayer.com/product/84871_200w.jpg,3,1393,https://cpt.tcgcsv.com/rZH,2023-12-21T20:36:18.87,1,17/109,Rare,Fighting,80,Stage 1,"[1F] Rend (20+) 
<br>If the Defending Pokemon has any damage counters on it, this attack does 20 damage plus 20 more damage.","[3F] Double Spin (60x) 
<br>Flip 2 coins.  This attack does 60 damage times the number of heads.",,G,None,1,2.75,5.58,6.62,6.26,,Reverse Holofoil,
85056,Dustox,Dustox,https://tcgplayer-cdn.tcgplayer.com/product/85056_200w.jpg,3,1393,https://cpt.tcgcsv.com/82J,2024-02-15T14:59:47.697,1,6/109,Holo Rare,Grass,90,Stage 2,"[1G] Toxic 
<br>The Defending Pokemon is now Poisoned.  Put 2 Damage Counters instead of 1 on the Defending Pokemon between turns.",[2G] Gust (50),,P,None,0,10.0,18.53,30.0,13.35,,Holofoil,"<b>Poke-BODY</b> Protective Dust 
<br>Prevent all effects of attacks, except damage, done to Dustox by the Attacking Pokemon."
85056,Dustox,Dustox,https://tcgplayer-cdn.tcgplayer.com/product/85056_200w.jpg,3,1393,https://cpt.tcgcsv.com/82J,2024-02-15T14:59:47.697,1,6/109,Holo Rare,Grass,90,Stage 2,"[1G] Toxic 
<br>The Defending Pokemon is now Poisoned.  Put 2 Damage Counters instead of 1 on the Defending Pokemon between turns.",[2G] Gust (50),,P,None,0,4.42,6.87,11.34,11.23,,Reverse Holofoil,"<b>Poke-BODY</b> Protective Dust 
<br>Prevent all effects of attacks, except damage, done to Dustox by the Attacking Pokemon."
85120,Electabuzz ex,Electabuzz ex,https://tcgplayer-cdn.tcgplayer.com/product/85120_200w.jpg,3,1393,https://cpt.tcgcsv.com/q3J,2023-12-21T21:09:08.71,1,97/109,Ultra Rare,Lightning,90,Basic,"[L] Thundershock (10) 
<br>Flip a coin.  If heads, the Defending Pokemon is now Paralyzed.","[1LL] Quick Attack (40+) 
<br>Flip a coin.  If heads, this attack does 40 damage plus 20 more damage.",,F,M,2,33.93,60.37,149.99,48.24,29.48,Holofoil,
85128,Electrike - 30/109,Electrike 30 109,https://tcgplayer-cdn.tcgplayer.com/product/85128_200w.jpg,3,1393,https://cpt.tcgcsv.com/B3J,2023-12-21T20:54:19.497,1,30/109,Uncommon,Lightning,50,Basic,"[L] Charge
<br>Attach a Lightning Energy card from your discard pile to Electrike.","[1L] Thunder Jolt (30) 
<br>Flip a coin.  If tails, Electrike does 10 damage to itself.",,F,M,1,0.57,1.03,4.49,1.07,,Normal,
85128,Electrike - 30/109,Electrike 30 109,https://tcgplayer-cdn.tcgplayer.com/product/85128_200w.jpg,3,1393,https://cpt.tcgcsv.com/B3J,2023-12-21T20:54:19.497,1,30/109,Uncommon,Lightning,50,Basic,"[L] Charge
<br>Attach a Lightning Energy card from your discard pile to Electrike.","[1L] Thunder Jolt (30) 
<br>Flip a coin.  If tails, Electrike does 10 damage to itself.",,F,M,1,3.2,4.6,6.0,3.76,,Reverse Holofoil,
85129,Electrike - 52/109,Electrike 52 109,https://tcgplayer-cdn.tcgplayer.com/product/85129_200w.jpg,3,1393,https://cpt.tcgcsv.com/C3J,2023-12-21T20:58:58.3,1,52/109,Common,Lightning,50,Basic,[1] Headbutt (10),,,F,M,1,0.2,0.51,2.0,0.51,,Normal,
85129,Electrike - 52/109,Electrike 52 109,https://tcgplayer-cdn.tcgplayer.com/product/85129_200w.jpg,3,1393,https://cpt.tcgcsv.com/C3J,2023-12-21T20:58:58.3,1,52/109,Common,Lightning,50,Basic,[1] Headbutt (10),,,F,M,1,4.92,5.28,7.7,5.23,,Reverse Holofoil,
85130,Electrike - 53/109,Electrike 53 109,https://tcgplayer-cdn.tcgplayer.com/product/85130_200w.jpg,3,1393,https://cpt.tcgcsv.com/D3J,2023-12-21T20:59:17.76,1,53/109,Common,Lightning,50,Basic,"[1] Super Thunder Wave  
<br>Flip a coin.  If heads, the Defending Pokemon is now Paralyzed.",[2] Tackle (20),,F,M,1,0.25,0.5,1.99,0.49,0.31,Normal,
85130,Electrike - 53/109,Electrike 53 109,https://tcgplayer-cdn.tcgplayer.com/product/85130_200w.jpg,3,1393,https://cpt.tcgcsv.com/D3J,2023-12-21T20:59:17.76,1,53/109,Common,Lightning,50,Basic,"[1] Super Thunder Wave  
<br>Flip a coin.  If heads, the Defending Pokemon is now Paralyzed.",[2] Tackle (20),,F,M,1,2.0,4.99,7.0,3.86,,Reverse Holofoil,
85220,Energy Removal 2,Energy Removal 2,https://tcgplayer-cdn.tcgplayer.com/product/85220_200w.jpg,3,1393,https://cpt.tcgcsv.com/q6J,2023-12-21T21:04:42.06,1,80/109,Uncommon,Item,,,,,,,,,0.2,0.49,1.99,0.47,0.66,Normal,"Flip a coin.  If heads, choose 1 Energy card attached to 1 of your opponent's Pokemon and discard it."
85220,Energy Removal 2,Energy Removal 2,https://tcgplayer-cdn.tcgplayer.com/product/85220_200w.jpg,3,1393,https://cpt.tcgcsv.com/q6J,2023-12-21T21:04:42.06,1,80/109,Uncommon,Item,,,,,,,,,0.42,1.9,5.0,1.99,,Reverse Holofoil,"Flip a coin.  If heads, choose 1 Energy card attached to 1 of your opponent's Pokemon and discard it."
85225,Energy Restore,Energy Restore,https://tcgplayer-cdn.tcgplayer.com/product/85225_200w.jpg,3,1393,https://cpt.tcgcsv.com/w6J,2023-12-21T21:04:52.993,1,81/109,Uncommon,Item,,,,,,,,,0.18,0.5,1.99,0.49,,Normal,"Flip 3 coins.  For each heads, put a basic Energy card from your discard pile into your hand.  If you don't have that many basic Energy cards in your discard pile, put all of them into your hand."
85225,Energy Restore,Energy Restore,https://tcgplayer-cdn.tcgplayer.com/product/85225_200w.jpg,3,1393,https://cpt.tcgcsv.com/w6J,2023-12-21T21:04:52.993,1,81/109,Uncommon,Item,,,,,,,,,1.25,1.91,3.49,2.03,,Reverse Holofoil,"Flip 3 coins.  For each heads, put a basic Energy card from your discard pile into your hand.  If you don't have that many basic Energy cards in your discard pile, put all of them into your hand."
85237,Energy Search,Energy Search,https://tcgplayer-cdn.tcgplayer.com/product/85237_200w.jpg,3,1393,https://cpt.tcgcsv.com/M6J,2025-07-30T16:28:04.42,1,90/109,Common,Item,,,,,,,,,0.04,0.24,1.99,0.13,0.15,Normal,"Search your deck for a basic Energy card, show it to your opponent, and put it into your hand.  Shuffle your deck afterward."
85237,Energy Search,Energy Search,https://tcgplayer-cdn.tcgplayer.com/product/85237_200w.jpg,3,1393,https://cpt.tcgcsv.com/M6J,2025-07-30T16:28:04.42,1,90/109,Common,Item,,,,,,,,,1.75,4.26,10.2,4.21,,Reverse Holofoil,"Search your deck for a basic Energy card, show it to your opponent, and put it into your hand.  Shuffle your deck afterward."
85252,Energy Switch,Energy Switch,https://tcgplayer-cdn.tcgplayer.com/product/85252_200w.jpg,3,1393,https://cpt.tcgcsv.com/37J,2023-12-21T21:05:19.747,1,82/109,Uncommon,Item,,,,,,,,,0.86,1.61,5.0,1.64,2.79,Normal,Move a basic Energy card from 1 of your Pokemon to another of your Pokemon.
85252,Energy Switch,Energy Switch,https://tcgplayer-cdn.tcgplayer.com/product/85252_200w.jpg,3,1393,https://cpt.tcgcsv.com/37J,2023-12-21T21:05:19.747,1,82/109,Uncommon,Item,,,,,,,,,4.19,11.3,12.16,11.41,,Reverse Holofoil,Move a basic Energy card from 1 of your Pokemon to another of your Pokemon.
85438,Fighting Energy,Fighting Energy,https://tcgplayer-cdn.tcgplayer.com/product/85438_200w.jpg,3,1393,https://cpt.tcgcsv.com/NbJ,2022-11-16T19:50:34.647,1,105/109,Common,Basic Energy,,,,,,,,,0.12,0.3,1.46,0.3,,Normal,
85438,Fighting Energy,Fighting Energy,https://tcgplayer-cdn.tcgplayer.com/product/85438_200w.jpg,3,1393,https://cpt.tcgcsv.com/NbJ,2022-11-16T19:50:34.647,1,105/109,Common,Basic Energy,,,,,,,,,7.85,7.98,32.53,7.99,,Reverse Holofoil,
85458,Fire Energy,Fire Energy,https://tcgplayer-cdn.tcgplayer.com/product/85458_200w.jpg,3,1393,https://cpt.tcgcsv.com/bcJ,2024-08-20T16:03:09.06,1,108/109,Common,Basic Energy,,,,,,,,,0.04,0.25,1.46,0.31,0.25,Normal,
85458,Fire Energy,Fire Energy,https://tcgplayer-cdn.tcgplayer.com/product/85458_200w.jpg,3,1393,https://cpt.tcgcsv.com/bcJ,2024-08-20T16:03:09.06,1,108/109,Common,Basic Energy,,,,,,,,,5.75,6.75,13.97,8.54,,Reverse Holofoil,
85632,Gardevoir,Gardevoir,https://tcgplayer-cdn.tcgplayer.com/product/85632_200w.jpg,3,1393,https://cpt.tcgcsv.com/GgJ,2023-12-21T20:34:34.253,1,7/109,Holo Rare,Psychic,100,Stage 2,"[P] Energy Burst (10x) 
<br>Does 10 damage times the total amount of Energy attached to Gardevoir and the Defending Pokemon.",,,P,None,2,37.0,59.99,120.0,46.74,43.19,Holofoil,"<b>Poke-POWER</b> Psy Shadow 
<br>Once during your turn <em>(before your attack)</em>, you may search your deck for a Psychic Energy card and attach it to 1 of your Pokemon.  Put 2 damage counters on that Pokemon.  Shuffle your deck afterward.  This power can't be used if Gardevoir is affected by a Special Condition."
85632,Gardevoir,Gardevoir,https://tcgplayer-cdn.tcgplayer.com/product/85632_200w.jpg,3,1393,https://cpt.tcgcsv.com/GgJ,2023-12-21T20:34:34.253,1,7/109,Holo Rare,Psychic,100,Stage 2,"[P] Energy Burst (10x) 
<br>Does 10 damage times the total amount of Energy attached to Gardevoir and the Defending Pokemon.",,,P,None,2,35.0,53.48,82.21,50.15,,Reverse Holofoil,"<b>Poke-POWER</b> Psy Shadow 
<br>Once during your turn <em>(before your attack)</em>, you may search your deck for a Psychic Energy card and attach it to 1 of your Pokemon.  Put 2 damage counters on that Pokemon.  Shuffle your deck afterward.  This power can't be used if Gardevoir is affected by a Special Condition."
85803,Goldeen,Goldeen,https://tcgplayer-cdn.tcgplayer.com/product/85803_200w.jpg,3,1393,https://cpt.tcgcsv.com/5lJ,2024-09-20T15:40:58.823,1,55/109,Common,Water,50,Basic,"[1] Flail (10x) 
<br>Does 10 damage for each damage counter on Goldeen.",,,L,None,1,0.28,0.5,2.25,0.45,0.35,Normal,
85803,Goldeen,Goldeen,https://tcgplayer-cdn.tcgplayer.com/product/85803_200w.jpg,3,1393,https://cpt.tcgcsv.com/5lJ,2024-09-20T15:40:58.823,1,55/109,Common,Water,50,Basic,"[1] Flail (10x) 
<br>Does 10 damage for each damage counter on Goldeen.",,,L,None,1,2.2,2.99,3.2,3.67,,Reverse Holofoil,
85874,Grass Energy,Grass Energy,https://tcgplayer-cdn.tcgplayer.com/product/85874_200w.jpg,3,1393,https://cpt.tcgcsv.com/vmJ,2024-08-20T16:03:09.09,1,104/109,Common,Basic Energy,,,,,,,,,0.04,0.3,1.49,0.33,,Normal,
85874,Grass Energy,Grass Energy,https://tcgplayer-cdn.tcgplayer.com/product/85874_200w.jpg,3,1393,https://cpt.tcgcsv.com/vmJ,2024-08-20T16:03:09.09,1,104/109,Common,Basic Energy,,,,,,,,,2.75,3.64,8.0,9.7,,Reverse Holofoil,
85935,Grovyle - 31/109,Grovyle 31 109,https://tcgplayer-cdn.tcgplayer.com/product/85935_200w.jpg,3,1393,https://cpt.tcgcsv.com/KnJ,2023-12-21T20:54:32.033,1,31/109,Uncommon,Grass,70,Stage 1,"[2] Poison Breath 
<br>The Defending Pokemon is now Poisoned.","[2G] Swift (30) 
<br>This attack's damage isn't affected by Weakness, Resistance, Poke-Powers, Poke-Bodies, or any other effects on the Defending Pokemon.",,R,W,1,0.55,1.16,2.55,1.13,,Normal,
85935,Grovyle - 31/109,Grovyle 31 109,https://tcgplayer-cdn.tcgplayer.com/product/85935_200w.jpg,3,1393,https://cpt.tcgcsv.com/KnJ,2023-12-21T20:54:32.033,1,31/109,Uncommon,Grass,70,Stage 1,"[2] Poison Breath 
<br>The Defending Pokemon is now Poisoned.","[2G] Swift (30) 
<br>This attack's damage isn't affected by Weakness, Resistance, Poke-Powers, Poke-Bodies, or any other effects on the Defending Pokemon.",,R,W,1,5.07,10.46,15.4,11.0,,Reverse Holofoil,
85936,Grovyle - 32/109,Grovyle 32 109,https://tcgplayer-cdn.tcgplayer.com/product/85936_200w.jpg,3,1393,https://cpt.tcgcsv.com/LnJ,2023-12-21T20:54:44.283,1,32/109,Uncommon,Grass,80,Stage 1,[2] Slash (20),,,R,W,1,1.58,2.86,5.27,2.67,,Normal,"<b>Poke-BODY</b> Natural Care
<br>When you attach a Grass Energy card from your hand to Grovyle, remove all Special Conditions from Grovyle."
85936,Grovyle - 32/109,Grovyle 32 109,https://tcgplayer-cdn.tcgplayer.com/product/85936_200w.jpg,3,1393,https://cpt.tcgcsv.com/LnJ,2023-12-21T20:54:44.283,1,32/109,Uncommon,Grass,80,Stage 1,[2] Slash (20),,,R,W,1,2.05,6.66,12.0,10.62,,Reverse Holofoil,"<b>Poke-BODY</b> Natural Care
<br>When you attach a Grass Energy card from your hand to Grovyle, remove all Special Conditions from Grovyle."
86010,Hariyama - 8/109,Hariyama 8 109,https://tcgplayer-cdn.tcgplayer.com/product/86010_200w.jpg,3,1393,https://cpt.tcgcsv.com/dqJ,2023-12-21T20:34:44.867,1,8/109,Holo Rare,Fighting,90,Stage 1,"[F] Super Slap Push 
<br>Does 20 damage to each Defending Pokemon.","[2F] Mega Throw (40+) 
<br>If the Defending Pokemon is a Pokemon-ex, this attack does 40 damage plus 40 more damage.",,P,None,2,5.99,10.86,19.32,10.27,,Holofoil,
86010,Hariyama - 8/109,Hariyama 8 109,https://tcgplayer-cdn.tcgplayer.com/product/86010_200w.jpg,3,1393,https://cpt.tcgcsv.com/dqJ,2023-12-21T20:34:44.867,1,8/109,Holo Rare,Fighting,90,Stage 1,"[F] Super Slap Push 
<br>Does 20 damage to each Defending Pokemon.","[2F] Mega Throw (40+) 
<br>If the Defending Pokemon is a Pokemon-ex, this attack does 40 damage plus 40 more damage.",,P,None,2,3.5,6.54,9.99,7.48,,Reverse Holofoil,
86011,Hariyama - 33/109,Hariyama 33 109,https://tcgplayer-cdn.tcgplayer.com/product/86011_200w.jpg,3,1393,https://cpt.tcgcsv.com/fqJ,2023-12-21T20:54:52.4,1,33/109,Uncommon,Fighting,80,Stage 1,"[1F] Shove (20) 
<br>Flip a coin.  If heads, the Defending Pokemon is now Paralyzed.","[2F] Slap Down (40+) 
<br>Flip 2 coins.  This attack does 40 damage plus 10 more damage for each heads.",,P,None,1,0.26,0.54,1.99,0.54,0.43,Normal,
86011,Hariyama - 33/109,Hariyama 33 109,https://tcgplayer-cdn.tcgplayer.com/product/86011_200w.jpg,3,1393,https://cpt.tcgcsv.com/fqJ,2023-12-21T20:54:52.4,1,33/109,Uncommon,Fighting,80,Stage 1,"[1F] Shove (20) 
<br>Flip a coin.  If heads, the Defending Pokemon is now Paralyzed.","[2F] Slap Down (40+) 
<br>Flip 2 coins.  This attack does 40 damage plus 10 more damage for each heads.",,P,None,1,3.5,4.25,5.0,3.72,,Reverse Holofoil,
86099,Hitmonchan ex,Hitmonchan ex,https://tcgplayer-cdn.tcgplayer.com/product/86099_200w.jpg,3,1393,https://cpt.tcgcsv.com/_rJ,2023-12-21T21:09:18.297,1,98/109,Ultra Rare,Fighting,90,Basic,"[F] Steady Punch (10+)
<br>Flip a coin.  If heads, this attack does 10 damage plus 10 more damage.","[2FF] Sky Uppercut (50) 
<br>This attack's damage is not affected by Resistance.",,P,None,2,61.49,80.0,90.0,49.74,,Holofoil,
86459,Kirlia - 34/109,Kirlia 34 109,https://tcgplayer-cdn.tcgplayer.com/product/86459_200w.jpg,3,1393,https://cpt.tcgcsv.com/cCJ,2023-12-21T20:55:03.303,1,34/109,Uncommon,Psychic,70,Stage 1,"[P] Removal Beam (10) 
<br>Flip a coin.  If heads, discard 1 Energy card attached to the Defending Pokemon.",[2P] Super Psy (50),,P,None,1,1.03,1.81,3.75,1.91,,Normal,
86459,Kirlia - 34/109,Kirlia 34 109,https://tcgplayer-cdn.tcgplayer.com/product/86459_200w.jpg,3,1393,https://cpt.tcgcsv.com/cCJ,2023-12-21T20:55:03.303,1,34/109,Uncommon,Psychic,70,Stage 1,"[P] Removal Beam (10) 
<br>Flip a coin.  If heads, discard 1 Energy card attached to the Defending Pokemon.",[2P] Super Psy (50),,P,None,1,3.99,5.3,15.6,3.12,,Reverse Holofoil,
86460,Kirlia - 35/109,Kirlia 35 109,https://tcgplayer-cdn.tcgplayer.com/product/86460_200w.jpg,3,1393,https://cpt.tcgcsv.com/dCJ,2023-12-21T20:55:18.61,1,35/109,Uncommon,Psychic,70,Stage 1,"[1] Dazzle Dance 
<br>Flip a coin.  If heads, each Defending Pokemon is now Confused.","[P] Life Drain - Flip a coin.  If heads, put damage counters on the Defending Pokemon until it is 10 HP away from being Knocked Out.",,P,None,1,0.99,1.91,2.99,1.49,,Normal,
86460,Kirlia - 35/109,Kirlia 35 109,https://tcgplayer-cdn.tcgplayer.com/product/86460_200w.jpg,3,1393,https://cpt.tcgcsv.com/dCJ,2023-12-21T20:55:18.61,1,35/109,Uncommon,Psychic,70,Stage 1,"[1] Dazzle Dance 
<br>Flip a coin.  If heads, each Defending Pokemon is now Confused.","[P] Life Drain - Flip a coin.  If heads, put damage counters on the Defending Pokemon until it is 10 HP away from being Knocked Out.",,P,None,1,7.61,10.88,14.12,9.13,,Reverse Holofoil,
86490,Koffing,Koffing,https://tcgplayer-cdn.tcgplayer.com/product/86490_200w.jpg,3,1393,https://cpt.tcgcsv.com/QCJ,2024-08-20T16:03:09.123,1,54/109,Common,Grass,50,Basic,[1] Tackle (10),"[1G] Double Edge (30) 
<br>Koffing does 10 damage to itself.",,P,None,1,0.13,0.4,2.25,0.33,,Normal,
86490,Koffing,Koffing,https://tcgplayer-cdn.tcgplayer.com/product/86490_200w.jpg,3,1393,https://cpt.tcgcsv.com/QCJ,2024-08-20T16:03:09.123,1,54/109,Common,Grass,50,Basic,[1] Tackle (10),"[1G] Double Edge (30) 
<br>Koffing does 10 damage to itself.",,P,None,1,5.35,5.58,5.81,5.81,,Reverse Holofoil,
86571,Lady Outing,Lady Outing,https://tcgplayer-cdn.tcgplayer.com/product/86571_200w.jpg,3,1393,https://cpt.tcgcsv.com/rFJ,2024-08-20T16:03:09.17,1,83/109,Uncommon,Supporter,,,,,,,,,0.25,0.58,3.37,0.59,,Normal,"You can play only one Supporter card each turn.  When you play this card, put it next to your Active Pokemon.  When your turn ends, discard this card.
<br>
<br>Search your deck for up to 3 different types of basic Energy cards, show them to your opponent, and put them into your hand.  Shuffle your deck afterward."
86571,Lady Outing,Lady Outing,https://tcgplayer-cdn.tcgplayer.com/product/86571_200w.jpg,3,1393,https://cpt.tcgcsv.com/rFJ,2024-08-20T16:03:09.17,1,83/109,Uncommon,Supporter,,,,,,,,,0.24,1.83,5.09,1.9,1.28,Reverse Holofoil,"You can play only one Supporter card each turn.  When you play this card, put it next to your Active Pokemon.  When your turn ends, discard this card.
<br>
<br>Search your deck for up to 3 different types of basic Energy cards, show them to your opponent, and put them into your hand.  Shuffle your deck afterward."
86573,Lairon - 36/109,Lairon 36 109,https://tcgplayer-cdn.tcgplayer.com/product/86573_200w.jpg,3,1393,https://cpt.tcgcsv.com/tFJ,2023-12-21T20:55:44.017,1,36/109,Uncommon,Metal,70,Stage 1,[2] Ram (20),[2M] Metal Claw (40),,R,G,2,0.83,1.95,3.19,1.85,,Normal,
86573,Lairon - 36/109,Lairon 36 109,https://tcgplayer-cdn.tcgplayer.com/product/86573_200w.jpg,3,1393,https://cpt.tcgcsv.com/tFJ,2023-12-21T20:55:44.017,1,36/109,Uncommon,Metal,70,Stage 1,[2] Ram (20),[2M] Metal Claw (40),,R,G,2,2.05,3.08,4.99,3.17,,Reverse Holofoil,
86574,Lairon - 37/109,Lairon 37 109,https://tcgplayer-cdn.tcgplayer.com/product/86574_200w.jpg,3,1393,https://cpt.tcgcsv.com/vFJ,2023-12-21T20:55:54.02,1,37/109,Uncommon,Metal,80,Stage 1,"[M] Magnitude (20) 
<br>Does 10 damage to each Benched Pokemon (both yours and your opponent's). <i> (Don't apply Weakness and Resistance for Benched Pokemon.)</i>","[4] One-Two Strike (30+) 
<br>Flip 2 coins.  This attack does 30 damage plus 20 more for each heads.",,R,G,2,0.8,1.42,2.72,1.42,,Normal,
86574,Lairon - 37/109,Lairon 37 109,https://tcgplayer-cdn.tcgplayer.com/product/86574_200w.jpg,3,1393,https://cpt.tcgcsv.com/vFJ,2023-12-21T20:55:54.02,1,37/109,Uncommon,Metal,80,Stage 1,"[M] Magnitude (20) 
<br>Does 10 damage to each Benched Pokemon (both yours and your opponent's). <i> (Don't apply Weakness and Resistance for Benched Pokemon.)</i>","[4] One-Two Strike (30+) 
<br>Flip 2 coins.  This attack does 30 damage plus 20 more for each heads.",,R,G,2,3.4,4.79,6.59,4.48,,Reverse Holofoil,
86626,Lapras ex,Lapras ex,https://tcgplayer-cdn.tcgplayer.com/product/86626_200w.jpg,3,1393,https://cpt.tcgcsv.com/xGJ,2023-12-21T21:09:26.077,1,99/109,Ultra Rare,Water,110,Basic,"[W] Energy Ball (10+) 
<br>Does 10 damage plus 10 more damage for each Energy attached to Lapras ex but not used to pay for this attack's Energy cost.  You can't add more then 20 damage in this way.","[1WW] Confuse Ray (30) 
<br>The Defending Pokemon is now Confused.",,L,None,3,69.99,115.5,129.99,82.5,,Holofoil,
86761,Lightning Energy,Lightning Energy,https://tcgplayer-cdn.tcgplayer.com/product/86761_200w.jpg,3,1393,https://cpt.tcgcsv.com/fKJ,2025-03-06T09:36:13.91,1,109/109,Common,Basic Energy,,,,,,,,,0.1,0.3,1.5,0.27,0.24,Normal,
86761,Lightning Energy,Lightning Energy,https://tcgplayer-cdn.tcgplayer.com/product/86761_200w.jpg,3,1393,https://cpt.tcgcsv.com/fKJ,2025-03-06T09:36:13.91,1,109/109,Common,Basic Energy,,,,,,,,,5.11,7.82,19.97,9.03,,Reverse Holofoil,
86803,Linoone,Linoone,https://tcgplayer-cdn.tcgplayer.com/product/86803_200w.jpg,3,1393,https://cpt.tcgcsv.com/5LJ,2023-12-21T20:56:04.033,1,38/109,Uncommon,Colorless,70,Stage 1,"[1] Seek Out 
<br>Search your deck for up to 2 cards and put them into your hand.  Shuffle your deck afterward.","[2] Continuous Headbutt (40x) 
<br>Flip a coin until you get tails.  This attack does 40 damage times the number of heads.",,F,None,1,1.0,1.68,3.99,1.71,,Normal,
86803,Linoone,Linoone,https://tcgplayer-cdn.tcgplayer.com/product/86803_200w.jpg,3,1393,https://cpt.tcgcsv.com/5LJ,2023-12-21T20:56:04.033,1,38/109,Uncommon,Colorless,70,Stage 1,"[1] Seek Out 
<br>Search your deck for up to 2 cards and put them into your hand.  Shuffle your deck afterward.","[2] Continuous Headbutt (40x) 
<br>Flip a coin until you get tails.  This attack does 40 damage times the number of heads.",,F,None,1,2.58,4.68,5.25,4.11,,Reverse Holofoil,
86919,Lum Berry,Lum Berry,https://tcgplayer-cdn.tcgplayer.com/product/86919_200w.jpg,3,1393,https://cpt.tcgcsv.com/pNJ,2023-12-21T21:05:40.767,1,84/109,Uncommon,Tool,,,,,,,,,0.19,0.5,3.89,0.54,,Normal,"Attach Lum Berry to 1 of your Pokemon that doesn't already have a Pokemon Tool attached to it.  If that Pokemon is Knocked Out, discard this card.
<br>
<br>At any time between turns, if the Pokemon this card is attached to is affected by any Special Conditions, remove all of them.  Then discard Lum Berry."
86919,Lum Berry,Lum Berry,https://tcgplayer-cdn.tcgplayer.com/product/86919_200w.jpg,3,1393,https://cpt.tcgcsv.com/pNJ,2023-12-21T21:05:40.767,1,84/109,Uncommon,Tool,,,,,,,,,0.72,1.75,5.0,1.66,,Reverse Holofoil,"Attach Lum Berry to 1 of your Pokemon that doesn't already have a Pokemon Tool attached to it.  If that Pokemon is Knocked Out, discard this card.
<br>
<br>At any time between turns, if the Pokemon this card is attached to is affected by any Special Conditions, remove all of them.  Then discard Lum Berry."
87054,Magmar ex,Magmar ex,https://tcgplayer-cdn.tcgplayer.com/product/87054_200w.jpg,3,1393,https://cpt.tcgcsv.com/6RJ,2022-11-16T19:49:51.323,1,100/109,Ultra Rare,Fire,90,Basic,"[R] Smokescreen (10) 
<br>If the Defending Pokemon tries to attack during your opponent's next turn, your opponent flips a coin.  If tails, that attack does nothing.","[1RR] Super Singe (40) 
<br>The Defending Pokemon is now Burned.",,W,None,2,27.84,74.95,115.0,45.04,,Holofoil,
87125,Makuhita - 56109,Makuhita 56109,https://tcgplayer-cdn.tcgplayer.com/product/87125_200w.jpg,3,1393,https://cpt.tcgcsv.com/wSJ,2023-12-21T20:59:50.53,1,56/109,Common,Fighting,50,Basic,[1] Slap Punch (10),[2] Lunge Out (20),,P,None,1,0.09,0.33,4.78,0.3,,Normal,
87125,Makuhita - 56109,Makuhita 56109,https://tcgplayer-cdn.tcgplayer.com/product/87125_200w.jpg,3,1393,https://cpt.tcgcsv.com/wSJ,2023-12-21T20:59:50.53,1,56/109,Common,Fighting,50,Basic,[1] Slap Punch (10),[2] Lunge Out (20),,P,None,1,0.89,2.16,3.75,3.46,,Reverse Holofoil,
87126,Makuhita - 57/109,Makuhita 57 109,https://tcgplayer-cdn.tcgplayer.com/product/87126_200w.jpg,3,1393,https://cpt.tcgcsv.com/xSJ,2023-12-21T20:59:59.323,1,57/109,Common,Fighting,50,Basic,"[1] Fling
<br>Your opponent switches the Defending Pokemon with 1 of his or her Benched Pokemon.",[1F] Low Kick (30),,P,None,1,0.2,0.49,2.99,0.48,0.49,Normal,
87126,Makuhita - 57/109,Makuhita 57 109,https://tcgplayer-cdn.tcgplayer.com/product/87126_200w.jpg,3,1393,https://cpt.tcgcsv.com/xSJ,2023-12-21T20:59:59.323,1,57/109,Common,Fighting,50,Basic,"[1] Fling
<br>Your opponent switches the Defending Pokemon with 1 of his or her Benched Pokemon.",[1F] Low Kick (30),,P,None,1,1.5,2.98,5.0,2.91,,Reverse Holofoil,
87127,Makuhita - 58/109,Makuhita 58 109,https://tcgplayer-cdn.tcgplayer.com/product/87127_200w.jpg,3,1393,https://cpt.tcgcsv.com/zSJ,2023-12-21T21:00:09.92,1,58/109,Common,Fighting,50,Basic,"[F] Fake Out (10) 
<br>Flip a coin.  If heads, the Defending Pokemon is now Paralyzed.",,,P,None,1,0.34,0.66,2.99,0.66,,Normal,
87127,Makuhita - 58/109,Makuhita 58 109,https://tcgplayer-cdn.tcgplayer.com/product/87127_200w.jpg,3,1393,https://cpt.tcgcsv.com/zSJ,2023-12-21T21:00:09.92,1,58/109,Common,Fighting,50,Basic,"[F] Fake Out (10) 
<br>Flip a coin.  If heads, the Defending Pokemon is now Paralyzed.",,,P,None,1,1.5,4.0,5.39,3.06,4.03,Reverse Holofoil,
87153,Manectric - 9/109,Manectric 9 109,https://tcgplayer-cdn.tcgplayer.com/product/87153_200w.jpg,3,1393,https://cpt.tcgcsv.com/5TJ,2023-12-21T20:34:58.187,1,9/109,Holo Rare,Lightning,70,Stage 1,"[1] Attract Current (10) 
<br>Search your deck for a Lightning Energy card and attach it to 1 of your Pokemon.  Shuffle your deck afterward.","[1LL] Thunder jolt (50) 
<br>Flip a coin.  If tails, Manectric does 10 damage to itself.",,F,M,1,8.27,12.33,15.0,11.57,9.0,Holofoil,
87153,Manectric - 9/109,Manectric 9 109,https://tcgplayer-cdn.tcgplayer.com/product/87153_200w.jpg,3,1393,https://cpt.tcgcsv.com/5TJ,2023-12-21T20:34:58.187,1,9/109,Holo Rare,Lightning,70,Stage 1,"[1] Attract Current (10) 
<br>Search your deck for a Lightning Energy card and attach it to 1 of your Pokemon.  Shuffle your deck afterward.","[1LL] Thunder jolt (50) 
<br>Flip a coin.  If tails, Manectric does 10 damage to itself.",,F,M,1,7.94,8.4,29.99,7.93,,Reverse Holofoil,
87154,Manectric - 39/109,Manectric 39 109,https://tcgplayer-cdn.tcgplayer.com/product/87154_200w.jpg,3,1393,https://cpt.tcgcsv.com/6TJ,2023-12-21T20:56:14.1,1,39/109,Uncommon,Lightning,70,Stage 1,"[2] Thundershock (20) 
<br>Flip a coin.  If heads, the Defending Pokemon is now Paralyzed.","[2L] Gigashock (40) 
<br>Does 10 damage to 2 of your opponent's Benched Pokemon (1 if there is only 1). <i> (Don't apply Weakness and Resistance for Benched Pokemon.)</i>",,F,M,1,0.75,1.2,2.63,1.19,,Normal,
87154,Manectric - 39/109,Manectric 39 109,https://tcgplayer-cdn.tcgplayer.com/product/87154_200w.jpg,3,1393,https://cpt.tcgcsv.com/6TJ,2023-12-21T20:56:14.1,1,39/109,Uncommon,Lightning,70,Stage 1,"[2] Thundershock (20) 
<br>Flip a coin.  If heads, the Defending Pokemon is now Paralyzed.","[2L] Gigashock (40) 
<br>Does 10 damage to 2 of your opponent's Benched Pokemon (1 if there is only 1). <i> (Don't apply Weakness and Resistance for Benched Pokemon.)</i>",,F,M,1,3.17,3.85,4.5,3.77,,Reverse Holofoil,
87232,Marshtomp - 40/109,Marshtomp 40 109,https://tcgplayer-cdn.tcgplayer.com/product/87232_200w.jpg,3,1393,https://cpt.tcgcsv.com/GVJ,2023-12-21T20:56:29.193,1,40/109,Uncommon,Water,70,Stage 1,"[W] Bubble (10) 
<br>Flip a coin.  If heads, the Defending Pokemon is now Paralyzed.",[3] Slash (40),,L,None,1,0.45,1.0,2.3,1.01,,Normal,
87232,Marshtomp - 40/109,Marshtomp 40 109,https://tcgplayer-cdn.tcgplayer.com/product/87232_200w.jpg,3,1393,https://cpt.tcgcsv.com/GVJ,2023-12-21T20:56:29.193,1,40/109,Uncommon,Water,70,Stage 1,"[W] Bubble (10) 
<br>Flip a coin.  If heads, the Defending Pokemon is now Paralyzed.",[3] Slash (40),,L,None,1,9.59,19.75,26.0,10.51,,Reverse Holofoil,
87233,Marshtomp - 41/109,Marshtomp 41 109,https://tcgplayer-cdn.tcgplayer.com/product/87233_200w.jpg,3,1393,https://cpt.tcgcsv.com/HVJ,2023-12-21T20:56:49.073,1,41/109,Uncommon,Water,80,Stage 1,"[2] Aqua Sonic (20) 
<br>This attack's damage is not affected by Resistance.",,,L,None,1,1.0,1.34,2.57,2.52,,Normal,"<b>Poke-BODY</b> Natural Care
<br>When you attach a Water Energy card from your hand to Marshtomp, remove all Special Conditions from Marshtomp."
87233,Marshtomp - 41/109,Marshtomp 41 109,https://tcgplayer-cdn.tcgplayer.com/product/87233_200w.jpg,3,1393,https://cpt.tcgcsv.com/HVJ,2023-12-21T20:56:49.073,1,41/109,Uncommon,Water,80,Stage 1,"[2] Aqua Sonic (20) 
<br>This attack's damage is not affected by Resistance.",,,L,None,1,4.81,8.97,13.12,19.85,,Reverse Holofoil,"<b>Poke-BODY</b> Natural Care
<br>When you attach a Water Energy card from your hand to Marshtomp, remove all Special Conditions from Marshtomp."
87356,Metal Energy (Special),Metal Energy Special,https://tcgplayer-cdn.tcgplayer.com/product/87356_200w.jpg,3,1393,https://cpt.tcgcsv.com/8ZJ,2024-08-20T16:03:09.2,1,94/109,Rare,Special Metal Energy,,,,,,,,,0.32,0.75,5.97,0.76,0.5,Normal,Damage done by attacks to the Pokemon that Metal Energy is attached to is reduced by 10 <em>(after applying Weakness and Resistance.)</em> Ignore this effect if the Pokemon that Metal Energy is attached to isn't Metal.  Metal Energy provides Metal Energy.  <em>(Doesn't count as a basic Energy card.)</em>
87356,Metal Energy (Special),Metal Energy Special,https://tcgplayer-cdn.tcgplayer.com/product/87356_200w.jpg,3,1393,https://cpt.tcgcsv.com/8ZJ,2024-08-20T16:03:09.2,1,94/109,Rare,Special Metal Energy,,,,,,,,,1.2,5.14,7.0,4.94,5.34,Reverse Holofoil,Damage done by attacks to the Pokemon that Metal Energy is attached to is reduced by 10 <em>(after applying Weakness and Resistance.)</em> Ignore this effect if the Pokemon that Metal Energy is attached to isn't Metal.  Metal Energy provides Metal Energy.  <em>(Doesn't count as a basic Energy card.)</em>
87428,Mewtwo ex,Mewtwo ex,https://tcgplayer-cdn.tcgplayer.com/product/87428_200w.jpg,3,1393,https://cpt.tcgcsv.com/B-J,2022-11-16T19:49:57.21,1,101/109,Ultra Rare,Psychic,100,Basic,"[P] Energy Absorption 
<br>Attach up to 2 Energy cards from your discard pile to Mewtwo ex.",[1PP] Psyburn (60),,P,None,3,146.99,149.0,395.0,156.24,,Holofoil,
87443,Mightyena - 10/109,Mightyena 10 109,https://tcgplayer-cdn.tcgplayer.com/product/87443_200w.jpg,3,1393,https://cpt.tcgcsv.com/T-J,2023-12-21T20:35:12.017,1,10/109,Holo Rare,Darkness,70,Stage 1,"[2D] Shakedown (40) 
<br>Flip a coin.  If heads, choose 1 card from your opponent's hand without looking and discard it.",,,F,P,1,10.16,19.0,24.99,13.24,18.74,Holofoil,"<b>Poke-BODY</b> Intimidating Fang 
<br>As long as Mightyena is your Active Pokemon, any damage done to your Pokemon by an opponent's attack is reduced by 10 <em>(before applying Weakness and Resistance). </em>"
87443,Mightyena - 10/109,Mightyena 10 109,https://tcgplayer-cdn.tcgplayer.com/product/87443_200w.jpg,3,1393,https://cpt.tcgcsv.com/T-J,2023-12-21T20:35:12.017,1,10/109,Holo Rare,Darkness,70,Stage 1,"[2D] Shakedown (40) 
<br>Flip a coin.  If heads, choose 1 card from your opponent's hand without looking and discard it.",,,F,P,1,13.0,17.25,32.0,16.67,,Reverse Holofoil,"<b>Poke-BODY</b> Intimidating Fang 
<br>As long as Mightyena is your Active Pokemon, any damage done to your Pokemon by an opponent's attack is reduced by 10 <em>(before applying Weakness and Resistance). </em>"
87444,Mightyena - 42/109,Mightyena 42 109,https://tcgplayer-cdn.tcgplayer.com/product/87444_200w.jpg,3,1393,https://cpt.tcgcsv.com/V-J,2023-12-21T20:56:58.67,1,42/109,Uncommon,Darkness,70,Stage 1,[2] Bite (20),"[2D] Ambush (30+) 
<br>Flip a coin.  If heads, this attack does 30 damage plus 30 more damage.",,F,P,1,0.95,1.5,6.45,1.41,,Normal,
87444,Mightyena - 42/109,Mightyena 42 109,https://tcgplayer-cdn.tcgplayer.com/product/87444_200w.jpg,3,1393,https://cpt.tcgcsv.com/V-J,2023-12-21T20:56:58.67,1,42/109,Uncommon,Darkness,70,Stage 1,[2] Bite (20),"[2D] Ambush (30+) 
<br>Flip a coin.  If heads, this attack does 30 damage plus 30 more damage.",,F,P,1,3.69,5.16,13.33,7.88,,Reverse Holofoil,
87605,Mudkip - 59/109,Mudkip 59 109,https://tcgplayer-cdn.tcgplayer.com/product/87605_200w.jpg,3,1393,https://cpt.tcgcsv.com/73K,2023-12-21T21:00:30.05,1,59/109,Common,Water,50,Basic,"[W] Bubble (10) 
<br>Flip a coin.  If heads, the Defending Pokemon is now Paralyzed.",,,L,None,1,1.33,2.0,3.63,1.96,,Normal,
87605,Mudkip - 59/109,Mudkip 59 109,https://tcgplayer-cdn.tcgplayer.com/product/87605_200w.jpg,3,1393,https://cpt.tcgcsv.com/73K,2023-12-21T21:00:30.05,1,59/109,Common,Water,50,Basic,"[W] Bubble (10) 
<br>Flip a coin.  If heads, the Defending Pokemon is now Paralyzed.",,,L,None,1,4.99,4.99,19.47,19.13,,Reverse Holofoil,
87606,Mudkip - 60/109,Mudkip 60 109,https://tcgplayer-cdn.tcgplayer.com/product/87606_200w.jpg,3,1393,https://cpt.tcgcsv.com/83K,2023-12-21T21:00:53.243,1,60/109,Common,Water,50,Basic,[1] Pound (10),"[2] Fury Swipes (10x) 
<br>Flip 3 coins.  This attack does 10 damage times the number of heads.",,L,None,1,0.35,1.1,150.0,1.26,,Normal,
87606,Mudkip - 60/109,Mudkip 60 109,https://tcgplayer-cdn.tcgplayer.com/product/87606_200w.jpg,3,1393,https://cpt.tcgcsv.com/83K,2023-12-21T21:00:53.243,1,60/109,Common,Water,50,Basic,[1] Pound (10),"[2] Fury Swipes (10x) 
<br>Flip 3 coins.  This attack does 10 damage times the number of heads.",,L,None,1,9.99,9.99,14.44,13.38,,Reverse Holofoil,
87797,Nosepass,Nosepass,https://tcgplayer-cdn.tcgplayer.com/product/87797_200w.jpg,3,1393,https://cpt.tcgcsv.com/Z7K,2023-12-21T20:51:15.027,1,18/109,Rare,Fighting,60,Basic,"[1] Invisible Hand 
<br>If any of your opponent's Active Pokemon are Evolved Pokemon, search your deck for any 1 card and put it into your hand.  Shuffle your deck afterward.","[2] Repulsion
<br>Flip a coin.  If heads, your opponent returns the Defending Pokemon and all cards attached to it in his or her hand.  <i>(If your opponent doesn't have any Benched Pokemon or other Active Pokemon, this attack does nothing.)</i>",,W,None,1,0.69,1.15,7.49,1.13,,Normal,
87797,Nosepass,Nosepass,https://tcgplayer-cdn.tcgplayer.com/product/87797_200w.jpg,3,1393,https://cpt.tcgcsv.com/Z7K,2023-12-21T20:51:15.027,1,18/109,Rare,Fighting,60,Basic,"[1] Invisible Hand 
<br>If any of your opponent's Active Pokemon are Evolved Pokemon, search your deck for any 1 card and put it into your hand.  Shuffle your deck afterward.","[2] Repulsion
<br>Flip a coin.  If heads, your opponent returns the Defending Pokemon and all cards attached to it in his or her hand.  <i>(If your opponent doesn't have any Benched Pokemon or other Active Pokemon, this attack does nothing.)</i>",,W,None,1,4.95,5.63,6.3,3.49,,Reverse Holofoil,
87805,Numel,Numel,https://tcgplayer-cdn.tcgplayer.com/product/87805_200w.jpg,3,1393,https://cpt.tcgcsv.com/78K,2023-12-21T21:01:01.473,1,61/109,Common,Fire,50,Basic,[1] Headbutt (10),"[1R] Burn Off 
<br>Flip a coin.  If heads, each Defending Pokemon is now Burned.",,W,None,1,0.24,0.49,1.99,0.43,0.31,Normal,
87805,Numel,Numel,https://tcgplayer-cdn.tcgplayer.com/product/87805_200w.jpg,3,1393,https://cpt.tcgcsv.com/78K,2023-12-21T21:01:01.473,1,61/109,Common,Fire,50,Basic,[1] Headbutt (10),"[1R] Burn Off 
<br>Flip a coin.  If heads, each Defending Pokemon is now Burned.",,W,None,1,1.56,2.19,4.0,2.89,,Reverse Holofoil,
87888,Oran Berry,Oran Berry,https://tcgplayer-cdn.tcgplayer.com/product/87888_200w.jpg,3,1393,https://cpt.tcgcsv.com/N9K,2023-12-21T21:05:57.093,1,85/109,Uncommon,Tool,,,,,,,,,0.32,0.74,4.49,0.78,,Normal,"Attach Oran Berry to 1 of your Pokemon that doesn't already have a Pokemon Tool attached to it.  If that Pokemon is Knocked Out, discard this card.
<br>
<br>At any time between turns, if the Pokemon this card is attached to has at least 2 damage counters on it, remove 2 damage counters from it.  The discard Oran Berry."
87888,Oran Berry,Oran Berry,https://tcgplayer-cdn.tcgplayer.com/product/87888_200w.jpg,3,1393,https://cpt.tcgcsv.com/N9K,2023-12-21T21:05:57.093,1,85/109,Uncommon,Tool,,,,,,,,,1.25,1.83,5.5,2.82,,Reverse Holofoil,"Attach Oran Berry to 1 of your Pokemon that doesn't already have a Pokemon Tool attached to it.  If that Pokemon is Knocked Out, discard this card.
<br>
<br>At any time between turns, if the Pokemon this card is attached to has at least 2 damage counters on it, remove 2 damage counters from it.  The discard Oran Berry."
87974,Pelipper,Pelipper,https://tcgplayer-cdn.tcgplayer.com/product/87974_200w.jpg,3,1393,https://cpt.tcgcsv.com/vcK,2023-12-21T20:51:42.503,1,19/109,Rare,Water,70,Stage 1,"[1] Stockpile 
<br>During your next turn, Spit Up's base damage is 70 instead of 30, and Swallow's base damage is 60 instead of 20.",[1W] Spit Up (30),"[2W] Swallow (20) 
<br>After your attack, remove from Pelipper the number of damage counters equal to the damage you did to the Defending Pokemon.  If Pelipper has fewer damage counters than that, remove all of them.",L,F,1,0.32,0.77,2.97,0.77,0.89,Normal,
87974,Pelipper,Pelipper,https://tcgplayer-cdn.tcgplayer.com/product/87974_200w.jpg,3,1393,https://cpt.tcgcsv.com/vcK,2023-12-21T20:51:42.503,1,19/109,Rare,Water,70,Stage 1,"[1] Stockpile 
<br>During your next turn, Spit Up's base damage is 70 instead of 30, and Swallow's base damage is 60 instead of 20.",[1W] Spit Up (30),"[2W] Swallow (20) 
<br>After your attack, remove from Pelipper the number of damage counters equal to the damage you did to the Defending Pokemon.  If Pelipper has fewer damage counters than that, remove all of them.",L,F,1,3.0,4.83,5.99,4.58,,Reverse Holofoil,
87996,Phanpy,Phanpy,https://tcgplayer-cdn.tcgplayer.com/product/87996_200w.jpg,3,1393,https://cpt.tcgcsv.com/XcK,2023-12-21T21:01:09.443,1,62/109,Common,Fighting,50,Basic,[1] Stampede (10),"[1F] Trembler
<br>Flip a coin.  If heads, this attack does 10 damage to each Defending Pokemon, and each Defending Pokemon is now Paralyzed.",,G,None,1,0.47,1.0,3.3,0.93,,Normal,
87996,Phanpy,Phanpy,https://tcgplayer-cdn.tcgplayer.com/product/87996_200w.jpg,3,1393,https://cpt.tcgcsv.com/XcK,2023-12-21T21:01:09.443,1,62/109,Common,Fighting,50,Basic,[1] Stampede (10),"[1F] Trembler
<br>Flip a coin.  If heads, this attack does 10 damage to each Defending Pokemon, and each Defending Pokemon is now Paralyzed.",,G,None,1,2.25,2.43,20.0,4.78,,Reverse Holofoil,
88182,Poke Ball,Poke Ball,https://tcgplayer-cdn.tcgplayer.com/product/88182_200w.jpg,3,1393,https://cpt.tcgcsv.com/GhK,2023-12-21T21:06:05.97,1,86/109,Uncommon,Item,,,,,,,,,0.17,0.39,1.99,0.34,,Normal,"Flip a coin.  If heads, search your deck for a Basic Pokemon or Evolution card, show it to your opponent and put it into your hand.  Shuffle your deck afterward."
88182,Poke Ball,Poke Ball,https://tcgplayer-cdn.tcgplayer.com/product/88182_200w.jpg,3,1393,https://cpt.tcgcsv.com/GhK,2023-12-21T21:06:05.97,1,86/109,Uncommon,Item,,,,,,,,,1.5,2.62,8.0,3.54,,Reverse Holofoil,"Flip a coin.  If heads, search your deck for a Basic Pokemon or Evolution card, show it to your opponent and put it into your hand.  Shuffle your deck afterward."
88237,Pokemon Reversal,Pokemon Reversal,https://tcgplayer-cdn.tcgplayer.com/product/88237_200w.jpg,3,1393,https://cpt.tcgcsv.com/MjK,2023-12-21T21:06:14.237,1,87/109,Uncommon,Item,,,,,,,,,0.72,1.28,2.39,1.42,,Normal,"Choose 1 of your opponent's Benched Pokemon.  Flip a coin.  If heads, switch that Pokemon with the Defending Pokemon.
<br>
<br><b><em>(Old card text, reference latest printing.)</em></b>"
88237,Pokemon Reversal,Pokemon Reversal,https://tcgplayer-cdn.tcgplayer.com/product/88237_200w.jpg,3,1393,https://cpt.tcgcsv.com/MjK,2023-12-21T21:06:14.237,1,87/109,Uncommon,Item,,,,,,,,,3.33,4.06,4.88,4.65,,Reverse Holofoil,"Choose 1 of your opponent's Benched Pokemon.  Flip a coin.  If heads, switch that Pokemon with the Defending Pokemon.
<br>
<br><b><em>(Old card text, reference latest printing.)</em></b>"
88243,Pokenav,Pokenav,https://tcgplayer-cdn.tcgplayer.com/product/88243_200w.jpg,3,1393,https://cpt.tcgcsv.com/TjK,2024-02-02T06:46:45.153,1,88/109,Uncommon,Item,,,,,,,,,0.13,0.33,35.0,0.33,0.17,Normal,"Look at the top 3 cards of your deck, and choose a Basic Pokemon, Evolution, or Energy Card.  Show it to your opponent and put it into your hand.  Put the 2 other cards back on top of your deck in any order."
88243,Pokenav,Pokenav,https://tcgplayer-cdn.tcgplayer.com/product/88243_200w.jpg,3,1393,https://cpt.tcgcsv.com/TjK,2024-02-02T06:46:45.153,1,88/109,Uncommon,Item,,,,,,,,,0.99,2.32,10.0,3.97,,Reverse Holofoil,"Look at the top 3 cards of your deck, and choose a Basic Pokemon, Evolution, or Energy Card.  Show it to your opponent and put it into your hand.  Put the 2 other cards back on top of your deck in any order."
88293,Poochyena - 63/109,Poochyena 63 109,https://tcgplayer-cdn.tcgplayer.com/product/88293_200w.jpg,3,1393,https://cpt.tcgcsv.com/TkK,2023-12-21T21:01:22.343,1,63/109,Common,Darkness,40,Basic,[1] Bite (10),,,F,P,1,0.19,0.5,1.99,0.42,,Normal,
88293,Poochyena - 63/109,Poochyena 63 109,https://tcgplayer-cdn.tcgplayer.com/product/88293_200w.jpg,3,1393,https://cpt.tcgcsv.com/TkK,2023-12-21T21:01:22.343,1,63/109,Common,Darkness,40,Basic,[1] Bite (10),,,F,P,1,1.0,1.87,5.0,4.51,,Reverse Holofoil,
88294,Poochyena - 64/109,Poochyena 64 109,https://tcgplayer-cdn.tcgplayer.com/product/88294_200w.jpg,3,1393,https://cpt.tcgcsv.com/VkK,2023-12-21T21:01:31.323,1,64/109,Common,Darkness,50,Basic,"[D] Knock Off 
<br>Flip a coin.  If heads, choose 1 card from your opponent's hand without looking and discard it.",[2] Rear Kick (20),,F,P,1,0.45,0.72,1.99,0.75,,Normal,
88294,Poochyena - 64/109,Poochyena 64 109,https://tcgplayer-cdn.tcgplayer.com/product/88294_200w.jpg,3,1393,https://cpt.tcgcsv.com/VkK,2023-12-21T21:01:31.323,1,64/109,Common,Darkness,50,Basic,"[D] Knock Off 
<br>Flip a coin.  If heads, choose 1 card from your opponent's hand without looking and discard it.",[2] Rear Kick (20),,F,P,1,3.2,4.28,6.05,4.04,,Reverse Holofoil,
88295,Poochyena - 65/109,Poochyena 65 109,https://tcgplayer-cdn.tcgplayer.com/product/88295_200w.jpg,3,1393,https://cpt.tcgcsv.com/WkK,2023-12-21T21:01:41.333,1,65/109,Common,Darkness,50,Basic,"[D] Shadow Bind (10) 
<br>The Defending Pokemon can't retreat until the end of your opponent's next turn.",,,F,P,1,0.25,0.72,1.99,0.78,,Normal,
88295,Poochyena - 65/109,Poochyena 65 109,https://tcgplayer-cdn.tcgplayer.com/product/88295_200w.jpg,3,1393,https://cpt.tcgcsv.com/WkK,2023-12-21T21:01:41.333,1,65/109,Common,Darkness,50,Basic,"[D] Shadow Bind (10) 
<br>The Defending Pokemon can't retreat until the end of your opponent's next turn.",,,F,P,1,1.58,1.95,2.89,2.81,,Reverse Holofoil,
88330,Potion,Potion,https://tcgplayer-cdn.tcgplayer.com/product/88330_200w.jpg,3,1393,https://cpt.tcgcsv.com/DlK,2023-12-21T21:08:12.007,1,91/109,Common,Item,,,,,,,,,0.03,0.22,3.5,0.18,0.2,Normal,"Remove 2 damage counters from 1 of your Pokemon (remove 1 damage counter if that Pokemon has only 1).
<br>
<br><b><em>(Old card text, reference latest printing)</b></em>"
88330,Potion,Potion,https://tcgplayer-cdn.tcgplayer.com/product/88330_200w.jpg,3,1393,https://cpt.tcgcsv.com/DlK,2023-12-21T21:08:12.007,1,91/109,Common,Item,,,,,,,,,0.49,1.78,4.0,3.13,,Reverse Holofoil,"Remove 2 damage counters from 1 of your Pokemon (remove 1 damage counter if that Pokemon has only 1).
<br>
<br><b><em>(Old card text, reference latest printing)</b></em>"
88381,Professor Birch,Professor Birch,https://tcgplayer-cdn.tcgplayer.com/product/88381_200w.jpg,3,1393,https://cpt.tcgcsv.com/FmK,2024-09-20T15:43:58.873,1,89/109,Uncommon,Supporter,,,,,,,,,0.15,0.4,1.56,0.41,,Normal,"You can play only one Supporter card each turn.  When you play this card, put it next to your Active Pokemon.  When your turn ends, discard this card.
<br>
<br>Draw cards from your deck until you have 6 cards in your hand."
88381,Professor Birch,Professor Birch,https://tcgplayer-cdn.tcgplayer.com/product/88381_200w.jpg,3,1393,https://cpt.tcgcsv.com/FmK,2024-09-20T15:43:58.873,1,89/109,Uncommon,Supporter,,,,,,,,,1.67,2.43,7.17,3.48,,Reverse Holofoil,"You can play only one Supporter card each turn.  When you play this card, put it next to your Active Pokemon.  When your turn ends, discard this card.
<br>
<br>Draw cards from your deck until you have 6 cards in your hand."
88418,Psychic Energy,Psychic Energy,https://tcgplayer-cdn.tcgplayer.com/product/88418_200w.jpg,3,1393,https://cpt.tcgcsv.com/nnK,2022-11-16T19:51:03.177,1,107/109,Common,Basic Energy,,,,,,,,,0.5,1.04,1.99,1.01,,Normal,
88418,Psychic Energy,Psychic Energy,https://tcgplayer-cdn.tcgplayer.com/product/88418_200w.jpg,3,1393,https://cpt.tcgcsv.com/nnK,2022-11-16T19:51:03.177,1,107/109,Common,Basic Energy,,,,,,,,,1.8,3.72,8.02,11.4,,Reverse Holofoil,
88545,Rainbow Energy,Rainbow Energy,https://tcgplayer-cdn.tcgplayer.com/product/88545_200w.jpg,3,1393,https://cpt.tcgcsv.com/WqK,2023-12-21T21:08:44.67,1,95/109,Rare,Special Energy,,,,,,,,,0.7,1.48,5.0,1.48,,Normal,"Attach Rainbow Energy to 1 of your Pokemon.  While in play, Rainbow Energy provides every type of energy but provides only 1 energy at a time.  <em>(Doesn't count as a basic Energy card when not in play.)</em> When you attach this card from your hand to 1 of your Pokemon, put 1 damage counter on that Pokemon."
88545,Rainbow Energy,Rainbow Energy,https://tcgplayer-cdn.tcgplayer.com/product/88545_200w.jpg,3,1393,https://cpt.tcgcsv.com/WqK,2023-12-21T21:08:44.67,1,95/109,Rare,Special Energy,,,,,,,,,4.11,9.56,13.5,8.39,,Reverse Holofoil,"Attach Rainbow Energy to 1 of your Pokemon.  While in play, Rainbow Energy provides every type of energy but provides only 1 energy at a time.  <em>(Doesn't count as a basic Energy card when not in play.)</em> When you attach this card from your hand to 1 of your Pokemon, put 1 damage counter on that Pokemon."
88554,Ralts - 66/109,Ralts 66 109,https://tcgplayer-cdn.tcgplayer.com/product/88554_200w.jpg,3,1393,https://cpt.tcgcsv.com/6rK,2024-12-28T12:56:49.88,1,66/109,Common,Psychic,50,Basic,"[P] Confuse Ray (10) 
<br>Flip a coin.  If heads, the Defending Pokemon is now Confused.",,,P,None,1,0.44,0.56,1.99,0.6,0.5,Normal,
88554,Ralts - 66/109,Ralts 66 109,https://tcgplayer-cdn.tcgplayer.com/product/88554_200w.jpg,3,1393,https://cpt.tcgcsv.com/6rK,2024-12-28T12:56:49.88,1,66/109,Common,Psychic,50,Basic,"[P] Confuse Ray (10) 
<br>Flip a coin.  If heads, the Defending Pokemon is now Confused.",,,P,None,1,4.58,5.2,39.99,9.56,,Reverse Holofoil,
88555,Ralts - 67/109,Ralts 67 109,https://tcgplayer-cdn.tcgplayer.com/product/88555_200w.jpg,3,1393,https://cpt.tcgcsv.com/7rK,2023-12-21T21:02:03.217,1,67/109,Common,Psychic,50,Basic,[1] Headbutt (10),"[1P] Hypnoblast (20) 
<br>The Defending Pokemon is now Asleep.",,P,None,1,0.4,0.95,2.14,1.01,,Normal,
88555,Ralts - 67/109,Ralts 67 109,https://tcgplayer-cdn.tcgplayer.com/product/88555_200w.jpg,3,1393,https://cpt.tcgcsv.com/7rK,2023-12-21T21:02:03.217,1,67/109,Common,Psychic,50,Basic,[1] Headbutt (10),"[1P] Hypnoblast (20) 
<br>The Defending Pokemon is now Asleep.",,P,None,1,4.94,5.64,7.8,8.4,,Reverse Holofoil,
88556,Ralts - 68/109,Ralts 68 109,https://tcgplayer-cdn.tcgplayer.com/product/88556_200w.jpg,3,1393,https://cpt.tcgcsv.com/8rK,2023-12-21T21:02:14.643,1,68/109,Common,Psychic,50,Basic,[1] Pound (10),"[1P] Link Blast (40) 
<br>If Ralts and the Defending Pokemon have a different amount of Energy attached to them, this attack's base damage is 10 instead of 40.",,P,None,1,0.5,0.89,2.0,0.96,,Normal,
88556,Ralts - 68/109,Ralts 68 109,https://tcgplayer-cdn.tcgplayer.com/product/88556_200w.jpg,3,1393,https://cpt.tcgcsv.com/8rK,2023-12-21T21:02:14.643,1,68/109,Common,Psychic,50,Basic,[1] Pound (10),"[1P] Link Blast (40) 
<br>If Ralts and the Defending Pokemon have a different amount of Energy attached to them, this attack's base damage is 10 instead of 40.",,P,None,1,4.11,5.74,9.97,6.7,,Reverse Holofoil,
88944,Sceptile - 11/109,Sceptile 11 109,https://tcgplayer-cdn.tcgplayer.com/product/88944_200w.jpg,3,1393,https://cpt.tcgcsv.com/VBK,2023-12-21T20:35:22.583,1,11/109,Holo Rare,Grass,120,Stage 2,"[1] Lizard Poison (20) 
<br>If 1 Energy is attached to Sceptile, the Defending Pokemon is now Asleep.  If 2 Energy is attached to Sceptile, the Defending Pokemon is now Poisoned.  If 3 Energy is attached to Sceptile, the Defending Pokemon is now Asleep and Poisoned.  If 4 or more Energy is attached to Sceptile, the Defending Pokemon is now Asleep, Burned, and Poisoned.",[3GG] Solarbeam (70),,R,W,3,47.99,51.04,99.99,72.44,,Holofoil,
88944,Sceptile - 11/109,Sceptile 11 109,https://tcgplayer-cdn.tcgplayer.com/product/88944_200w.jpg,3,1393,https://cpt.tcgcsv.com/VBK,2023-12-21T20:35:22.583,1,11/109,Holo Rare,Grass,120,Stage 2,"[1] Lizard Poison (20) 
<br>If 1 Energy is attached to Sceptile, the Defending Pokemon is now Asleep.  If 2 Energy is attached to Sceptile, the Defending Pokemon is now Poisoned.  If 3 Energy is attached to Sceptile, the Defending Pokemon is now Asleep and Poisoned.  If 4 or more Energy is attached to Sceptile, the Defending Pokemon is now Asleep, Burned, and Poisoned.",[3GG] Solarbeam (70),,R,W,3,40.0,47.75,149.99,60.09,,Reverse Holofoil,
88945,Sceptile - 20/109,Sceptile 20 109,https://tcgplayer-cdn.tcgplayer.com/product/88945_200w.jpg,3,1393,https://cpt.tcgcsv.com/WBK,2023-12-21T20:51:53.233,1,20/109,Rare,Grass,100,Stage 2,"[2G] Tail Rap (50x) 
<br>Flip 2 coins.  This attack does 50 damage times the number of heads.",,,R,W,3,1.56,5.02,10.22,5.0,,Normal,"<b>Poke-POWER</b> Energy Trans 
<br>As often as you like during your turn <em>(before your attack)</em>, move a Grass Energy card attached to 1 of your Pokemon to another of your Pokemon.  This power can't be used if Sceptile is affected by a Special Condition."
88945,Sceptile - 20/109,Sceptile 20 109,https://tcgplayer-cdn.tcgplayer.com/product/88945_200w.jpg,3,1393,https://cpt.tcgcsv.com/WBK,2023-12-21T20:51:53.233,1,20/109,Rare,Grass,100,Stage 2,"[2G] Tail Rap (50x) 
<br>Flip 2 coins.  This attack does 50 damage times the number of heads.",,,R,W,3,13.49,15.74,17.99,13.89,,Reverse Holofoil,"<b>Poke-POWER</b> Energy Trans 
<br>As often as you like during your turn <em>(before your attack)</em>, move a Grass Energy card attached to 1 of your Pokemon to another of your Pokemon.  This power can't be used if Sceptile is affected by a Special Condition."
89007,Scyther ex,Scyther ex,https://tcgplayer-cdn.tcgplayer.com/product/89007_200w.jpg,3,1393,https://cpt.tcgcsv.com/9DK,2023-06-05T08:22:52.247,1,102/109,Ultra Rare,Grass,80,Basic,"[G] Agility (10)
<br>Flip a coin.  If heads, prevent all effects of an attack, including damage, done to Scyther ex during your opponent's next turn.",[1GG] Slash (50),,R,F,1,85.0,100.0,120.98,89.68,,Holofoil,
89021,Seaking,Seaking,https://tcgplayer-cdn.tcgplayer.com/product/89021_200w.jpg,3,1393,https://cpt.tcgcsv.com/rDK,2023-12-21T20:52:14.78,1,21/109,Rare,Water,70,Stage 1,"[W] Water Arrow
<br>Choose 1 of your opponent's Pokemon.  This attack does 20 damage to that Pokemon.  <i>(Don't apply Weakness and Resistance for Benched Pokemon.)</i>","[2] Fast Stream (30) 
<br>Move 1 Energy card attached to the Defending Pokemon to the other Defending Pokemon.  <i>(Ignore this effect if your opponent has only 1 Defending Pokemon.)</i>",,L,None,0,0.25,0.67,2.49,0.63,,Normal,
89021,Seaking,Seaking,https://tcgplayer-cdn.tcgplayer.com/product/89021_200w.jpg,3,1393,https://cpt.tcgcsv.com/rDK,2023-12-21T20:52:14.78,1,21/109,Rare,Water,70,Stage 1,"[W] Water Arrow
<br>Choose 1 of your opponent's Pokemon.  This attack does 20 damage to that Pokemon.  <i>(Don't apply Weakness and Resistance for Benched Pokemon.)</i>","[2] Fast Stream (30) 
<br>Move 1 Energy card attached to the Defending Pokemon to the other Defending Pokemon.  <i>(Ignore this effect if your opponent has only 1 Defending Pokemon.)</i>",,L,None,0,1.7,7.0,11.25,4.8,,Reverse Holofoil,
89097,Sharpedo,Sharpedo,https://tcgplayer-cdn.tcgplayer.com/product/89097_200w.jpg,3,1393,https://cpt.tcgcsv.com/ZFK,2023-12-21T20:52:24.857,1,22/109,Rare,Water,70,Stage 1,"[2W] Dark Slash (40+) 
<br>You may discard a D Energy card attached to Sharpedo.  If you do, this attack does 40 damage plus 30 more damage.",,,L,None,1,0.95,1.71,3.8,2.02,,Normal,"<b>Poke-BODY</b> Rough Skin
<br>If Sharpedo is your Active Pokemon and is damaged by an opponent's attack <em>(even if Sharpedo is Knocked Out)</em>, put 2 damage counters on the Attacking Pokemon."
89097,Sharpedo,Sharpedo,https://tcgplayer-cdn.tcgplayer.com/product/89097_200w.jpg,3,1393,https://cpt.tcgcsv.com/ZFK,2023-12-21T20:52:24.857,1,22/109,Rare,Water,70,Stage 1,"[2W] Dark Slash (40+) 
<br>You may discard a D Energy card attached to Sharpedo.  If you do, this attack does 40 damage plus 30 more damage.",,,L,None,1,2.0,2.0,2.0,8.46,,Reverse Holofoil,"<b>Poke-BODY</b> Rough Skin
<br>If Sharpedo is your Active Pokemon and is damaged by an opponent's attack <em>(even if Sharpedo is Knocked Out)</em>, put 2 damage counters on the Attacking Pokemon."
89181,Shroomish,Shroomish,https://tcgplayer-cdn.tcgplayer.com/product/89181_200w.jpg,3,1393,https://cpt.tcgcsv.com/FHK,2024-08-20T16:03:09.233,1,69/109,Common,Grass,40,Basic,"[1] Sleep Powder (10) 
<br>The Defending Pokemon is now Asleep.",,,R,None,1,0.14,0.45,1.99,0.37,,Normal,
89181,Shroomish,Shroomish,https://tcgplayer-cdn.tcgplayer.com/product/89181_200w.jpg,3,1393,https://cpt.tcgcsv.com/FHK,2024-08-20T16:03:09.233,1,69/109,Common,Grass,40,Basic,"[1] Sleep Powder (10) 
<br>The Defending Pokemon is now Asleep.",,,R,None,1,4.32,5.14,8.29,5.05,,Reverse Holofoil,
89210,Silcoon,Silcoon,https://tcgplayer-cdn.tcgplayer.com/product/89210_200w.jpg,3,1393,https://cpt.tcgcsv.com/dJK,2023-12-21T20:57:08.283,1,43/109,Uncommon,Grass,60,Stage 1,"[G] Gooey Thread (10)
<br>The Defending Pokemon can't retreat until the end of your opponent's next turn.",,,R,None,2,0.75,1.75,5.97,1.75,,Normal,"<b>Poke-BODY</b> Hard Cocoon 
<br>During your opponent's turn, if Silcoon would be damaged by an opponent's attack <em>(after applying Weakness and Resistance)</em>, flip a coin.  If heads, reduce that damage by 30."
89210,Silcoon,Silcoon,https://tcgplayer-cdn.tcgplayer.com/product/89210_200w.jpg,3,1393,https://cpt.tcgcsv.com/dJK,2023-12-21T20:57:08.283,1,43/109,Uncommon,Grass,60,Stage 1,"[G] Gooey Thread (10)
<br>The Defending Pokemon can't retreat until the end of your opponent's next turn.",,,R,None,2,1.7,5.64,10.97,5.86,,Reverse Holofoil,"<b>Poke-BODY</b> Hard Cocoon 
<br>During your opponent's turn, if Silcoon would be damaged by an opponent's attack <em>(after applying Weakness and Resistance)</em>, flip a coin.  If heads, reduce that damage by 30."
89259,Skitty - 44/109,Skitty 44 109,https://tcgplayer-cdn.tcgplayer.com/product/89259_200w.jpg,3,1393,https://cpt.tcgcsv.com/cKK,2023-12-21T20:57:26.063,1,44/109,Uncommon,Colorless,40,Basic,"[1] Minor Errand-Running
<br>Search your deck for 2 basic Energy cards, show them to your opponent, and put them into your hand.  Shuffle your deck afterward.","[1] Lullaby (10) 
<br>The Defending Pokemon is now Asleep.",,F,None,1,2.99,4.72,8.99,4.9,,Normal,
89259,Skitty - 44/109,Skitty 44 109,https://tcgplayer-cdn.tcgplayer.com/product/89259_200w.jpg,3,1393,https://cpt.tcgcsv.com/cKK,2023-12-21T20:57:26.063,1,44/109,Uncommon,Colorless,40,Basic,"[1] Minor Errand-Running
<br>Search your deck for 2 basic Energy cards, show them to your opponent, and put them into your hand.  Shuffle your deck afterward.","[1] Lullaby (10) 
<br>The Defending Pokemon is now Asleep.",,F,None,1,6.71,8.77,10.99,7.52,,Reverse Holofoil,
89260,Skitty - 70/109,Skitty 70 109,https://tcgplayer-cdn.tcgplayer.com/product/89260_200w.jpg,3,1393,https://cpt.tcgcsv.com/dKK,2023-12-21T21:02:50.8,1,70/109,Common,Colorless,40,Basic,"[1] Plus Energy
<br>Attach a basic Energy card from your hand to 1 of your Pokemon.",[1] Scratch (10),,F,None,1,0.17,0.43,4.0,0.4,,Normal,
89260,Skitty - 70/109,Skitty 70 109,https://tcgplayer-cdn.tcgplayer.com/product/89260_200w.jpg,3,1393,https://cpt.tcgcsv.com/dKK,2023-12-21T21:02:50.8,1,70/109,Common,Colorless,40,Basic,"[1] Plus Energy
<br>Attach a basic Energy card from your hand to 1 of your Pokemon.",[1] Scratch (10),,F,None,1,1.25,3.38,4.99,2.94,,Reverse Holofoil,
89261,Skitty - 71/109,Skitty 71 109,https://tcgplayer-cdn.tcgplayer.com/product/89261_200w.jpg,3,1393,https://cpt.tcgcsv.com/fKK,2024-06-17T10:03:58.437,1,71/109,Common,Colorless,50,Basic,[1] Tackle (10),"[2] Lunge (30) 
<br>Flip a coin.  If tails, this attack does nothing.",,F,None,1,0.44,0.77,3.0,0.83,0.73,Normal,
89261,Skitty - 71/109,Skitty 71 109,https://tcgplayer-cdn.tcgplayer.com/product/89261_200w.jpg,3,1393,https://cpt.tcgcsv.com/fKK,2024-06-17T10:03:58.437,1,71/109,Common,Colorless,50,Basic,[1] Tackle (10),"[2] Lunge (30) 
<br>Flip a coin.  If tails, this attack does nothing.",,F,None,1,4.99,6.94,7.99,5.28,,Reverse Holofoil,
89288,Slaking,Slaking,https://tcgplayer-cdn.tcgplayer.com/product/89288_200w.jpg,3,1393,https://cpt.tcgcsv.com/NKK,2023-12-21T20:35:30.507,1,12/109,Holo Rare,Colorless,120,Stage 2,"[4] Critical Move (100) 
<br>Discard a Basic Energy card attached to Slaking or this attack does nothing.  Slaking can't attack during your next turn.",,,F,None,3,6.51,18.5,29.99,20.46,12.36,Holofoil,"<b>Poke-BODY</b> Lazy 
<br>As long as Slaking is your Active Pokemon, your opponent's Pokemon can't use Poke-Powers."
89288,Slaking,Slaking,https://tcgplayer-cdn.tcgplayer.com/product/89288_200w.jpg,3,1393,https://cpt.tcgcsv.com/NKK,2023-12-21T20:35:30.507,1,12/109,Holo Rare,Colorless,120,Stage 2,"[4] Critical Move (100) 
<br>Discard a Basic Energy card attached to Slaking or this attack does nothing.  Slaking can't attack during your next turn.",,,F,None,3,5.76,15.15,24.97,15.21,,Reverse Holofoil,"<b>Poke-BODY</b> Lazy 
<br>As long as Slaking is your Active Pokemon, your opponent's Pokemon can't use Poke-Powers."
89295,Slakoth,Slakoth,https://tcgplayer-cdn.tcgplayer.com/product/89295_200w.jpg,3,1393,https://cpt.tcgcsv.com/WKK,2023-12-21T20:57:38.933,1,45/109,Uncommon,Colorless,40,Basic,"[1] Claw (20)
<br>Flip a coin.  If tails, this attack does nothing.","[2] Slack Off 
<br>Remove all damage counters from Slakoth.  Slakoth can't attack during your next turn.",,F,None,1,0.91,1.47,999.99,1.4,3.14,Normal,
89295,Slakoth,Slakoth,https://tcgplayer-cdn.tcgplayer.com/product/89295_200w.jpg,3,1393,https://cpt.tcgcsv.com/WKK,2023-12-21T20:57:38.933,1,45/109,Uncommon,Colorless,40,Basic,"[1] Claw (20)
<br>Flip a coin.  If tails, this attack does nothing.","[2] Slack Off 
<br>Remove all damage counters from Slakoth.  Slakoth can't attack during your next turn.",,F,None,1,1.48,3.87,5.03,4.78,,Reverse Holofoil,
89374,Sneasel ex,Sneasel ex,https://tcgplayer-cdn.tcgplayer.com/product/89374_200w.jpg,3,1393,https://cpt.tcgcsv.com/vMK,2022-11-16T19:50:09.797,1,103/109,Ultra Rare,Darkness,80,Basic,"[D] Double Scratch (10x) 
<br>Flip 2 coins.  This attack does 10 damage times the number of heads.","[1DD] Beat Up (20x) 
<br>Flip a coin for each of your Pokemon in play <i>(including Sneasel ex)</i>.  This attack does 20 damage times the number of heads.",,F,P,1,48.0,79.98,199.99,68.26,,Holofoil,
89675,Swampert - 13/109,Swampert 13 109,https://tcgplayer-cdn.tcgplayer.com/product/89675_200w.jpg,3,1393,https://cpt.tcgcsv.com/wTK,2023-12-21T20:35:41.17,1,13/109,Holo Rare,Water,110,Stage 2,"[2WW] Hypno Slash (50) 
<br>The Defending Pokemon is now Asleep.",,,L,None,3,22.0,36.7,59.98,40.99,,Holofoil,"<b>Poke-POWER</b> Water Call 
<br>Once during your turn (before your attack), you may attach a Water Energy card from your hand to your Active Pokemon.  This power can't be used if Swampert is affected by a Special Condition."
89675,Swampert - 13/109,Swampert 13 109,https://tcgplayer-cdn.tcgplayer.com/product/89675_200w.jpg,3,1393,https://cpt.tcgcsv.com/wTK,2023-12-21T20:35:41.17,1,13/109,Holo Rare,Water,110,Stage 2,"[2WW] Hypno Slash (50) 
<br>The Defending Pokemon is now Asleep.",,,L,None,3,19.0,26.07,75.59,29.97,,Reverse Holofoil,"<b>Poke-POWER</b> Water Call 
<br>Once during your turn (before your attack), you may attach a Water Energy card from your hand to your Active Pokemon.  This power can't be used if Swampert is affected by a Special Condition."
89676,Swampert - 23/109,Swampert 23 109,https://tcgplayer-cdn.tcgplayer.com/product/89676_200w.jpg,3,1393,https://cpt.tcgcsv.com/xTK,2023-12-21T20:52:37.873,1,23/109,Rare,Water,100,Stage 2,"[W] Water Arrow 
<br>Choose 1 of your opponent's Pokemon.  This attack does 20 damage to that Pokemon. <i> (Don't apply Weakness and Resistance for Benched Pokemon.)</i>",[2W] Waterfall (50),,L,None,2,1.28,2.0,9.99,2.75,,Normal,"<b>Poke-BODY</b> Natural Remedy 
<br>Once during your turn <em>(before your attack)</em>, when you attach a Water Energy card from your hand to Swampert, remove 1 damage counter from Swampert."
89676,Swampert - 23/109,Swampert 23 109,https://tcgplayer-cdn.tcgplayer.com/product/89676_200w.jpg,3,1393,https://cpt.tcgcsv.com/xTK,2023-12-21T20:52:37.873,1,23/109,Rare,Water,100,Stage 2,"[W] Water Arrow 
<br>Choose 1 of your opponent's Pokemon.  This attack does 20 damage to that Pokemon. <i> (Don't apply Weakness and Resistance for Benched Pokemon.)</i>",[2W] Waterfall (50),,L,None,2,15.94,19.99,39.99,14.61,,Reverse Holofoil,"<b>Poke-BODY</b> Natural Remedy 
<br>Once during your turn <em>(before your attack)</em>, when you attach a Water Energy card from your hand to Swampert, remove 1 damage counter from Swampert."
89688,Swellow,Swellow,https://tcgplayer-cdn.tcgplayer.com/product/89688_200w.jpg,3,1393,https://cpt.tcgcsv.com/NTK,2023-12-21T20:57:47.44,1,46/109,Uncommon,Colorless,70,Stage 1,[2] Wing Attack (30),,,L,F,0,0.57,1.09,4.49,1.21,,Normal,"<b>Poke-POWER</b> Drive Off 
<br>Once during your turn (before your attack), if Swellow is your Active Pokemon, you may switch 1 of the Defending Pokemon with 1 of your opponent's Benched Pokemon.  Your opponent picks the Benched Pokemon to switch.  This power can't be used if Swellow is affected by a Special Condition."
89688,Swellow,Swellow,https://tcgplayer-cdn.tcgplayer.com/product/89688_200w.jpg,3,1393,https://cpt.tcgcsv.com/NTK,2023-12-21T20:57:47.44,1,46/109,Uncommon,Colorless,70,Stage 1,[2] Wing Attack (30),,,L,F,0,3.95,4.24,5.8,5.8,5.4,Reverse Holofoil,"<b>Poke-POWER</b> Drive Off 
<br>Once during your turn (before your attack), if Swellow is your Active Pokemon, you may switch 1 of the Defending Pokemon with 1 of your opponent's Benched Pokemon.  Your opponent picks the Benched Pokemon to switch.  This power can't be used if Swellow is affected by a Special Condition."
89709,Switch,Switch,https://tcgplayer-cdn.tcgplayer.com/product/89709_200w.jpg,3,1393,https://cpt.tcgcsv.com/cVK,2025-04-09T20:57:02.443,1,92/109,Common,Item,,,,,,,,,0.16,0.39,2.25,0.39,,Normal,Switch your Active Pokemon with 1 of your Benched Pokemon.
89709,Switch,Switch,https://tcgplayer-cdn.tcgplayer.com/product/89709_200w.jpg,3,1393,https://cpt.tcgcsv.com/cVK,2025-04-09T20:57:02.443,1,92/109,Common,Item,,,,,,,,,2.14,4.42,7.65,4.6,,Reverse Holofoil,Switch your Active Pokemon with 1 of your Benched Pokemon.
89730,Taillow,Taillow,https://tcgplayer-cdn.tcgplayer.com/product/89730_200w.jpg,3,1393,https://cpt.tcgcsv.com/DVK,2025-06-20T20:36:20.363,1,72/109,Common,Colorless,40,Basic,[1] Peck (10),[2] Wing Attack (20),,L,F,1,0.11,0.35,1.99,0.3,0.32,Normal,
89730,Taillow,Taillow,https://tcgplayer-cdn.tcgplayer.com/product/89730_200w.jpg,3,1393,https://cpt.tcgcsv.com/DVK,2025-06-20T20:36:20.363,1,72/109,Common,Colorless,40,Basic,[1] Peck (10),[2] Wing Attack (20),,L,F,1,1.22,1.5,4.25,3.21,,Reverse Holofoil,
89949,Torchic - 73/109,Torchic 73 109,https://tcgplayer-cdn.tcgplayer.com/product/89949_200w.jpg,3,1393,https://cpt.tcgcsv.com/_-K,2023-12-21T21:03:27.93,1,73/109,Common,Fire,40,Basic,[1] Peck (10),"[1R] Fireworks (30) 
<br>Flip a coin.  If tails, discard a R Energy card attached to Torchic.",,W,None,1,0.14,0.75,3.68,0.87,,Normal,
89949,Torchic - 73/109,Torchic 73 109,https://tcgplayer-cdn.tcgplayer.com/product/89949_200w.jpg,3,1393,https://cpt.tcgcsv.com/_-K,2023-12-21T21:03:27.93,1,73/109,Common,Fire,40,Basic,[1] Peck (10),"[1R] Fireworks (30) 
<br>Flip a coin.  If tails, discard a R Energy card attached to Torchic.",,W,None,1,9.53,10.48,16.5,16.63,,Reverse Holofoil,
89950,Torchic - 74/109,Torchic 74 109,https://tcgplayer-cdn.tcgplayer.com/product/89950_200w.jpg,3,1393,https://cpt.tcgcsv.com/0_K,2023-12-21T21:03:40.68,1,74/109,Common,Fire,50,Basic,"[1] Singe 
<br>Flip a coin.  If heads, the Defending Pokemon is now Burned.",,,W,None,1,0.49,1.27,3.89,1.22,,Normal,
89950,Torchic - 74/109,Torchic 74 109,https://tcgplayer-cdn.tcgplayer.com/product/89950_200w.jpg,3,1393,https://cpt.tcgcsv.com/0_K,2023-12-21T21:03:40.68,1,74/109,Common,Fire,50,Basic,"[1] Singe 
<br>Flip a coin.  If heads, the Defending Pokemon is now Burned.",,,W,None,1,3.12,4.42,7.19,6.35,,Reverse Holofoil,
90032,Treecko - 75/109,Treecko 75 109,https://tcgplayer-cdn.tcgplayer.com/product/90032_200w.jpg,3,1393,https://cpt.tcgcsv.com/G0L,2024-08-20T16:03:09.263,1,75/109,Common,Grass,40,Basic,"[G] Poison Breath
<br>Flip a coin.  If heads, the Defending Pokemon is now Poisoned.",,,R,W,1,0.2,0.66,4.35,0.78,,Normal,
90032,Treecko - 75/109,Treecko 75 109,https://tcgplayer-cdn.tcgplayer.com/product/90032_200w.jpg,3,1393,https://cpt.tcgcsv.com/G0L,2024-08-20T16:03:09.263,1,75/109,Common,Grass,40,Basic,"[G] Poison Breath
<br>Flip a coin.  If heads, the Defending Pokemon is now Poisoned.",,,R,W,1,5.99,10.99,21.44,15.69,,Reverse Holofoil,
90033,Treecko - 76/109,Treecko 76 109,https://tcgplayer-cdn.tcgplayer.com/product/90033_200w.jpg,3,1393,https://cpt.tcgcsv.com/H0L,2023-12-21T21:04:04.48,1,76/109,Common,Grass,40,Basic,[1] Tail Slap (10),[1G] Razor Leaf (20),,R,W,1,0.5,1.25,4.49,1.33,1.59,Normal,
90033,Treecko - 76/109,Treecko 76 109,https://tcgplayer-cdn.tcgplayer.com/product/90033_200w.jpg,3,1393,https://cpt.tcgcsv.com/H0L,2023-12-21T21:04:04.48,1,76/109,Common,Grass,40,Basic,[1] Tail Slap (10),[1G] Razor Leaf (20),,R,W,1,3.73,5.5,17.57,14.05,,Reverse Holofoil,
90366,Vigoroth,Vigoroth,https://tcgplayer-cdn.tcgplayer.com/product/90366_200w.jpg,3,1393,https://cpt.tcgcsv.com/l9L,2023-12-21T20:57:54.673,1,47/109,Uncommon,Colorless,70,Stage 1,"[2] Fury Swipes (20x) 
<br>Flip 3 coins.  This attack does 20 damage times the number of heads.","[3] Rage (20+) 
<br>Does 20 damage plus 10 more damage for each damage counter on Vigoroth.",,F,None,1,0.79,1.2,2.19,1.32,,Normal,
90366,Vigoroth,Vigoroth,https://tcgplayer-cdn.tcgplayer.com/product/90366_200w.jpg,3,1393,https://cpt.tcgcsv.com/l9L,2023-12-21T20:57:54.673,1,47/109,Uncommon,Colorless,70,Stage 1,"[2] Fury Swipes (20x) 
<br>Flip 3 coins.  This attack does 20 damage times the number of heads.","[3] Rage (20+) 
<br>Does 20 damage plus 10 more damage for each damage counter on Vigoroth.",,F,None,1,2.01,2.71,5.0,2.52,,Reverse Holofoil,
90450,Wailmer,Wailmer,https://tcgplayer-cdn.tcgplayer.com/product/90450_200w.jpg,3,1393,https://cpt.tcgcsv.com/0cL,2024-10-11T15:43:31.22,1,48/109,Uncommon,Water,80,Basic,"[2] Rest
<br>Remove all Special Conditions and 4 damage counters from Wailmer (all if there are less then 4).  Wailmer is now Asleep.","[1W] Water Gun (20+) 
<br>This attack does 20 damage plus 10 more damage for each Water Energy attached to Wailmer but not used to pay for this attack's Energy Cost.  You can't add more then 20 damage in this way.",,L,None,3,0.48,0.92,5.03,0.94,0.82,Normal,
90450,Wailmer,Wailmer,https://tcgplayer-cdn.tcgplayer.com/product/90450_200w.jpg,3,1393,https://cpt.tcgcsv.com/0cL,2024-10-11T15:43:31.22,1,48/109,Uncommon,Water,80,Basic,"[2] Rest
<br>Remove all Special Conditions and 4 damage counters from Wailmer (all if there are less then 4).  Wailmer is now Asleep.","[1W] Water Gun (20+) 
<br>This attack does 20 damage plus 10 more damage for each Water Energy attached to Wailmer but not used to pay for this attack's Energy Cost.  You can't add more then 20 damage in this way.",,L,None,3,12.64,16.32,19.99,8.26,,Reverse Holofoil,
90457,Wailord,Wailord,https://tcgplayer-cdn.tcgplayer.com/product/90457_200w.jpg,3,1393,https://cpt.tcgcsv.com/9cL,2023-12-21T20:35:49.12,1,14/109,Holo Rare,Water,120,Stage 1,"[3] Take Down (50) 
<br>Wailord does 20 damage to itself.",[2WWW] Surf (70),,L,None,4,18.99,19.5,33.62,27.66,15.99,Holofoil,
90457,Wailord,Wailord,https://tcgplayer-cdn.tcgplayer.com/product/90457_200w.jpg,3,1393,https://cpt.tcgcsv.com/9cL,2023-12-21T20:35:49.12,1,14/109,Holo Rare,Water,120,Stage 1,"[3] Take Down (50) 
<br>Wailord does 20 damage to itself.",[2WWW] Surf (70),,L,None,4,8.0,11.0,12.99,8.69,,Reverse Holofoil,
90506,Water Energy,Water Energy,https://tcgplayer-cdn.tcgplayer.com/product/90506_200w.jpg,3,1393,https://cpt.tcgcsv.com/8dL,2024-08-20T16:03:09.293,1,106/109,Common,Basic Energy,,,,,,,,,0.09,0.24,1.49,0.19,0.25,Normal,
90506,Water Energy,Water Energy,https://tcgplayer-cdn.tcgplayer.com/product/90506_200w.jpg,3,1393,https://cpt.tcgcsv.com/8dL,2024-08-20T16:03:09.293,1,106/109,Common,Basic Energy,,,,,,,,,4.0,6.78,15.99,8.42,,Reverse Holofoil,
90556,Weezing,Weezing,https://tcgplayer-cdn.tcgplayer.com/product/90556_200w.jpg,3,1393,https://cpt.tcgcsv.com/8fL,2023-12-21T20:52:54.483,1,24/109,Rare,Grass,80,Stage 1,"[G] Confusion Gas (10) 
<br>The Defending Pokemon is now Confused.","[1G] Poison Smog 
<br>Each Defending Pokemon is now Poisoned.  Does 10 damage to each of your opponent's Benched Pokemon.  <i>(Don't apply Weakness and Resistance for Benched Pokemon.)</i>",,P,None,2,0.35,1.07,5.0,1.29,2.19,Normal,
90556,Weezing,Weezing,https://tcgplayer-cdn.tcgplayer.com/product/90556_200w.jpg,3,1393,https://cpt.tcgcsv.com/8fL,2023-12-21T20:52:54.483,1,24/109,Rare,Grass,80,Stage 1,"[G] Confusion Gas (10) 
<br>The Defending Pokemon is now Confused.","[1G] Poison Smog 
<br>Each Defending Pokemon is now Poisoned.  Does 10 damage to each of your opponent's Benched Pokemon.  <i>(Don't apply Weakness and Resistance for Benched Pokemon.)</i>",,P,None,2,3.55,4.98,22.68,4.35,,Reverse Holofoil,
90605,Wingull,Wingull,https://tcgplayer-cdn.tcgplayer.com/product/90605_200w.jpg,3,1393,https://cpt.tcgcsv.com/7gL,2023-12-21T21:04:14.433,1,77/109,Common,Water,40,Basic,"[W] Surprise Attack (20) 
<br>Flip a coin.  If tails, this attack does nothing.",,,L,F,1,0.17,0.37,4.59,0.34,0.28,Normal,
90605,Wingull,Wingull,https://tcgplayer-cdn.tcgplayer.com/product/90605_200w.jpg,3,1393,https://cpt.tcgcsv.com/7gL,2023-12-21T21:04:14.433,1,77/109,Common,Water,40,Basic,"[W] Surprise Attack (20) 
<br>Flip a coin.  If tails, this attack does nothing.",,,L,F,1,2.0,4.05,4.75,4.68,,Reverse Holofoil,
90647,Wurmple,Wurmple,https://tcgplayer-cdn.tcgplayer.com/product/90647_200w.jpg,3,1393,https://cpt.tcgcsv.com/ZgL,2023-12-21T21:04:23.61,1,78/109,Common,Grass,50,Basic,"[1] Signs of Evolution
<br>Search your deck for Silcoon and Beautifly, or Cascoon and Dustox cards.  Show 1 card or both cards of a pair to your opponent and put them into your hand.  Shuffle your deck afterward.","[G] Poison Barb 
<br>The Defending Pokemon is now Poisoned.",,R,None,1,0.65,1.01,2.13,1.01,,Normal,
90647,Wurmple,Wurmple,https://tcgplayer-cdn.tcgplayer.com/product/90647_200w.jpg,3,1393,https://cpt.tcgcsv.com/ZgL,2023-12-21T21:04:23.61,1,78/109,Common,Grass,50,Basic,"[1] Signs of Evolution
<br>Search your deck for Silcoon and Beautifly, or Cascoon and Dustox cards.  Show 1 card or both cards of a pair to your opponent and put them into your hand.  Shuffle your deck afterward.","[G] Poison Barb 
<br>The Defending Pokemon is now Poisoned.",,R,None,1,3.15,4.34,8.0,6.06,,Reverse Holofoil,
90744,Zigzagoon,Zigzagoon,https://tcgplayer-cdn.tcgplayer.com/product/90744_200w.jpg,3,1393,https://cpt.tcgcsv.com/VjL,2023-12-21T21:04:33.877,1,79/109,Common,Colorless,40,Basic,"[1] Fury Swipes (10x) 
<br>Flip 3 coins.  This attack does 10 damage times the number of heads.",,,F,None,1,0.3,0.65,2.0,0.76,,Normal,
90744,Zigzagoon,Zigzagoon,https://tcgplayer-cdn.tcgplayer.com/product/90744_200w.jpg,3,1393,https://cpt.tcgcsv.com/VjL,2023-12-21T21:04:33.877,1,79/109,Common,Colorless,40,Basic,"[1] Fury Swipes (10x) 
<br>Flip 3 coins.  This attack does 10 damage times the number of heads.",,,F,None,1,4.0,7.5,10.79,7.0,,Reverse Holofoil,
98558,Ruby and Sapphire Booster Pack,Ruby and Sapphire Booster Pack,https://tcgplayer-cdn.tcgplayer.com/product/98558_200w.jpg,3,1393,https://cpt.tcgcsv.com/brP,2017-07-22T16:53:49.22,1,,,,,,,,,,,,,,,,,,
98559,Ruby and Sapphire Booster Box,Ruby and Sapphire Booster Box,https://tcgplayer-cdn.tcgplayer.com/product/98559_200w.jpg,3,1393,https://cpt.tcgcsv.com/crP,2015-05-15T12:27:43.71,1,,,,,,,,,,,,,,,,,,
488315,Ruby & Sapphire Single Pack Blister,Ruby and Sapphire Single Pack Blister,https://tcgplayer-cdn.tcgplayer.com/product/488315_200w.jpg,3,1393,https://cpt.tcgcsv.com/klW5,2023-03-15T14:00:15.467,1,,,,,,,,,,,,,,,,,,Each blister contains 1 Ruby & Sapphire booster pack.
