productId,name,cleanName,imageUrl,categoryId,groupId,url,modifiedOn,imageCount,extNumber,extRarity,extCardType,extHP,extStage,extAttack1,extAttack2,extWeakness,extResistance,extRetreatCost,lowPrice,midPrice,highPrice,marketPrice,directLowPrice,subTypeName,extCardText,extAttack3
83450,Absol,Absol,https://tcgplayer-cdn.tcgplayer.com/product/83450_200w.jpg,3,1377,https://cpt.tcgcsv.com/0pH,2022-11-17T20:59:18.253,1,96/95,Secret Rare,Darkness,70,Basic,"[2] Quick Attack (10+) 
<br>Flip a coin.  If heads, this attack does 10 damage plus 10 more damage.","[1DD] Feint Attack 
<br>Choose 1 of your opponent's Pokemon.  This attack does 30 damage to that Pokemon.  This attack's damage isn't affected by Weakness, Resistance, Poke-Powers, Poke-Bodies or any other effects on that Pokemon.  <i>(Don't apply Weakness and Resistance for Benched Pokemon.)</i>",F,None,1,99.69,99.83,99.96,159.5,,Holofoil,,
83565,Aqua Energy,Aqua Energy,https://tcgplayer-cdn.tcgplayer.com/product/83565_200w.jpg,3,1377,https://cpt.tcgcsv.com/krH,2024-04-01T21:21:07.207,1,86/95,Uncommon,Special Multi Energy,,,,,,,,1.15,1.74,3.75,1.35,,Normal,"Aqua Energy can be attached only to a Pokemon with Team Aqua in its name.  Aqua Energy provides Water and Darkness Energy but provides 2 Energy at a time.  <em>(Doesn't count as a basic Energy card when not in play and has no effect other than providing Energy.)</em> At the end of your turn, discard Aqua Energy.",
83565,Aqua Energy,Aqua Energy,https://tcgplayer-cdn.tcgplayer.com/product/83565_200w.jpg,3,1377,https://cpt.tcgcsv.com/krH,2024-04-01T21:21:07.207,1,86/95,Uncommon,Special Multi Energy,,,,,,,,2.9,7.45,14.36,11.67,,Reverse Holofoil,"Aqua Energy can be attached only to a Pokemon with Team Aqua in its name.  Aqua Energy provides Water and Darkness Energy but provides 2 Energy at a time.  <em>(Doesn't count as a basic Energy card when not in play and has no effect other than providing Energy.)</em> At the end of your turn, discard Aqua Energy.",
83612,Archie,Archie,https://tcgplayer-cdn.tcgplayer.com/product/83612_200w.jpg,3,1377,https://cpt.tcgcsv.com/gsH,2024-04-01T21:21:07.6,1,71/95,Uncommon,Trainer - Supporter,,,,,,,,1.93,3.24,7.42,2.87,,Normal,"<em>You can play only one Supporter card each turn.  When you play this card, put it next to your Active Pokemon.  When your turn ends, discard this card.</em><br>
Search your deck for a Pokemon with Team Aqua in its name and put it onto your Bench.  Shuffle your deck afterward.  Treat the new Benched Pokemon as a Basic Pokemon.  If it is a Stage 2 Pokemon, put 2 damage counters on that Pokemon.",
83612,Archie,Archie,https://tcgplayer-cdn.tcgplayer.com/product/83612_200w.jpg,3,1377,https://cpt.tcgcsv.com/gsH,2024-04-01T21:21:07.6,1,71/95,Uncommon,Trainer - Supporter,,,,,,,,2.09,4.24,4.97,4.68,,Reverse Holofoil,"<em>You can play only one Supporter card each turn.  When you play this card, put it next to your Active Pokemon.  When your turn ends, discard this card.</em><br>
Search your deck for a Pokemon with Team Aqua in its name and put it onto your Bench.  Shuffle your deck afterward.  Treat the new Benched Pokemon as a Basic Pokemon.  If it is a Stage 2 Pokemon, put 2 damage counters on that Pokemon.",
83912,Blaziken ex,Blaziken ex,https://tcgplayer-cdn.tcgplayer.com/product/83912_200w.jpg,3,1377,https://cpt.tcgcsv.com/gBH,2024-04-01T21:21:03.937,1,89/95,Ultra Rare,Fire,150,Stage 2,"[1R] Blaze Kick (30+) 
<br>Flip a coin.  If heads, this attack does 30 damage plus 20 more damage.  If tails, this attack does 30 damage and the Defending Pokemon is now Burned.","[2RR] Volcanic Ash
<br>Discard 2 Fire Energy attached to Blaziken ex and then choose 1 of your opponent's Pokemon.  This attack does 100 damage to that Pokemon.  <i>(Don't apply Weakness and Resistance for Benched Pokemon.)</i>",PW,None,2,90.0,94.96,169.01,158.73,,Holofoil,,
84028,Bulbasaur,Bulbasaur,https://tcgplayer-cdn.tcgplayer.com/product/84028_200w.jpg,3,1377,https://cpt.tcgcsv.com/BDH,2024-04-01T21:21:04.963,1,39/95,Common,Grass,50,Basic,"[1] Growth
<br>Attach a Grass Energy card from your hand to Bulbasaur.",[G] Razor Leaf (10),R,None,1,14.5,17.75,29.98,10.01,14.99,Normal,,
84457,Cradily ex,Cradily ex,https://tcgplayer-cdn.tcgplayer.com/product/84457_200w.jpg,3,1377,https://cpt.tcgcsv.com/9PH,2024-04-01T21:21:05.04,1,90/95,Ultra Rare,Grass,150,Stage 2,"[2] Eerie Light (30) 
<br>The Defending Pokemon is now Confused.","[2GG] Acidic Poison (60) 
<br>The Defending Pokemon is now Poisoned and Burned.",RW,None,2,50.25,75.99,83.59,73.46,,Holofoil,"<strong>Poké-BODY</strong> — Primal Vibes <br>
As long as Cradily ex is your Active Pokemon, your opponent can't play a Pokemon from his or her hand to evolve his or her Active Pokemon.",
84530,Cubone,Cubone,https://tcgplayer-cdn.tcgplayer.com/product/84530_200w.jpg,3,1377,https://cpt.tcgcsv.com/DQH,2024-04-01T21:20:59.193,1,40/95,Common,Fighting,50,Basic,"[F] Bone Attack (20) 
<br>Flip a coin.  If tails, this attack does nothing.",,G,None,1,2.18,2.75,4.45,3.0,,Normal,,
84530,Cubone,Cubone,https://tcgplayer-cdn.tcgplayer.com/product/84530_200w.jpg,3,1377,https://cpt.tcgcsv.com/DQH,2024-04-01T21:20:59.193,1,40/95,Common,Fighting,50,Basic,"[F] Bone Attack (20) 
<br>Flip a coin.  If tails, this attack does nothing.",,G,None,1,19.98,20.44,20.89,35.0,,Reverse Holofoil,,
84895,Double Rainbow Energy,Double Rainbow Energy,https://tcgplayer-cdn.tcgplayer.com/product/84895_200w.jpg,3,1377,https://cpt.tcgcsv.com/WZH,2024-04-01T21:21:07.307,1,88/95,Rare,Special Rainbow Energy,,,,,,,,4.9,6.61,24.99,6.65,6.28,Normal,"Double Rainbow Energy can be attached only to an Evolved Pokemon (excluding Pokemon-ex).  While in play, Double Rainbow Energy provides every type of Energy but provides 2 Energy at a time.  <em>(Doesn't count as a basic Energy when not in play and has no effect other than providing Energy.) </em>Damage done to your opponent's Pokemon by the Pokemon Double Rainbow Energy is attached to is reduced by 10<em> (after applying Weakness and Resistance).</em>  <br>
When the Pokemon Double Rainbow Energy is attached to is no longer an Evolved Pokemon, discard Double Rainbow Energy.",
84895,Double Rainbow Energy,Double Rainbow Energy,https://tcgplayer-cdn.tcgplayer.com/product/84895_200w.jpg,3,1377,https://cpt.tcgcsv.com/WZH,2024-04-01T21:21:07.307,1,88/95,Rare,Special Rainbow Energy,,,,,,,,19.98,34.97,49.95,11.81,,Reverse Holofoil,"Double Rainbow Energy can be attached only to an Evolved Pokemon (excluding Pokemon-ex).  While in play, Double Rainbow Energy provides every type of Energy but provides 2 Energy at a time.  <em>(Doesn't count as a basic Energy when not in play and has no effect other than providing Energy.) </em>Damage done to your opponent's Pokemon by the Pokemon Double Rainbow Energy is attached to is reduced by 10<em> (after applying Weakness and Resistance).</em>  <br>
When the Pokemon Double Rainbow Energy is attached to is no longer an Evolved Pokemon, discard Double Rainbow Energy.",
84985,Dual Ball,Dual Ball,https://tcgplayer-cdn.tcgplayer.com/product/84985_200w.jpg,3,1377,https://cpt.tcgcsv.com/K_H,2024-04-01T21:21:05.343,1,72/95,Uncommon,Trainer - Item,,,,,,,,0.61,1.08,2.49,1.36,0.91,Normal,"Flip 2 coins.  For each heads, search your deck for a Basic Pokemon card, show it to your opponent, and put it into your hand.  Shuffle your deck afterward.",
84985,Dual Ball,Dual Ball,https://tcgplayer-cdn.tcgplayer.com/product/84985_200w.jpg,3,1377,https://cpt.tcgcsv.com/K_H,2024-04-01T21:21:05.343,1,72/95,Uncommon,Trainer - Item,,,,,,,,1.5,2.1,2.52,2.66,1.96,Reverse Holofoil,"Flip 2 coins.  For each heads, search your deck for a Basic Pokemon card, show it to your opponent, and put it into your hand.  Shuffle your deck afterward.",
85278,Entei ex,Entei ex,https://tcgplayer-cdn.tcgplayer.com/product/85278_200w.jpg,3,1377,https://cpt.tcgcsv.com/B7J,2024-04-01T21:21:04.093,1,91/95,Ultra Rare,Fire,100,Basic,"[R] Searing Flame (10) 
<br>Flip a coin.  If heads, the Defending Pokemon is now Burned.","[1RR] Bright Flame (90) 
<br>Discard 2 Energy attached to Entei ex.",W,None,2,190.0,349.95,367.95,199.99,,Holofoil,,
86314,Jigglypuff,Jigglypuff,https://tcgplayer-cdn.tcgplayer.com/product/86314_200w.jpg,3,1377,https://cpt.tcgcsv.com/jxJ,2023-03-03T11:52:53.78,1,41/95,Common,Colorless,50,Basic,"[1] Doubleslap (10x) 
<br>Flip 2 coins.  This attack does 10 damage times the number of heads.","[2] Rest 
<br>Remove all Special Conditions and 3 damage counters from Jigglypuff <i>(all if there are less than 3)</i>.  Jigglypuff is now Asleep.",F,None,1,1.99,3.0,7.67,2.91,,Normal,,
86314,Jigglypuff,Jigglypuff,https://tcgplayer-cdn.tcgplayer.com/product/86314_200w.jpg,3,1377,https://cpt.tcgcsv.com/jxJ,2023-03-03T11:52:53.78,1,41/95,Common,Colorless,50,Basic,"[1] Doubleslap (10x) 
<br>Flip 2 coins.  This attack does 10 damage times the number of heads.","[2] Rest 
<br>Remove all Special Conditions and 3 damage counters from Jigglypuff <i>(all if there are less than 3)</i>.  Jigglypuff is now Asleep.",F,None,1,15.98,15.98,15.98,15.98,,Reverse Holofoil,,
86324,Jirachi,Jirachi,https://tcgplayer-cdn.tcgplayer.com/product/86324_200w.jpg,3,1377,https://cpt.tcgcsv.com/vxJ,2024-04-01T21:21:06.86,1,97/95,Secret Rare,Psychic,50,Basic,"[P] Hypnoblast (10) 
<br>The Defending Pokemon is now Asleep.","[2] Swift (20) 
<br>This attacks damage isn't affected by Weakness, Resistance, Poke-Powers, Poke-Bodies or any other effects on the Defending Pokemon.",P,None,1,80.8,100.15,150.0,98.52,,Holofoil,,
87039,Magma Energy,Magma Energy,https://tcgplayer-cdn.tcgplayer.com/product/87039_200w.jpg,3,1377,https://cpt.tcgcsv.com/PQJ,2024-04-01T21:21:07.39,1,87/95,Uncommon,Special Multi Energy,,,,,,,,5.23,8.5,11.22,10.25,,Normal,"Magma Energy can be attached only to a Pokemon with Team Magma in its name.  Magma Energy provides Fighting and Darkness Energy but provides 2 Energy at a time.  <em>(Doesn't count as a basic Energy card when not in play and has no effect other than providing Energy.)</em> At the end of your turn, discard Magma Energy.",
87039,Magma Energy,Magma Energy,https://tcgplayer-cdn.tcgplayer.com/product/87039_200w.jpg,3,1377,https://cpt.tcgcsv.com/PQJ,2024-04-01T21:21:07.39,1,87/95,Uncommon,Special Multi Energy,,,,,,,,20.0,24.0,30.0,24.67,,Reverse Holofoil,"Magma Energy can be attached only to a Pokemon with Team Magma in its name.  Magma Energy provides Fighting and Darkness Energy but provides 2 Energy at a time.  <em>(Doesn't count as a basic Energy card when not in play and has no effect other than providing Energy.)</em> At the end of your turn, discard Magma Energy.",
87270,Maxie,Maxie,https://tcgplayer-cdn.tcgplayer.com/product/87270_200w.jpg,3,1377,https://cpt.tcgcsv.com/qWJ,2024-04-01T21:21:07.68,1,73/95,Uncommon,Trainer - Supporter,,,,,,,,2.65,3.82,6.45,3.72,,Normal,"<em>You can play only one Supporter card each turn.  When you play this card, put it next to your Active Pokemon.  When your turn ends, discard this card.</em><br>
Search your hand or discard pile for a Pokemon with Team Magma in its name and put it onto your Bench.  Treat the new Benched Pokemon as a Basic Pokemon.  If it is a Stage 2 Pokemon, put 2 damage counters on that Pokemon.",
87270,Maxie,Maxie,https://tcgplayer-cdn.tcgplayer.com/product/87270_200w.jpg,3,1377,https://cpt.tcgcsv.com/qWJ,2024-04-01T21:21:07.68,1,73/95,Uncommon,Trainer - Supporter,,,,,,,,4.11,8.29,24.95,4.4,,Reverse Holofoil,"<em>You can play only one Supporter card each turn.  When you play this card, put it next to your Active Pokemon.  When your turn ends, discard this card.</em><br>
Search your hand or discard pile for a Pokemon with Team Magma in its name and put it onto your Bench.  Treat the new Benched Pokemon as a Basic Pokemon.  If it is a Stage 2 Pokemon, put 2 damage counters on that Pokemon.",
87316,Meowth,Meowth,https://tcgplayer-cdn.tcgplayer.com/product/87316_200w.jpg,3,1377,https://cpt.tcgcsv.com/lXJ,2022-11-17T20:04:28.33,1,42/95,Common,Colorless,50,Basic,"[1] Plunder (10) 
<br>Before doing damage, discard all Trainer cards attached to the Defending Pokemon <i>(before they affect the damage).</i>",[2] Scratch (20),F,None,1,1.75,2.75,6.55,2.06,,Normal,,
88077,Pikachu,Pikachu,https://tcgplayer-cdn.tcgplayer.com/product/88077_200w.jpg,3,1377,https://cpt.tcgcsv.com/zfK,2024-04-01T21:21:05.71,1,43/95,Common,Lightning,50,Basic,"[1] Agility 
<br>Flip a coin.  If heads, prevent all effects of an attack, including damage, done to Pikachu during your opponent's next turn.","[1L] Thundershock (20) 
<br>Flip a coin.  If heads, the Defending Pokemon is now Paralyzed.",F,None,1,4.17,6.13,7.44,7.23,,Normal,,
88077,Pikachu,Pikachu,https://tcgplayer-cdn.tcgplayer.com/product/88077_200w.jpg,3,1377,https://cpt.tcgcsv.com/zfK,2024-04-01T21:21:05.71,1,43/95,Common,Lightning,50,Basic,"[1] Agility 
<br>Flip a coin.  If heads, prevent all effects of an attack, including damage, done to Pikachu during your opponent's next turn.","[1L] Thundershock (20) 
<br>Flip a coin.  If heads, the Defending Pokemon is now Paralyzed.",F,None,1,27.5,27.5,27.5,26.94,,Reverse Holofoil,,
88436,Psyduck,Psyduck,https://tcgplayer-cdn.tcgplayer.com/product/88436_200w.jpg,3,1377,https://cpt.tcgcsv.com/LnK,2024-04-01T21:21:08.657,1,44/95,Common,Water,40,Basic,"[W] Bubble (10) 
<br>Flip a coin.  If heads, the Defending Pokemon is now Paralyzed.","[P] Confuse Ray (10) 
<br>Flip a coin.  If heads, the Defending Pokemon is now Confused.",L,None,1,2.0,3.15,4.29,4.21,,Normal,,
88436,Psyduck,Psyduck,https://tcgplayer-cdn.tcgplayer.com/product/88436_200w.jpg,3,1377,https://cpt.tcgcsv.com/LnK,2024-04-01T21:21:08.657,1,44/95,Common,Water,40,Basic,"[W] Bubble (10) 
<br>Flip a coin.  If heads, the Defending Pokemon is now Paralyzed.","[P] Confuse Ray (10) 
<br>Flip a coin.  If heads, the Defending Pokemon is now Confused.",L,None,1,1299.62,1299.62,1299.62,41.8,,Reverse Holofoil,,
88506,Raichu,Raichu,https://tcgplayer-cdn.tcgplayer.com/product/88506_200w.jpg,3,1377,https://cpt.tcgcsv.com/8qK,2024-04-01T21:21:05.837,1,13/95,Rare,Lightning,80,Stage 1,"[1L] Spark (20) 
<br>Does 10 damage to 2 of your opponent's Benched Pokemon (1 if there is only 1).  <i>(Don't apply Weakness and Resistance for Benched Pokemon.)</i>","[1LL] Kerzap (40+) 
<br>Flip a coin.  If heads, this attack does 40 damage plus 40 more damage to the Defending Pokemon and discard all Lightning Energy cards attached to Raichu.",F,None,1,4.35,4.75,25.0,4.9,,Normal,,
88506,Raichu,Raichu,https://tcgplayer-cdn.tcgplayer.com/product/88506_200w.jpg,3,1377,https://cpt.tcgcsv.com/8qK,2024-04-01T21:21:05.837,1,13/95,Rare,Lightning,80,Stage 1,"[1L] Spark (20) 
<br>Does 10 damage to 2 of your opponent's Benched Pokemon (1 if there is only 1).  <i>(Don't apply Weakness and Resistance for Benched Pokemon.)</i>","[1LL] Kerzap (40+) 
<br>Flip a coin.  If heads, this attack does 40 damage plus 40 more damage to the Defending Pokemon and discard all Lightning Energy cards attached to Raichu.",F,None,1,43.08,47.47,58.2,36.99,,Reverse Holofoil,,
88540,Raikou ex,Raikou ex,https://tcgplayer-cdn.tcgplayer.com/product/88540_200w.jpg,3,1377,https://cpt.tcgcsv.com/QqK,2024-04-01T21:21:05.92,1,92/95,Ultra Rare,Lightning,100,Basic,"[L] Dazzle Blast (10) 
<br>Flip a coin.  If heads, the Defending Pokemon is now Confused.","[1LL] Lightning Tackle (70) 
<br>Flip a coin.  If tails, Raikou ex does 20 damage to itself.",F,None,2,64.98,64.99,289.0,149.99,,Holofoil,,
88954,Sceptile ex,Sceptile ex,https://tcgplayer-cdn.tcgplayer.com/product/88954_200w.jpg,3,1377,https://cpt.tcgcsv.com/6CK,2024-04-01T21:21:05.127,1,93/95,Ultra Rare,Grass,150,Stage 2,"[1] Green Heal 
<br>Remove 4 damage counters from each of your Pokemon that has Grass Energy attached.  If that Pokemon has less than 4 damage counters, remove all of them.","[2G] Poison Ring (40) 
<br>The Defending Pokemon is now Poisoned.  The Defending Pokemon can't retreat until the end of your opponent's next turn.",GR,W,2,168.55,194.27,219.99,219.0,,Holofoil,,"[3GG] Slashing Strike (100) 
<br>Sceptile ex can't use Slashing Strike during your next turn."
89326,Slowpoke,Slowpoke,https://tcgplayer-cdn.tcgplayer.com/product/89326_200w.jpg,3,1377,https://cpt.tcgcsv.com/xLK,2024-04-01T21:21:06.957,1,45/95,Common,Psychic,50,Basic,"[P] Amnesia 
<br>Choose 1 of the Defending Pokemon's attacks.  That Pokemon can't use that attack during your opponent's next turn.","[2] Tail Strike (10+)
<br>Flip a coin.  If heads, this attack does 10 damage plus 10 more damage.",P,None,1,2.31,3.04,9.99,2.71,,Normal,,
89326,Slowpoke,Slowpoke,https://tcgplayer-cdn.tcgplayer.com/product/89326_200w.jpg,3,1377,https://cpt.tcgcsv.com/xLK,2024-04-01T21:21:06.957,1,45/95,Common,Psychic,50,Basic,"[P] Amnesia 
<br>Choose 1 of the Defending Pokemon's attacks.  That Pokemon can't use that attack during your opponent's next turn.","[2] Tail Strike (10+)
<br>Flip a coin.  If heads, this attack does 10 damage plus 10 more damage.",P,None,1,24.18,54.92,65.0,24.33,,Reverse Holofoil,,
89488,Squirtle,Squirtle,https://tcgplayer-cdn.tcgplayer.com/product/89488_200w.jpg,3,1377,https://cpt.tcgcsv.com/NPK,2024-04-01T21:21:08.75,1,46/95,Common,Water,50,Basic,[1] Tackle (10),,L,None,1,24.0,31.5,38.75,19.07,,Normal,"<strong>Poké-BODY</strong> — Shell Retreat<br>
As long as Squirtle has any Energy cards attached to it, damage done to Squirtle by an opponent's attack is reduced by 10 <em>(after applying Weakness and Resistance).</em>",
89488,Squirtle,Squirtle,https://tcgplayer-cdn.tcgplayer.com/product/89488_200w.jpg,3,1377,https://cpt.tcgcsv.com/NPK,2024-04-01T21:21:08.75,1,46/95,Common,Water,50,Basic,[1] Tackle (10),,L,None,1,126.66,128.33,130.0,46.0,,Reverse Holofoil,"<strong>Poké-BODY</strong> — Shell Retreat<br>
As long as Squirtle has any Energy cards attached to it, damage done to Squirtle by an opponent's attack is reduced by 10 <em>(after applying Weakness and Resistance).</em>",
89578,Strength Charm,Strength Charm,https://tcgplayer-cdn.tcgplayer.com/product/89578_200w.jpg,3,1377,https://cpt.tcgcsv.com/BRK,2024-04-01T21:21:08.197,1,74/95,Uncommon,Trainer - Pokemon Tool,,,,,,,,0.75,1.4,2.99,1.46,1.13,Normal,"<strong>Poké-BODY</strong> — Power Saver <br>
As long as the number of Pokemon in play <em>(both yours and your opponent's)</em> that has Team Magma in its name is 3 or less, Team Magma's Groudon can't attack.",
89578,Strength Charm,Strength Charm,https://tcgplayer-cdn.tcgplayer.com/product/89578_200w.jpg,3,1377,https://cpt.tcgcsv.com/BRK,2024-04-01T21:21:08.197,1,74/95,Uncommon,Trainer - Pokemon Tool,,,,,,,,1.07,1.71,5.5,1.99,1.07,Reverse Holofoil,"<strong>Poké-BODY</strong> — Power Saver <br>
As long as the number of Pokemon in play <em>(both yours and your opponent's)</em> that has Team Magma in its name is 3 or less, Team Magma's Groudon can't attack.",
89611,Suicune ex,Suicune ex,https://tcgplayer-cdn.tcgplayer.com/product/89611_200w.jpg,3,1377,https://cpt.tcgcsv.com/fSK,2024-04-01T21:21:08.847,1,94/95,Ultra Rare,Water,100,Basic,"[W] Energy Flip
<br>Choose 1 of your opponent's Benched Pokemon.  This attack does 10 damage to that Pokemon.  You may move any Energy card attached to that Pokemon to another of your opponent's Pokemon.  <i>(Don't apply Weakness and Resistance for Benched Pokemon.)</i>","[1WW] Reverse Stream (50+) 
<br>You may return all basic Energy cards attached to Suicune ex to your hand.  If you do, this attack does 50 damage plus 10 more damage for each basic Energy card you returned.",L,None,2,200.0,379.99,499.99,269.94,,Holofoil,,
89682,Swampert ex,Swampert ex,https://tcgplayer-cdn.tcgplayer.com/product/89682_200w.jpg,3,1377,https://cpt.tcgcsv.com/GTK,2024-04-01T21:20:59.337,1,95/95,Ultra Rare,Fighting,150,Stage 2,"[1] Hyper Pump (20+) 
<br>Does 20 damage plus 20 more damage for each basic Energy attached to Swampert ex but not used to pay for this attack's Energy cost.  You can't add more than 80 damage in this way.","[2W] Crushing Wave
<br>Choose 1 of your opponent's Pokemon.  This attack does 40 damage to that Pokemon.  After doing damage, flip a coin.  If heads, you opponent discards an Energy card, if any, attached to that Pokemon.  <i>(Don't apply Weakness and Resistance to Benched Pokemon.)</i>",G,None,3,99.99,204.41,204.42,173.05,,Holofoil,,
89768,Team Aqua Ball,Team Aqua Ball,https://tcgplayer-cdn.tcgplayer.com/product/89768_200w.jpg,3,1377,https://cpt.tcgcsv.com/nWK,2024-04-01T21:21:05.397,1,75/95,Uncommon,Trainer - Item,,,,,,,,0.35,0.81,4.14,0.82,,Normal,"Flip a coin.  If heads, search your deck for a Pokemon that has Team Aqua in its name, show it to your opponent, and put it into your hand.  If tails, search your deck for a Basic Pokemon that has Team Aqua in its name, show it to your opponent and put into your hand.  Shuffle your deck afterward.",
89768,Team Aqua Ball,Team Aqua Ball,https://tcgplayer-cdn.tcgplayer.com/product/89768_200w.jpg,3,1377,https://cpt.tcgcsv.com/nWK,2024-04-01T21:21:05.397,1,75/95,Uncommon,Trainer - Item,,,,,,,,2.72,4.82,7.99,5.63,,Reverse Holofoil,"Flip a coin.  If heads, search your deck for a Pokemon that has Team Aqua in its name, show it to your opponent, and put it into your hand.  If tails, search your deck for a Basic Pokemon that has Team Aqua in its name, show it to your opponent and put into your hand.  Shuffle your deck afterward.",
89769,Team Aqua Belt,Team Aqua Belt,https://tcgplayer-cdn.tcgplayer.com/product/89769_200w.jpg,3,1377,https://cpt.tcgcsv.com/pWK,2024-04-01T21:21:08.29,1,76/95,Uncommon,Trainer - Pokemon Tool,,,,,,,,0.6,1.35,2.27,1.48,,Normal,"<em>Attach Team Aqua Belt to 1 of your Pokémon with Team Aqua in its name that doesn't already have a Pokémon Tool attached to it. If that Pokémon is Knocked Out, discard this card.</em><br>
At any time between turns, if the Pokemon Team Aqua Belt is attached to is your Active Pokemon, search your deck for a card that evolves from that Pokemon and put it on that Pokemon.  <em>(This counts as evolving that Pokemon.)</em> Shuffle your deck afterward, then discard Team Aqua Belt.",
89769,Team Aqua Belt,Team Aqua Belt,https://tcgplayer-cdn.tcgplayer.com/product/89769_200w.jpg,3,1377,https://cpt.tcgcsv.com/pWK,2024-04-01T21:21:08.29,1,76/95,Uncommon,Trainer - Pokemon Tool,,,,,,,,1.89,3.25,8.69,7.81,,Reverse Holofoil,"<em>Attach Team Aqua Belt to 1 of your Pokémon with Team Aqua in its name that doesn't already have a Pokémon Tool attached to it. If that Pokémon is Knocked Out, discard this card.</em><br>
At any time between turns, if the Pokemon Team Aqua Belt is attached to is your Active Pokemon, search your deck for a card that evolves from that Pokemon and put it on that Pokemon.  <em>(This counts as evolving that Pokemon.)</em> Shuffle your deck afterward, then discard Team Aqua Belt.",
89770,Team Aqua Conspirator,Team Aqua Conspirator,https://tcgplayer-cdn.tcgplayer.com/product/89770_200w.jpg,3,1377,https://cpt.tcgcsv.com/qWK,2025-05-08T18:10:12.653,1,77/95,Uncommon,Trainer - Supporter,,,,,,,,0.3,0.55,1.59,0.74,,Normal,"<em>You can play only one Supporter card each turn.  When you play this card, put it next to your Active Pokemon.  When your turn ends, discard this card.</em><br>
Search your deck for up to 2 in any combination of Basic Pokemon with Team Aqua in its name and basic Energy cards, show them to your opponent, and put them into your hand.  Shuffle your deck afterward.",
89770,Team Aqua Conspirator,Team Aqua Conspirator,https://tcgplayer-cdn.tcgplayer.com/product/89770_200w.jpg,3,1377,https://cpt.tcgcsv.com/qWK,2025-05-08T18:10:12.653,1,77/95,Uncommon,Trainer - Supporter,,,,,,,,1.52,3.25,5.49,4.33,,Reverse Holofoil,"<em>You can play only one Supporter card each turn.  When you play this card, put it next to your Active Pokemon.  When your turn ends, discard this card.</em><br>
Search your deck for up to 2 in any combination of Basic Pokemon with Team Aqua in its name and basic Energy cards, show them to your opponent, and put them into your hand.  Shuffle your deck afterward.",
89771,Team Aqua Hideout,Team Aqua Hideout,https://tcgplayer-cdn.tcgplayer.com/product/89771_200w.jpg,3,1377,https://cpt.tcgcsv.com/rWK,2024-04-01T21:21:07.46,1,78/95,Uncommon,Trainer - Stadium,,,,,,,,0.28,0.95,2.27,0.87,,Normal,"This card stays in play when you play it.  Discard this card if another Stadium card comes into play.<br>
Each Pokemon that does not have Team Aqua in its name pays 1 more to retreat.",
89771,Team Aqua Hideout,Team Aqua Hideout,https://tcgplayer-cdn.tcgplayer.com/product/89771_200w.jpg,3,1377,https://cpt.tcgcsv.com/rWK,2024-04-01T21:21:07.46,1,78/95,Uncommon,Trainer - Stadium,,,,,,,,3.5,5.03,7.0,7.48,,Reverse Holofoil,"This card stays in play when you play it.  Discard this card if another Stadium card comes into play.<br>
Each Pokemon that does not have Team Aqua in its name pays 1 more to retreat.",
89772,Team Aqua Schemer,Team Aqua Schemer,https://tcgplayer-cdn.tcgplayer.com/product/89772_200w.jpg,3,1377,https://cpt.tcgcsv.com/sWK,2024-04-01T21:21:07.823,1,69/95,Common,Trainer - Supporter,,,"Discard any 1 Pokemon from your hand.  Then draw 3 cards.  If you discarded a Pokemon with Team Aqua in its name, draw 4 cards instead.",,,,,0.16,0.35,1.53,0.46,,Normal,"You can play only one Supporter card each turn.  When you play this card, put it next to your Active Pokemon.  When your turn ends, discard this card.<br>
Discard any 1 Pokemon from your hand.  Then draw 3 cards.  If you discarded a Pokemon with Team Aqua in its name, draw 4 cards instead.",
89772,Team Aqua Schemer,Team Aqua Schemer,https://tcgplayer-cdn.tcgplayer.com/product/89772_200w.jpg,3,1377,https://cpt.tcgcsv.com/sWK,2024-04-01T21:21:07.823,1,69/95,Common,Trainer - Supporter,,,"Discard any 1 Pokemon from your hand.  Then draw 3 cards.  If you discarded a Pokemon with Team Aqua in its name, draw 4 cards instead.",,,,,3.15,4.22,6.97,3.74,,Reverse Holofoil,"You can play only one Supporter card each turn.  When you play this card, put it next to your Active Pokemon.  When your turn ends, discard this card.<br>
Discard any 1 Pokemon from your hand.  Then draw 3 cards.  If you discarded a Pokemon with Team Aqua in its name, draw 4 cards instead.",
89773,Team Aqua Technical Machine 01,Team Aqua Technical Machine 01,https://tcgplayer-cdn.tcgplayer.com/product/89773_200w.jpg,3,1377,https://cpt.tcgcsv.com/tWK,2024-04-01T21:21:08.087,1,79/95,Uncommon,Trainer - Technical Machine,,,"[1] Miracle (10) 
<br>Choose 1 Special Condition.  The Defending Pokemon is now affected by that Special Condition.",,,,,0.56,1.05,2.3,1.41,,Normal,"Attach this card to 1 of your Pokemon that has Team Aqua in its name.  That Pokemon may use this card's attack instead of its own.  At the end of your turn, discard Team Aqua Technical Machine 01.",
89773,Team Aqua Technical Machine 01,Team Aqua Technical Machine 01,https://tcgplayer-cdn.tcgplayer.com/product/89773_200w.jpg,3,1377,https://cpt.tcgcsv.com/tWK,2024-04-01T21:21:08.087,1,79/95,Uncommon,Trainer - Technical Machine,,,"[1] Miracle (10) 
<br>Choose 1 Special Condition.  The Defending Pokemon is now affected by that Special Condition.",,,,,1.62,2.0,5.99,4.74,,Reverse Holofoil,"Attach this card to 1 of your Pokemon that has Team Aqua in its name.  That Pokemon may use this card's attack instead of its own.  At the end of your turn, discard Team Aqua Technical Machine 01.",
89774,Team Aqua's Cacnea - 24/95,Team Aquas Cacnea 24 95,https://tcgplayer-cdn.tcgplayer.com/product/89774_200w.jpg,3,1377,https://cpt.tcgcsv.com/vWK,2024-04-01T21:21:05.21,1,24/95,Uncommon,Grass,50,Basic,"[1] Paralyzing Gaze
<br>Flip a coin.  If heads, the Defending Pokemon is now Paralyzed.","[2] Pin Missile (10x) 
<br>Flip 4 coins.  This attack does 4 damage times the number of heads.",R,None,1,1.0,2.0,3.31,1.94,,Normal,,
89774,Team Aqua's Cacnea - 24/95,Team Aquas Cacnea 24 95,https://tcgplayer-cdn.tcgplayer.com/product/89774_200w.jpg,3,1377,https://cpt.tcgcsv.com/vWK,2024-04-01T21:21:05.21,1,24/95,Uncommon,Grass,50,Basic,"[1] Paralyzing Gaze
<br>Flip a coin.  If heads, the Defending Pokemon is now Paralyzed.","[2] Pin Missile (10x) 
<br>Flip 4 coins.  This attack does 4 damage times the number of heads.",R,None,1,2.91,4.6,9.99,4.96,,Reverse Holofoil,,
89775,Team Aqua's Cacturne,Team Aquas Cacturne,https://tcgplayer-cdn.tcgplayer.com/product/89775_200w.jpg,3,1377,https://cpt.tcgcsv.com/wWK,2024-04-01T21:20:58.58,1,1/95,Holo Rare,Grass Darkness,80,Stage 1,"[D] Dark Bind (10) 
<br>You may discard a Darkness Energy card attached to Team Aqua's Cacturne.  If you do, the Defending Pokemon is now Paralyzed.","[2G] Poison Barb (40) 
<br>The Defending Pokemon is now Poisoned.",R,None,2,21.73,22.74,26.3,21.51,,Holofoil,,
89775,Team Aqua's Cacturne,Team Aquas Cacturne,https://tcgplayer-cdn.tcgplayer.com/product/89775_200w.jpg,3,1377,https://cpt.tcgcsv.com/wWK,2024-04-01T21:20:58.58,1,1/95,Holo Rare,Grass Darkness,80,Stage 1,"[D] Dark Bind (10) 
<br>You may discard a Darkness Energy card attached to Team Aqua's Cacturne.  If you do, the Defending Pokemon is now Paralyzed.","[2G] Poison Barb (40) 
<br>The Defending Pokemon is now Poisoned.",R,None,2,9.0,9.02,14.99,10.25,,Reverse Holofoil,,
89776,Team Aqua's Carvanha - 25/95,Team Aquas Carvanha 25 95,https://tcgplayer-cdn.tcgplayer.com/product/89776_200w.jpg,3,1377,https://cpt.tcgcsv.com/xWK,2024-04-01T21:21:08.93,1,25/95,Uncommon,Water,50,Basic,"[2] Slow-Acting Poison (20) 
<br>At the end of your opponent's next turn, the Defending Pokemon is now Poisoned.",,L,None,1,0.74,0.95,7.97,1.2,,Normal,"<strong>Poké-BODY</strong> — Dark Lift <br>
If Team Aqua's Carvanha has any Darkness Energy attached to it, the Retreat Cost for Team Aqua's Carvanha is 0.",
89776,Team Aqua's Carvanha - 25/95,Team Aquas Carvanha 25 95,https://tcgplayer-cdn.tcgplayer.com/product/89776_200w.jpg,3,1377,https://cpt.tcgcsv.com/xWK,2024-04-01T21:21:08.93,1,25/95,Uncommon,Water,50,Basic,"[2] Slow-Acting Poison (20) 
<br>At the end of your opponent's next turn, the Defending Pokemon is now Poisoned.",,L,None,1,1.0,3.19,7.0,3.44,,Reverse Holofoil,"<strong>Poké-BODY</strong> — Dark Lift <br>
If Team Aqua's Carvanha has any Darkness Energy attached to it, the Retreat Cost for Team Aqua's Carvanha is 0.",
89777,Team Aqua's Carvanha - 47/95,Team Aquas Carvanha 47 95,https://tcgplayer-cdn.tcgplayer.com/product/89777_200w.jpg,3,1377,https://cpt.tcgcsv.com/zWK,2024-04-01T21:21:09.387,1,47/95,Common,Water,40,Basic,"[1] Confuse Ray (10) 
<br>Flip a coin.  If heads, the Defending Pokemon is now Confused.","[1W] Poison Fang (10) 
<br>The Defending Pokemon is now Poisoned.",L,None,1,0.3,0.52,1.74,0.68,,Normal,,
89777,Team Aqua's Carvanha - 47/95,Team Aquas Carvanha 47 95,https://tcgplayer-cdn.tcgplayer.com/product/89777_200w.jpg,3,1377,https://cpt.tcgcsv.com/zWK,2024-04-01T21:21:09.387,1,47/95,Common,Water,40,Basic,"[1] Confuse Ray (10) 
<br>Flip a coin.  If heads, the Defending Pokemon is now Confused.","[1W] Poison Fang (10) 
<br>The Defending Pokemon is now Poisoned.",L,None,1,2.49,3.25,8.76,9.99,,Reverse Holofoil,,
89778,Team Aqua's Carvanha - 48/95,Team Aquas Carvanha 48 95,https://tcgplayer-cdn.tcgplayer.com/product/89778_200w.jpg,3,1377,https://cpt.tcgcsv.com/BWK,2024-04-01T21:21:09.49,1,48/95,Common,Water,50,Basic,[W] Wave Splash (10),[2] Razor Fin (20),L,None,1,0.11,0.36,4.0,0.53,,Normal,,
89778,Team Aqua's Carvanha - 48/95,Team Aquas Carvanha 48 95,https://tcgplayer-cdn.tcgplayer.com/product/89778_200w.jpg,3,1377,https://cpt.tcgcsv.com/BWK,2024-04-01T21:21:09.49,1,48/95,Common,Water,50,Basic,[W] Wave Splash (10),[2] Razor Fin (20),L,None,1,1.77,6.95,10.78,7.7,,Reverse Holofoil,,
89779,Team Aqua's Chinchou,Team Aquas Chinchou,https://tcgplayer-cdn.tcgplayer.com/product/89779_200w.jpg,3,1377,https://cpt.tcgcsv.com/CWK,2025-02-05T21:16:02.557,1,49/95,Common,Lightning,50,Basic,"[1] Confuse Ray 
<br>Flip a coin.  If heads, the Defending Pokemon is now Confused.",[1L] Wave Splash (20),F,M,1,0.14,0.37,4.0,0.47,,Normal,,
89779,Team Aqua's Chinchou,Team Aquas Chinchou,https://tcgplayer-cdn.tcgplayer.com/product/89779_200w.jpg,3,1377,https://cpt.tcgcsv.com/CWK,2025-02-05T21:16:02.557,1,49/95,Common,Lightning,50,Basic,"[1] Confuse Ray 
<br>Flip a coin.  If heads, the Defending Pokemon is now Confused.",[1L] Wave Splash (20),F,M,1,2.0,4.25,7.7,5.49,,Reverse Holofoil,,
89780,Team Aqua's Corphish - 26/95,Team Aquas Corphish 26 95,https://tcgplayer-cdn.tcgplayer.com/product/89780_200w.jpg,3,1377,https://cpt.tcgcsv.com/DWK,2024-04-01T21:21:09.663,1,26/95,Uncommon,Water,50,Basic,"[1] Double Pinchers (10x) 
<br>Flip 2 coins.  This attack does 10 damage times the number of heads.","[1D] Dark Poison (20) 
<br>Discard a basic Energy card attached to Team Aqua's Corphish or this attack does nothing.  The Defending Pokemon is now Poisoned.",L,None,1,0.75,1.25,2.16,1.03,,Normal,,
89780,Team Aqua's Corphish - 26/95,Team Aquas Corphish 26 95,https://tcgplayer-cdn.tcgplayer.com/product/89780_200w.jpg,3,1377,https://cpt.tcgcsv.com/DWK,2024-04-01T21:21:09.663,1,26/95,Uncommon,Water,50,Basic,"[1] Double Pinchers (10x) 
<br>Flip 2 coins.  This attack does 10 damage times the number of heads.","[1D] Dark Poison (20) 
<br>Discard a basic Energy card attached to Team Aqua's Corphish or this attack does nothing.  The Defending Pokemon is now Poisoned.",L,None,1,1.13,3.99,13.54,4.65,3.08,Reverse Holofoil,,
89781,Team Aqua's Corphish - 50/95,Team Aquas Corphish 50 95,https://tcgplayer-cdn.tcgplayer.com/product/89781_200w.jpg,3,1377,https://cpt.tcgcsv.com/FWK,2024-04-01T21:21:09.733,1,50/95,Common,Water,40,Basic,"[1] Toxic Grip 
<br>The Defending Pokemon is now Poisoned.",,L,None,1,0.25,0.63,4.0,0.63,1.49,Normal,,
89781,Team Aqua's Corphish - 50/95,Team Aquas Corphish 50 95,https://tcgplayer-cdn.tcgplayer.com/product/89781_200w.jpg,3,1377,https://cpt.tcgcsv.com/FWK,2024-04-01T21:21:09.733,1,50/95,Common,Water,40,Basic,"[1] Toxic Grip 
<br>The Defending Pokemon is now Poisoned.",,L,None,1,2.36,2.6,4.55,10.0,,Reverse Holofoil,,
89782,Team Aqua's Corphish - 51/95,Team Aquas Corphish 51 95,https://tcgplayer-cdn.tcgplayer.com/product/89782_200w.jpg,3,1377,https://cpt.tcgcsv.com/GWK,2024-04-01T21:21:09.86,1,51/95,Common,Water,50,Basic,[W] Slash (10),"[2] Slow-Acting Poison (10) 
<br>At the end of your opponent's next turn, the Defending Pokemon is now Poisoned.",L,None,1,0.38,0.75,4.99,0.62,,Normal,,
89782,Team Aqua's Corphish - 51/95,Team Aquas Corphish 51 95,https://tcgplayer-cdn.tcgplayer.com/product/89782_200w.jpg,3,1377,https://cpt.tcgcsv.com/GWK,2024-04-01T21:21:09.86,1,51/95,Common,Water,50,Basic,[W] Slash (10),"[2] Slow-Acting Poison (10) 
<br>At the end of your opponent's next turn, the Defending Pokemon is now Poisoned.",L,None,1,3.99,7.81,12.0,7.61,3.99,Reverse Holofoil,,
89783,Team Aqua's Crawdaunt - 2/95,Team Aquas Crawdaunt 2 95,https://tcgplayer-cdn.tcgplayer.com/product/89783_200w.jpg,3,1377,https://cpt.tcgcsv.com/HWK,2024-04-01T21:20:58.85,1,2/95,Holo Rare,Water Darkness,80,Stage 1,"[1D] Aqua Reverse (20) 
<br>Before doing damage, you may choose 1 of your opponent's Benched Pokemon that has Team Magma in its name and switch it with 1 of the Defending Pokemon.  Your opponent chooses which Defending Pokemon to switch.","[1WW] Deep Impact (40) 
<br>If the Defending Pokemon already has any damage counters on it, the Defending Pokemon is now Confused.",L,None,1,5.0,11.32,19.95,15.37,,Holofoil,,
89783,Team Aqua's Crawdaunt - 2/95,Team Aquas Crawdaunt 2 95,https://tcgplayer-cdn.tcgplayer.com/product/89783_200w.jpg,3,1377,https://cpt.tcgcsv.com/HWK,2024-04-01T21:20:58.85,1,2/95,Holo Rare,Water Darkness,80,Stage 1,"[1D] Aqua Reverse (20) 
<br>Before doing damage, you may choose 1 of your opponent's Benched Pokemon that has Team Magma in its name and switch it with 1 of the Defending Pokemon.  Your opponent chooses which Defending Pokemon to switch.","[1WW] Deep Impact (40) 
<br>If the Defending Pokemon already has any damage counters on it, the Defending Pokemon is now Confused.",L,None,1,7.99,11.49,14.99,14.16,,Reverse Holofoil,,
89784,Team Aqua's Crawdaunt - 14/95,Team Aquas Crawdaunt 14 95,https://tcgplayer-cdn.tcgplayer.com/product/89784_200w.jpg,3,1377,https://cpt.tcgcsv.com/JWK,2024-04-01T21:21:09.953,1,14/95,Rare,Water,80,Stage 1,"[1W] Poison Reaction (20+)
<br>If the Defending Pokemon is Poisoned, this attack does 20 damage plus 20 more damage.","[2W] Double Claw (30+) 
<br>Flip 2 coins.  This attack does 30 damage plus 20 more damage for each heads.",L,None,1,1.0,1.66,4.19,1.37,,Normal,,
89784,Team Aqua's Crawdaunt - 14/95,Team Aquas Crawdaunt 14 95,https://tcgplayer-cdn.tcgplayer.com/product/89784_200w.jpg,3,1377,https://cpt.tcgcsv.com/JWK,2024-04-01T21:21:09.953,1,14/95,Rare,Water,80,Stage 1,"[1W] Poison Reaction (20+)
<br>If the Defending Pokemon is Poisoned, this attack does 20 damage plus 20 more damage.","[2W] Double Claw (30+) 
<br>Flip 2 coins.  This attack does 30 damage plus 20 more damage for each heads.",L,None,1,3.06,4.99,6.18,5.21,,Reverse Holofoil,,
89785,Team Aqua's Electrike - 27/95,Team Aquas Electrike 27 95,https://tcgplayer-cdn.tcgplayer.com/product/89785_200w.jpg,3,1377,https://cpt.tcgcsv.com/KWK,2024-04-01T21:21:06.153,1,27/95,Uncommon,Lightning,50,Basic,"[L] Random Spark 
<br>Choose 1 of your opponent's Pokemon.  This attack does 10 damage to that Pokemon.  <i>(Don't apply Weakness and Resistance for Benched Pokemon.)</i>","[2] Plasma (10) 
<br>Flip a coin.  If heads, search your discard pile for a Lightning Energy card and attach it to Team Aqua's Electrike.",F,M,1,1.08,1.33,3.09,1.79,,Normal,,
89785,Team Aqua's Electrike - 27/95,Team Aquas Electrike 27 95,https://tcgplayer-cdn.tcgplayer.com/product/89785_200w.jpg,3,1377,https://cpt.tcgcsv.com/KWK,2024-04-01T21:21:06.153,1,27/95,Uncommon,Lightning,50,Basic,"[L] Random Spark 
<br>Choose 1 of your opponent's Pokemon.  This attack does 10 damage to that Pokemon.  <i>(Don't apply Weakness and Resistance for Benched Pokemon.)</i>","[2] Plasma (10) 
<br>Flip a coin.  If heads, search your discard pile for a Lightning Energy card and attach it to Team Aqua's Electrike.",F,M,1,1.62,10.06,16.48,9.87,,Reverse Holofoil,,
89786,Team Aqua's Electrike - 52/95,Team Aquas Electrike 52 95,https://tcgplayer-cdn.tcgplayer.com/product/89786_200w.jpg,3,1377,https://cpt.tcgcsv.com/LWK,2024-04-01T21:21:06.217,1,52/95,Common,Lightning,50,Basic,[1] Scratch (10),"[1L] Thundershock (10) 
<br>Flip a coin.  If heads, the Defending Pokemon is now Paralyzed.",F,M,1,0.25,0.7,1.56,0.84,,Normal,,
89786,Team Aqua's Electrike - 52/95,Team Aquas Electrike 52 95,https://tcgplayer-cdn.tcgplayer.com/product/89786_200w.jpg,3,1377,https://cpt.tcgcsv.com/LWK,2024-04-01T21:21:06.217,1,52/95,Common,Lightning,50,Basic,[1] Scratch (10),"[1L] Thundershock (10) 
<br>Flip a coin.  If heads, the Defending Pokemon is now Paralyzed.",F,M,1,2.99,5.07,8.69,3.95,,Reverse Holofoil,,
89787,Team Aqua's Electrike - 53/95,Team Aquas Electrike 53 95,https://tcgplayer-cdn.tcgplayer.com/product/89787_200w.jpg,3,1377,https://cpt.tcgcsv.com/MWK,2024-04-01T21:21:06.28,1,53/95,Common,Lightning,50,Basic,"[1] Self Charge 
<br>Attach an Energy card from your hand to Team Aqua's Electrike.",[2] Tackle (20),F,M,1,0.3,0.68,1.93,0.8,,Normal,,
89787,Team Aqua's Electrike - 53/95,Team Aquas Electrike 53 95,https://tcgplayer-cdn.tcgplayer.com/product/89787_200w.jpg,3,1377,https://cpt.tcgcsv.com/MWK,2024-04-01T21:21:06.28,1,53/95,Common,Lightning,50,Basic,"[1] Self Charge 
<br>Attach an Energy card from your hand to Team Aqua's Electrike.",[2] Tackle (20),F,M,1,2.08,2.79,12.0,3.12,,Reverse Holofoil,,
89788,Team Aqua's Kyogre,Team Aquas Kyogre,https://tcgplayer-cdn.tcgplayer.com/product/89788_200w.jpg,3,1377,https://cpt.tcgcsv.com/NWK,2024-04-01T21:20:58.913,1,3/95,Holo Rare,Water Darkness,100,Basic,"[1W] Aqua Trip (10) 
<br>Flip a coin.  If heads, the Defending Pokemon is now Confused.  If tails, the Defending Pokemon is now Asleep.","[1WW] Aqua Smash (50+) 
<br>If the Defending Pokemon is affected by a Special Condition, this attack does 50 damage plus 20 more damage.",G,None,3,29.99,30.0,50.35,49.97,,Holofoil,"<strong>Poké-BODY</strong> — Power Saver<br>
As long as the number of Pokemon in play <em>(both yours and your opponent's)</em> that has Team Aqua in its name is 3 or less, Team Aqua's Kyogre can't attack.",
89788,Team Aqua's Kyogre,Team Aquas Kyogre,https://tcgplayer-cdn.tcgplayer.com/product/89788_200w.jpg,3,1377,https://cpt.tcgcsv.com/NWK,2024-04-01T21:20:58.913,1,3/95,Holo Rare,Water Darkness,100,Basic,"[1W] Aqua Trip (10) 
<br>Flip a coin.  If heads, the Defending Pokemon is now Confused.  If tails, the Defending Pokemon is now Asleep.","[1WW] Aqua Smash (50+) 
<br>If the Defending Pokemon is affected by a Special Condition, this attack does 50 damage plus 20 more damage.",G,None,3,24.0,28.45,60.0,50.3,,Reverse Holofoil,"<strong>Poké-BODY</strong> — Power Saver<br>
As long as the number of Pokemon in play <em>(both yours and your opponent's)</em> that has Team Aqua in its name is 3 or less, Team Aqua's Kyogre can't attack.",
89789,Team Aqua's Lanturn,Team Aquas Lanturn,https://tcgplayer-cdn.tcgplayer.com/product/89789_200w.jpg,3,1377,https://cpt.tcgcsv.com/PWK,2024-04-01T21:21:06.363,1,28/95,Uncommon,Lightning,80,Stage 1,[2L] Lightning Ball (50),,F,M,1,0.24,0.62,4.0,0.62,1.49,Normal,"<strong>Poké-POWER</strong> — Auxiliary Light <br>
Once during your turn <em>(before your attack)</em>, you may attach a basic Energy card from your hand to Team Aqua's Lanturn.  Put 2 damage counters on Team Aqua's Lanturn.  This power can't be used if Team Aqua's Lanturn is affected by a Special Condition.",
89789,Team Aqua's Lanturn,Team Aquas Lanturn,https://tcgplayer-cdn.tcgplayer.com/product/89789_200w.jpg,3,1377,https://cpt.tcgcsv.com/PWK,2024-04-01T21:21:06.363,1,28/95,Uncommon,Lightning,80,Stage 1,[2L] Lightning Ball (50),,F,M,1,4.0,9.5,40.0,5.76,,Reverse Holofoil,"<strong>Poké-POWER</strong> — Auxiliary Light <br>
Once during your turn <em>(before your attack)</em>, you may attach a basic Energy card from your hand to Team Aqua's Lanturn.  Put 2 damage counters on Team Aqua's Lanturn.  This power can't be used if Team Aqua's Lanturn is affected by a Special Condition.",
89790,Team Aqua's Manectric - 4/95,Team Aquas Manectric 4 95,https://tcgplayer-cdn.tcgplayer.com/product/89790_200w.jpg,3,1377,https://cpt.tcgcsv.com/QWK,2024-04-01T21:20:58.64,1,4/95,Holo Rare,Lightning Darkness,70,Stage 1,"[2L] Thunderspark (50) 
<br>Does 10 damage to each Benched Pokemon (both yours and your opponent's) that has Energy cards attached to it.  <i>(Don't apply Weakness and Resistance for Benched Pokemon.)</i>",,F,M,1,19.26,50.5,65.0,15.02,,Holofoil,"<strong>Poké-POWER</strong> — Power Shift <br>
Once during your turn (before your attack), you may move any number of basic Energy cards attached to 1 of your Pokemon with Team Aqua in its name to another of your Pokemon.  This power can't be used if Team Aqua's Manectric is affected by a Special Condition.",
89790,Team Aqua's Manectric - 4/95,Team Aquas Manectric 4 95,https://tcgplayer-cdn.tcgplayer.com/product/89790_200w.jpg,3,1377,https://cpt.tcgcsv.com/QWK,2024-04-01T21:20:58.64,1,4/95,Holo Rare,Lightning Darkness,70,Stage 1,"[2L] Thunderspark (50) 
<br>Does 10 damage to each Benched Pokemon (both yours and your opponent's) that has Energy cards attached to it.  <i>(Don't apply Weakness and Resistance for Benched Pokemon.)</i>",,F,M,1,10.58,17.0,19.99,15.66,,Reverse Holofoil,"<strong>Poké-POWER</strong> — Power Shift <br>
Once during your turn (before your attack), you may move any number of basic Energy cards attached to 1 of your Pokemon with Team Aqua in its name to another of your Pokemon.  This power can't be used if Team Aqua's Manectric is affected by a Special Condition.",
89791,Team Aqua's Manectric - 29/95,Team Aquas Manectric 29 95,https://tcgplayer-cdn.tcgplayer.com/product/89791_200w.jpg,3,1377,https://cpt.tcgcsv.com/RWK,2024-04-01T21:21:06.763,1,29/95,Uncommon,Lightning,80,Stage 1,"[1L] Aqua Beam (20)
<br>If the Defending Pokemon has Team Magma in its name, the Defending Pokemon is now Confused.","[2L] Chaos Crush (50) 
<br>If the Defending Pokemon is Confused, discard an Energy card attached to the Defending Pokemon.",F,M,1,1.58,2.28,4.0,2.07,,Normal,,
89791,Team Aqua's Manectric - 29/95,Team Aquas Manectric 29 95,https://tcgplayer-cdn.tcgplayer.com/product/89791_200w.jpg,3,1377,https://cpt.tcgcsv.com/RWK,2024-04-01T21:21:06.763,1,29/95,Uncommon,Lightning,80,Stage 1,"[1L] Aqua Beam (20)
<br>If the Defending Pokemon has Team Magma in its name, the Defending Pokemon is now Confused.","[2L] Chaos Crush (50) 
<br>If the Defending Pokemon is Confused, discard an Energy card attached to the Defending Pokemon.",F,M,1,2.12,4.2,48.99,4.35,,Reverse Holofoil,,
89792,Team Aqua's Mightyena - 15/95,Team Aquas Mightyena 15 95,https://tcgplayer-cdn.tcgplayer.com/product/89792_200w.jpg,3,1377,https://cpt.tcgcsv.com/SWK,2022-11-17T19:02:32.45,1,15/95,Rare,Darkness,70,Stage 1,[1D] Bite (20),"[2W] Mystic Fang (50) 
<br>If the Defending Pokemon is Pokemon-ex, the Defending Pokemon is now Confused.",G,P,1,1.71,2.31,3.42,2.22,,Normal,,
89792,Team Aqua's Mightyena - 15/95,Team Aquas Mightyena 15 95,https://tcgplayer-cdn.tcgplayer.com/product/89792_200w.jpg,3,1377,https://cpt.tcgcsv.com/SWK,2022-11-17T19:02:32.45,1,15/95,Rare,Darkness,70,Stage 1,[1D] Bite (20),"[2W] Mystic Fang (50) 
<br>If the Defending Pokemon is Pokemon-ex, the Defending Pokemon is now Confused.",G,P,1,7.99,9.52,14.99,9.35,,Reverse Holofoil,,
89793,Team Aqua's Mightyena - 30/95,Team Aquas Mightyena 30 95,https://tcgplayer-cdn.tcgplayer.com/product/89793_200w.jpg,3,1377,https://cpt.tcgcsv.com/TWK,2022-11-17T19:06:41.053,1,30/95,Uncommon,Darkness,80,Stage 1,"[1] Aqua Call
<br>Search your deck for Pokemon that has Team Aqua in its name, show up to 3 of them to your opponent, and put them into your hand.  Shuffle your deck afterward.",[1W] Wave Splash (30),G,P,1,0.35,1.05,3.0,1.15,,Normal,,
89793,Team Aqua's Mightyena - 30/95,Team Aquas Mightyena 30 95,https://tcgplayer-cdn.tcgplayer.com/product/89793_200w.jpg,3,1377,https://cpt.tcgcsv.com/TWK,2022-11-17T19:06:41.053,1,30/95,Uncommon,Darkness,80,Stage 1,"[1] Aqua Call
<br>Search your deck for Pokemon that has Team Aqua in its name, show up to 3 of them to your opponent, and put them into your hand.  Shuffle your deck afterward.",[1W] Wave Splash (30),G,P,1,2.48,4.64,9.99,4.15,,Reverse Holofoil,,
89794,Team Aqua's Poochyena - 54/95,Team Aquas Poochyena 54 95,https://tcgplayer-cdn.tcgplayer.com/product/89794_200w.jpg,3,1377,https://cpt.tcgcsv.com/VWK,2022-11-17T20:08:08.737,1,54/95,Common,Darkness,40,Basic,"[1] Double Scratch (10x) 
<br>Flip 2 coins.  This attack does 10 damage times the number of heads.",[2] Tail Slap (20),G,P,1,0.25,0.52,3.0,0.53,,Normal,,
89794,Team Aqua's Poochyena - 54/95,Team Aquas Poochyena 54 95,https://tcgplayer-cdn.tcgplayer.com/product/89794_200w.jpg,3,1377,https://cpt.tcgcsv.com/VWK,2022-11-17T20:08:08.737,1,54/95,Common,Darkness,40,Basic,"[1] Double Scratch (10x) 
<br>Flip 2 coins.  This attack does 10 damage times the number of heads.",[2] Tail Slap (20),G,P,1,3.75,4.78,5.5,6.07,,Reverse Holofoil,,
89795,Team Aqua's Poochyena - 55/95,Team Aquas Poochyena 55 95,https://tcgplayer-cdn.tcgplayer.com/product/89795_200w.jpg,3,1377,https://cpt.tcgcsv.com/WWK,2023-03-08T10:16:07.58,1,55/95,Common,Darkness,50,Basic,"[1] Roar 
<br>Your opponent switches the Defending Pokemon with 1 of his or her Benched Pokemon, if any.","[1W] Aqua Crush (10) 
<br>Flip a coin.  If heads, discard an Energy card attached to the Defending Pokemon.",G,P,1,0.54,1.44,2.37,1.44,,Normal,,
89795,Team Aqua's Poochyena - 55/95,Team Aquas Poochyena 55 95,https://tcgplayer-cdn.tcgplayer.com/product/89795_200w.jpg,3,1377,https://cpt.tcgcsv.com/WWK,2023-03-08T10:16:07.58,1,55/95,Common,Darkness,50,Basic,"[1] Roar 
<br>Your opponent switches the Defending Pokemon with 1 of his or her Benched Pokemon, if any.","[1W] Aqua Crush (10) 
<br>Flip a coin.  If heads, discard an Energy card attached to the Defending Pokemon.",G,P,1,5.54,8.31,10.77,6.29,,Reverse Holofoil,,
89796,Team Aqua's Sealeo - 16/95,Team Aquas Sealeo 16 95,https://tcgplayer-cdn.tcgplayer.com/product/89796_200w.jpg,3,1377,https://cpt.tcgcsv.com/XWK,2024-04-01T21:21:10.033,1,16/95,Rare,Water,70,Stage 1,"[W] Aqua Trance (20) 
<br>At the end of your opponent's next turn, the Defending Pokemon is now Asleep.","[1W] Super Hypnoblast (30+) 
<br>If the Defending Pokemon is Asleep, this attack does 30 damage plus 20 more damage.",M,None,1,0.69,1.8,3.5,1.92,,Normal,,
89796,Team Aqua's Sealeo - 16/95,Team Aquas Sealeo 16 95,https://tcgplayer-cdn.tcgplayer.com/product/89796_200w.jpg,3,1377,https://cpt.tcgcsv.com/XWK,2024-04-01T21:21:10.033,1,16/95,Rare,Water,70,Stage 1,"[W] Aqua Trance (20) 
<br>At the end of your opponent's next turn, the Defending Pokemon is now Asleep.","[1W] Super Hypnoblast (30+) 
<br>If the Defending Pokemon is Asleep, this attack does 30 damage plus 20 more damage.",M,None,1,10.61,10.61,19.99,12.08,,Reverse Holofoil,,
89797,Team Aqua's Sealeo - 31/95,Team Aquas Sealeo 31 95,https://tcgplayer-cdn.tcgplayer.com/product/89797_200w.jpg,3,1377,https://cpt.tcgcsv.com/ZWK,2024-04-01T21:21:10.127,1,31/95,Uncommon,Water,80,Stage 1,[2] Aurora Beam (20),"[1WW] Knock Over (40) 
<br>You may discard any Stadium card in play.",M,None,2,0.24,0.68,2.49,0.88,,Normal,,
89797,Team Aqua's Sealeo - 31/95,Team Aquas Sealeo 31 95,https://tcgplayer-cdn.tcgplayer.com/product/89797_200w.jpg,3,1377,https://cpt.tcgcsv.com/ZWK,2024-04-01T21:21:10.127,1,31/95,Uncommon,Water,80,Stage 1,[2] Aurora Beam (20),"[1WW] Knock Over (40) 
<br>You may discard any Stadium card in play.",M,None,2,2.0,3.46,8.99,2.85,,Reverse Holofoil,,
89798,Team Aqua's Seviper,Team Aquas Seviper,https://tcgplayer-cdn.tcgplayer.com/product/89798_200w.jpg,3,1377,https://cpt.tcgcsv.com/-WK,2024-04-01T21:21:05.28,1,17/95,Rare,Grass,80,Basic,"[1] Call for Family 
<br>Search your deck for a Grass Basic Pokemon or Basic Pokemon with Team Aqua in its name and put it onto your Bench.  Shuffle your deck afterward.","[2G] Thick Poison (20)
<br>Flip a coin.  If heads, the Defending Pokemon is now Confused and Poisoned.  If tails, the Defending Pokemon is now Poisoned.",P,None,2,1.63,2.51,5.78,2.45,,Normal,,
89798,Team Aqua's Seviper,Team Aquas Seviper,https://tcgplayer-cdn.tcgplayer.com/product/89798_200w.jpg,3,1377,https://cpt.tcgcsv.com/-WK,2024-04-01T21:21:05.28,1,17/95,Rare,Grass,80,Basic,"[1] Call for Family 
<br>Search your deck for a Grass Basic Pokemon or Basic Pokemon with Team Aqua in its name and put it onto your Bench.  Shuffle your deck afterward.","[2G] Thick Poison (20)
<br>Flip a coin.  If heads, the Defending Pokemon is now Confused and Poisoned.  If tails, the Defending Pokemon is now Poisoned.",P,None,2,3.41,6.25,19.98,7.5,19.98,Reverse Holofoil,,
89799,Team Aqua's Sharpedo - 5/95,Team Aquas Sharpedo 5 95,https://tcgplayer-cdn.tcgplayer.com/product/89799_200w.jpg,3,1377,https://cpt.tcgcsv.com/_WK,2024-04-01T21:20:59.023,1,5/95,Holo Rare,Water Darkness,70,Stage 1,"[2] Rage (10+) 
<br>Does 10 damage plus 10 more damage for each damage counter on Team Aqua's Sharpedo.","[1WW] Aqua Slash (60) 
<br>Team Aqua's Sharpedo can't attack during your next turn.",L,None,0,25.1,27.13,27.13,26.25,,Holofoil,,
89799,Team Aqua's Sharpedo - 5/95,Team Aquas Sharpedo 5 95,https://tcgplayer-cdn.tcgplayer.com/product/89799_200w.jpg,3,1377,https://cpt.tcgcsv.com/_WK,2024-04-01T21:20:59.023,1,5/95,Holo Rare,Water Darkness,70,Stage 1,"[2] Rage (10+) 
<br>Does 10 damage plus 10 more damage for each damage counter on Team Aqua's Sharpedo.","[1WW] Aqua Slash (60) 
<br>Team Aqua's Sharpedo can't attack during your next turn.",L,None,0,29.59,29.59,29.59,18.98,,Reverse Holofoil,,
89800,Team Aqua's Sharpedo - 18/95,Team Aquas Sharpedo 18 95,https://tcgplayer-cdn.tcgplayer.com/product/89800_200w.jpg,3,1377,https://cpt.tcgcsv.com/0XK,2024-04-01T21:21:10.22,1,18/95,Rare,Water,70,Stage 1,"[2] Slow-Acting Poison (20) 
<br>At the end of your opponent's next turn, the Defending Pokemon is now Poisoned.","[1WW] Aqua Smash (50+) 
<br>If the Defending Pokemon is affected by a Special Condition, this attack does 50 damage plus 20 more damage.",L,None,0,1.62,2.3,3.75,2.48,3.09,Normal,,
89800,Team Aqua's Sharpedo - 18/95,Team Aquas Sharpedo 18 95,https://tcgplayer-cdn.tcgplayer.com/product/89800_200w.jpg,3,1377,https://cpt.tcgcsv.com/0XK,2024-04-01T21:21:10.22,1,18/95,Rare,Water,70,Stage 1,"[2] Slow-Acting Poison (20) 
<br>At the end of your opponent's next turn, the Defending Pokemon is now Poisoned.","[1WW] Aqua Smash (50+) 
<br>If the Defending Pokemon is affected by a Special Condition, this attack does 50 damage plus 20 more damage.",L,None,0,6.76,9.01,13.7,9.5,,Reverse Holofoil,,
89801,Team Aqua's Spheal - 56/95,Team Aquas Spheal 56 95,https://tcgplayer-cdn.tcgplayer.com/product/89801_200w.jpg,3,1377,https://cpt.tcgcsv.com/2XK,2024-04-01T21:21:10.313,1,56/95,Common,Water,50,Basic,"[W] Powder Snow (10) 
<br>The Defending Pokemon is now Asleep.",,M,None,1,0.25,0.97,13.0,1.14,2.49,Normal,,
89801,Team Aqua's Spheal - 56/95,Team Aquas Spheal 56 95,https://tcgplayer-cdn.tcgplayer.com/product/89801_200w.jpg,3,1377,https://cpt.tcgcsv.com/2XK,2024-04-01T21:21:10.313,1,56/95,Common,Water,50,Basic,"[W] Powder Snow (10) 
<br>The Defending Pokemon is now Asleep.",,M,None,1,3.75,16.78,20.13,12.84,,Reverse Holofoil,,
89802,Team Aqua's Spheal - 57/95,Team Aquas Spheal 57 95,https://tcgplayer-cdn.tcgplayer.com/product/89802_200w.jpg,3,1377,https://cpt.tcgcsv.com/3XK,2024-04-01T21:21:10.443,1,57/95,Common,Water,50,Basic,[W] Rollout (10),"[1W] Aqua Trance (20) 
<br>At the end of your opponent's next turn, the Defending Pokemon is now Asleep.",M,None,1,0.77,1.32,3.0,1.31,,Normal,,
89802,Team Aqua's Spheal - 57/95,Team Aquas Spheal 57 95,https://tcgplayer-cdn.tcgplayer.com/product/89802_200w.jpg,3,1377,https://cpt.tcgcsv.com/3XK,2024-04-01T21:21:10.443,1,57/95,Common,Water,50,Basic,[W] Rollout (10),"[1W] Aqua Trance (20) 
<br>At the end of your opponent's next turn, the Defending Pokemon is now Asleep.",M,None,1,2.49,11.25,20.0,18.0,,Reverse Holofoil,,
89803,Team Aqua's Walrein,Team Aquas Walrein,https://tcgplayer-cdn.tcgplayer.com/product/89803_200w.jpg,3,1377,https://cpt.tcgcsv.com/5XK,2025-03-02T08:07:16.717,1,6/95,Holo Rare,Water Darkness,120,Stage 2,"[1] Power Blow (10+)
<br>Does 10 damage plus 10 more damage for each Energy attached to Team Aqua's Walrein.","[2WW] Hydro Reverse (50+) 
<br>You may return any number of basic Water Energy cards attached to all of your Pokemon to your hand.  If you do, this attack does 50 damage plus 10 more damage for each Energy you returned.",FM,None,2,4.28,5.91,8.24,7.12,,Holofoil,,
89803,Team Aqua's Walrein,Team Aquas Walrein,https://tcgplayer-cdn.tcgplayer.com/product/89803_200w.jpg,3,1377,https://cpt.tcgcsv.com/5XK,2025-03-02T08:07:16.717,1,6/95,Holo Rare,Water Darkness,120,Stage 2,"[1] Power Blow (10+)
<br>Does 10 damage plus 10 more damage for each Energy attached to Team Aqua's Walrein.","[2WW] Hydro Reverse (50+) 
<br>You may return any number of basic Water Energy cards attached to all of your Pokemon to your hand.  If you do, this attack does 50 damage plus 10 more damage for each Energy you returned.",FM,None,2,7.12,14.48,18.99,10.86,,Reverse Holofoil,,
89812,Team Magma Ball,Team Magma Ball,https://tcgplayer-cdn.tcgplayer.com/product/89812_200w.jpg,3,1377,https://cpt.tcgcsv.com/gXK,2024-12-26T10:06:30.183,1,80/95,Uncommon,Trainer - Item,,,,,,,,0.5,0.98,3.49,1.01,,Normal,"Flip a coin.  If heads, search your deck for a Pokemon that has Team Magma in its name, show it to your opponent, and put it into your hand.  If tails, search your deck for a Basic Pokemon that has Team Magma in its name, show it to your opponent and put into your hand.  Shuffle your deck afterward.",
89812,Team Magma Ball,Team Magma Ball,https://tcgplayer-cdn.tcgplayer.com/product/89812_200w.jpg,3,1377,https://cpt.tcgcsv.com/gXK,2024-12-26T10:06:30.183,1,80/95,Uncommon,Trainer - Item,,,,,,,,2.75,4.14,19.99,3.98,,Reverse Holofoil,"Flip a coin.  If heads, search your deck for a Pokemon that has Team Magma in its name, show it to your opponent, and put it into your hand.  If tails, search your deck for a Basic Pokemon that has Team Magma in its name, show it to your opponent and put into your hand.  Shuffle your deck afterward.",
89813,Team Magma Belt,Team Magma Belt,https://tcgplayer-cdn.tcgplayer.com/product/89813_200w.jpg,3,1377,https://cpt.tcgcsv.com/hXK,2024-04-01T21:21:08.453,1,81/95,Uncommon,Trainer - Pokemon Tool,,,,,,,,0.6,1.5,2.48,1.25,,Normal,"Attach Team Magma Belt to 1 of your Pokémon with Team Magma in its name that doesn't already have a Pokémon Tool attached to it. If that Pokémon is Knocked Out, discard this card.<br>
At any time between turns, if the Pokemon Team Magma Belt is attached to is your Active Pokemon, search your deck for a card that evolves from that Pokemon and put it on that Pokemon.  <em>(This counts as evolving that Pokemon.)</em> Shuffle your deck afterward, then discard Team Magma Belt.",
89813,Team Magma Belt,Team Magma Belt,https://tcgplayer-cdn.tcgplayer.com/product/89813_200w.jpg,3,1377,https://cpt.tcgcsv.com/hXK,2024-04-01T21:21:08.453,1,81/95,Uncommon,Trainer - Pokemon Tool,,,,,,,,1.75,2.76,4.36,6.5,,Reverse Holofoil,"Attach Team Magma Belt to 1 of your Pokémon with Team Magma in its name that doesn't already have a Pokémon Tool attached to it. If that Pokémon is Knocked Out, discard this card.<br>
At any time between turns, if the Pokemon Team Magma Belt is attached to is your Active Pokemon, search your deck for a card that evolves from that Pokemon and put it on that Pokemon.  <em>(This counts as evolving that Pokemon.)</em> Shuffle your deck afterward, then discard Team Magma Belt.",
89814,Team Magma Conspirator,Team Magma Conspirator,https://tcgplayer-cdn.tcgplayer.com/product/89814_200w.jpg,3,1377,https://cpt.tcgcsv.com/jXK,2024-04-01T21:21:07.963,1,82/95,Uncommon,Trainer - Supporter,,,,,,,,0.25,0.85,2.19,0.88,,Normal,"You can play only one Supporter card each turn.  When you play this card, put it next to your Active Pokemon.  When your turn ends, discard this card.<br>
Search your deck for up to 2 in any combination of Basic Pokemon with Team Magma in its name and basic Energy cards, show them to your opponent, and put them into your hand.  Shuffle your deck afterward.",
89814,Team Magma Conspirator,Team Magma Conspirator,https://tcgplayer-cdn.tcgplayer.com/product/89814_200w.jpg,3,1377,https://cpt.tcgcsv.com/jXK,2024-04-01T21:21:07.963,1,82/95,Uncommon,Trainer - Supporter,,,,,,,,1.28,11.95,19.89,2.17,17.9,Reverse Holofoil,"You can play only one Supporter card each turn.  When you play this card, put it next to your Active Pokemon.  When your turn ends, discard this card.<br>
Search your deck for up to 2 in any combination of Basic Pokemon with Team Magma in its name and basic Energy cards, show them to your opponent, and put them into your hand.  Shuffle your deck afterward.",
89815,Team Magma Hideout,Team Magma Hideout,https://tcgplayer-cdn.tcgplayer.com/product/89815_200w.jpg,3,1377,https://cpt.tcgcsv.com/kXK,2024-12-27T09:45:13.02,1,83/95,Uncommon,Trainer - Stadium,,,,,,,,0.35,0.55,1.73,0.55,,Normal,"This card stays in play when you play it.  Discard this card if another Stadium card comes into play.<br>
Whenever any player plays a Basic Pokemon that doesn't have Team Magma in its name from his or her hand, that player puts 1 damage counter on that Pokemon.",
89815,Team Magma Hideout,Team Magma Hideout,https://tcgplayer-cdn.tcgplayer.com/product/89815_200w.jpg,3,1377,https://cpt.tcgcsv.com/kXK,2024-12-27T09:45:13.02,1,83/95,Uncommon,Trainer - Stadium,,,,,,,,2.79,4.29,7.38,7.23,,Reverse Holofoil,"This card stays in play when you play it.  Discard this card if another Stadium card comes into play.<br>
Whenever any player plays a Basic Pokemon that doesn't have Team Magma in its name from his or her hand, that player puts 1 damage counter on that Pokemon.",
89816,Team Magma Schemer,Team Magma Schemer,https://tcgplayer-cdn.tcgplayer.com/product/89816_200w.jpg,3,1377,https://cpt.tcgcsv.com/lXK,2025-03-28T20:50:16.707,1,70/95,Common,Trainer - Supporter,,,,,,,,0.13,0.41,1.99,0.54,,Normal,"You can play only one Supporter card each turn.  When you play this card, put it next to your Active Pokemon.  When your turn ends, discard this card.<br>
Discard any 1 Pokemon from your hand.  Then draw 3 cards.  If you discarded a Pokemon with Team Magma in its name, draw 4 cards instead.",
89816,Team Magma Schemer,Team Magma Schemer,https://tcgplayer-cdn.tcgplayer.com/product/89816_200w.jpg,3,1377,https://cpt.tcgcsv.com/lXK,2025-03-28T20:50:16.707,1,70/95,Common,Trainer - Supporter,,,,,,,,1.15,2.1,3.5,3.5,,Reverse Holofoil,"You can play only one Supporter card each turn.  When you play this card, put it next to your Active Pokemon.  When your turn ends, discard this card.<br>
Discard any 1 Pokemon from your hand.  Then draw 3 cards.  If you discarded a Pokemon with Team Magma in its name, draw 4 cards instead.",
89817,Team Magma Technical Machine 01,Team Magma Technical Machine 01,https://tcgplayer-cdn.tcgplayer.com/product/89817_200w.jpg,3,1377,https://cpt.tcgcsv.com/mXK,2025-05-02T06:07:39.897,1,84/95,Uncommon,Trainer - Technical Machine,,,"[1] Crushing Magma (10) 
<br>Choose an Energy card attached to the Defending Pokemon and put that card at the bottom of your opponent's deck.",,,,,1.24,1.87,3.99,1.99,,Normal,"Attach this card to 1 of your Pokemon that has Team Magma in its name.  That Pokemon may use this card's attack instead of its own.  At the end of your turn, discard Team Magma Technical Machine 01.",
89817,Team Magma Technical Machine 01,Team Magma Technical Machine 01,https://tcgplayer-cdn.tcgplayer.com/product/89817_200w.jpg,3,1377,https://cpt.tcgcsv.com/mXK,2025-05-02T06:07:39.897,1,84/95,Uncommon,Trainer - Technical Machine,,,"[1] Crushing Magma (10) 
<br>Choose an Energy card attached to the Defending Pokemon and put that card at the bottom of your opponent's deck.",,,,,2.51,6.46,7.0,6.0,,Reverse Holofoil,"Attach this card to 1 of your Pokemon that has Team Magma in its name.  That Pokemon may use this card's attack instead of its own.  At the end of your turn, discard Team Magma Technical Machine 01.",
89818,Team Magma's Aggron,Team Magmas Aggron,https://tcgplayer-cdn.tcgplayer.com/product/89818_200w.jpg,3,1377,https://cpt.tcgcsv.com/nXK,2025-02-21T03:14:04.547,1,7/95,Holo Rare,Fighting,120,Stage 2,"[F] Crush (30x) 
<br>Flip a coin for each Energy attached to Team Magma's Aggron.  This attack does 30 damage times the number of heads.","[2FF] Land Stream (50+) 
<br>You may discard any number of basic Energy cards attached to Team Magma's Aggron.  If you do, this attack does 50 damage plus 20 more damage for each basic Energy card you discarded.",GW,None,2,10.93,11.12,30.0,12.35,11.24,Holofoil,,
89818,Team Magma's Aggron,Team Magmas Aggron,https://tcgplayer-cdn.tcgplayer.com/product/89818_200w.jpg,3,1377,https://cpt.tcgcsv.com/nXK,2025-02-21T03:14:04.547,1,7/95,Holo Rare,Fighting,120,Stage 2,"[F] Crush (30x) 
<br>Flip a coin for each Energy attached to Team Magma's Aggron.  This attack does 30 damage times the number of heads.","[2FF] Land Stream (50+) 
<br>You may discard any number of basic Energy cards attached to Team Magma's Aggron.  If you do, this attack does 50 damage plus 20 more damage for each basic Energy card you discarded.",GW,None,2,15.0,20.36,25.71,25.06,,Reverse Holofoil,,
89819,Team Magma's Aron - 58/95,Team Magmas Aron 58 95,https://tcgplayer-cdn.tcgplayer.com/product/89819_200w.jpg,3,1377,https://cpt.tcgcsv.com/pXK,2024-04-01T21:20:59.567,1,58/95,Common,Fighting,50,Basic,[F] Mud Slap (10),[2] Tackle (20),G,None,1,0.14,0.5,4.96,0.53,,Normal,,
89819,Team Magma's Aron - 58/95,Team Magmas Aron 58 95,https://tcgplayer-cdn.tcgplayer.com/product/89819_200w.jpg,3,1377,https://cpt.tcgcsv.com/pXK,2024-04-01T21:20:59.567,1,58/95,Common,Fighting,50,Basic,[F] Mud Slap (10),[2] Tackle (20),G,None,1,1.46,4.74,9.99,6.3,,Reverse Holofoil,,
89820,Team Magma's Aron - 59/95,Team Magmas Aron 59 95,https://tcgplayer-cdn.tcgplayer.com/product/89820_200w.jpg,3,1377,https://cpt.tcgcsv.com/qXK,2024-04-01T21:20:59.697,1,59/95,Common,Fighting,50,Basic,"[F] Dig Under
<br>Choose 1 of your opponent's Pokemon.  This attack does 10 damage to that Pokemon.  This attack's damage isn't affected by Weakness or Resistance.",,G,None,1,0.5,0.66,1.55,0.67,0.6,Normal,,
89820,Team Magma's Aron - 59/95,Team Magmas Aron 59 95,https://tcgplayer-cdn.tcgplayer.com/product/89820_200w.jpg,3,1377,https://cpt.tcgcsv.com/qXK,2024-04-01T21:20:59.697,1,59/95,Common,Fighting,50,Basic,"[F] Dig Under
<br>Choose 1 of your opponent's Pokemon.  This attack does 10 damage to that Pokemon.  This attack's damage isn't affected by Weakness or Resistance.",,G,None,1,2.5,5.11,8.0,5.11,,Reverse Holofoil,,
89821,Team Magma's Baltoy - 32/95,Team Magmas Baltoy 32 95,https://tcgplayer-cdn.tcgplayer.com/product/89821_200w.jpg,3,1377,https://cpt.tcgcsv.com/rXK,2024-04-01T21:21:07.127,1,32/95,Uncommon,Psychic,50,Basic,"[1] Psymist 
<br>Flip 2 coins.  For each heads, choose 1 of your opponent's Pokemon and put 1 damage counter on that Pokemon.","[1P] Pain Amplifier 
<br>Put 1 damage counter on each of your opponent's Pokemon that already has damage counters on it.",P,None,1,0.89,1.17,2.65,1.61,,Normal,,
89821,Team Magma's Baltoy - 32/95,Team Magmas Baltoy 32 95,https://tcgplayer-cdn.tcgplayer.com/product/89821_200w.jpg,3,1377,https://cpt.tcgcsv.com/rXK,2024-04-01T21:21:07.127,1,32/95,Uncommon,Psychic,50,Basic,"[1] Psymist 
<br>Flip 2 coins.  For each heads, choose 1 of your opponent's Pokemon and put 1 damage counter on that Pokemon.","[1P] Pain Amplifier 
<br>Put 1 damage counter on each of your opponent's Pokemon that already has damage counters on it.",P,None,1,1.29,2.5,9.99,1.35,,Reverse Holofoil,,
89822,Team Magma's Baltoy - 60/95,Team Magmas Baltoy 60 95,https://tcgplayer-cdn.tcgplayer.com/product/89822_200w.jpg,3,1377,https://cpt.tcgcsv.com/sXK,2024-04-01T21:20:59.87,1,60/95,Common,Fighting,50,Basic,[1] Peck (10),"[1F] Double Spin (20x) 
<br>Flip 2 coins.  This attack does 20 damage times the number of heads.",G,None,1,0.14,0.37,4.72,0.38,,Normal,,
89822,Team Magma's Baltoy - 60/95,Team Magmas Baltoy 60 95,https://tcgplayer-cdn.tcgplayer.com/product/89822_200w.jpg,3,1377,https://cpt.tcgcsv.com/sXK,2024-04-01T21:20:59.87,1,60/95,Common,Fighting,50,Basic,[1] Peck (10),"[1F] Double Spin (20x) 
<br>Flip 2 coins.  This attack does 20 damage times the number of heads.",G,None,1,5.55,8.15,9.99,9.0,8.11,Reverse Holofoil,,
89823,Team Magma's Baltoy - 61/95,Team Magmas Baltoy 61 95,https://tcgplayer-cdn.tcgplayer.com/product/89823_200w.jpg,3,1377,https://cpt.tcgcsv.com/tXK,2024-04-10T20:58:53.18,1,61/95,Common,Fighting,50,Basic,"[F] Night Attack
<br>Put 1 damage counter on 1 of your opponent's Pokemon.",[2] Spinning Attack (20),G,None,1,0.32,0.49,1.77,0.63,0.49,Normal,,
89823,Team Magma's Baltoy - 61/95,Team Magmas Baltoy 61 95,https://tcgplayer-cdn.tcgplayer.com/product/89823_200w.jpg,3,1377,https://cpt.tcgcsv.com/tXK,2024-04-10T20:58:53.18,1,61/95,Common,Fighting,50,Basic,"[F] Night Attack
<br>Put 1 damage counter on 1 of your opponent's Pokemon.",[2] Spinning Attack (20),G,None,1,3.73,7.19,10.0,3.78,3.73,Reverse Holofoil,,
89824,Team Magma's Camerupt,Team Magmas Camerupt,https://tcgplayer-cdn.tcgplayer.com/product/89824_200w.jpg,3,1377,https://cpt.tcgcsv.com/vXK,2024-04-01T21:21:04.233,1,19/95,Rare,Fire,80,Stage 1,"[2R] Flame Ball (50) 
<br>You may move a R Energy card attached to Team Magma's Camerupt to 1 of your Benched Pokemon.",,W,None,2,1.99,2.55,3.99,2.52,,Normal,"<strong>Poké-POWER</strong> — Overheat <br>
Once during your turn <em>(before your attack)</em>, you may search your discard pile for a basic Energy card and attach it to Team Magma's Camerupt.  Put 2 damage counters on Team Magma's Camerupt.  This power can't be used if Team Magma's Camerupt is affected by a Special Condition.",
89824,Team Magma's Camerupt,Team Magmas Camerupt,https://tcgplayer-cdn.tcgplayer.com/product/89824_200w.jpg,3,1377,https://cpt.tcgcsv.com/vXK,2024-04-01T21:21:04.233,1,19/95,Rare,Fire,80,Stage 1,"[2R] Flame Ball (50) 
<br>You may move a R Energy card attached to Team Magma's Camerupt to 1 of your Benched Pokemon.",,W,None,2,9.58,9.8,9.89,7.78,,Reverse Holofoil,"<strong>Poké-POWER</strong> — Overheat <br>
Once during your turn <em>(before your attack)</em>, you may search your discard pile for a basic Energy card and attach it to Team Magma's Camerupt.  Put 2 damage counters on Team Magma's Camerupt.  This power can't be used if Team Magma's Camerupt is affected by a Special Condition.",
89825,Team Magma's Claydol - 8/95,Team Magmas Claydol 8 95,https://tcgplayer-cdn.tcgplayer.com/product/89825_200w.jpg,3,1377,https://cpt.tcgcsv.com/wXK,2025-03-30T05:28:13.32,1,8/95,Holo Rare,Psychic Darkness,80,Stage 1,"[2P] Dark Hand (40+) 
<br>If you have more cards in your hand than your opponent, this attack does 40 damage plus 20 more damage.",,P,None,2,11.39,18.4,19.99,12.6,,Holofoil,"<strong>Poké-POWER</strong> — Magma Switch  <br>
Once during your turn <em>(before your attack)</em>, you may move an Energy card attached to your Pokemon with Team Magma in its name to another of your Pokemon.  This power can't be used if Team Magma's Claydol is affected by a Special Condition.",
89825,Team Magma's Claydol - 8/95,Team Magmas Claydol 8 95,https://tcgplayer-cdn.tcgplayer.com/product/89825_200w.jpg,3,1377,https://cpt.tcgcsv.com/wXK,2025-03-30T05:28:13.32,1,8/95,Holo Rare,Psychic Darkness,80,Stage 1,"[2P] Dark Hand (40+) 
<br>If you have more cards in your hand than your opponent, this attack does 40 damage plus 20 more damage.",,P,None,2,2.99,9.95,15.99,8.3,,Reverse Holofoil,"<strong>Poké-POWER</strong> — Magma Switch  <br>
Once during your turn <em>(before your attack)</em>, you may move an Energy card attached to your Pokemon with Team Magma in its name to another of your Pokemon.  This power can't be used if Team Magma's Claydol is affected by a Special Condition.",
89826,Team Magma's Claydol - 33/95,Team Magmas Claydol 33 95,https://tcgplayer-cdn.tcgplayer.com/product/89826_200w.jpg,3,1377,https://cpt.tcgcsv.com/xXK,2024-04-01T21:21:00.2,1,33/95,Uncommon,Fighting,80,Stage 1,"[2] Clay Curse 
<br>Put 2 damage counters on your opponent's Pokemon in any way you like.","[1FF] Clay Pulse (50) 
<br>Does 10 damage to each of your opponent's Benched Pokemon that has any damage counters on it.  <i>(Don't apply Weakness and Resistance for Benched Pokemon.)</i>",G,None,1,0.35,0.6,9.07,0.47,,Normal,,
89826,Team Magma's Claydol - 33/95,Team Magmas Claydol 33 95,https://tcgplayer-cdn.tcgplayer.com/product/89826_200w.jpg,3,1377,https://cpt.tcgcsv.com/xXK,2024-04-01T21:21:00.2,1,33/95,Uncommon,Fighting,80,Stage 1,"[2] Clay Curse 
<br>Put 2 damage counters on your opponent's Pokemon in any way you like.","[1FF] Clay Pulse (50) 
<br>Does 10 damage to each of your opponent's Benched Pokemon that has any damage counters on it.  <i>(Don't apply Weakness and Resistance for Benched Pokemon.)</i>",G,None,1,1.13,5.04,9.99,5.35,,Reverse Holofoil,,
89827,Team Magma's Groudon,Team Magmas Groudon,https://tcgplayer-cdn.tcgplayer.com/product/89827_200w.jpg,3,1377,https://cpt.tcgcsv.com/zXK,2024-04-01T21:20:57.947,1,9/95,Holo Rare,Fighting Darkness,100,Basic,"[1F] Linear Attack
<br>Choose 1 of your opponent's Pokemon.  This attack does 20 damage to that Pokemon. <i> (Don't apply Weakness and Resistance for Benched Pokemon.)</i>","[1FF] Pulverize (50+) 
<br>If the Defending Pokemon already has at least 2 damage counters on it, this attack does 50 damage plus 20 more damage.",G,None,3,75.0,80.44,96.48,97.45,53.58,Holofoil,"<strong>Poké-BODY</strong> — Power Saver <br>
As long as the number of Pokemon in play <em>(both yours and your opponent's)</em> that has Team Magma in its name is 3 or less, Team Magma's Groudon can't attack.",
89827,Team Magma's Groudon,Team Magmas Groudon,https://tcgplayer-cdn.tcgplayer.com/product/89827_200w.jpg,3,1377,https://cpt.tcgcsv.com/zXK,2024-04-01T21:20:57.947,1,9/95,Holo Rare,Fighting Darkness,100,Basic,"[1F] Linear Attack
<br>Choose 1 of your opponent's Pokemon.  This attack does 20 damage to that Pokemon. <i> (Don't apply Weakness and Resistance for Benched Pokemon.)</i>","[1FF] Pulverize (50+) 
<br>If the Defending Pokemon already has at least 2 damage counters on it, this attack does 50 damage plus 20 more damage.",G,None,3,44.0,85.84,127.67,124.69,,Reverse Holofoil,"<strong>Poké-BODY</strong> — Power Saver <br>
As long as the number of Pokemon in play <em>(both yours and your opponent's)</em> that has Team Magma in its name is 3 or less, Team Magma's Groudon can't attack.",
89828,Team Magma's Houndoom - 10/95,Team Magmas Houndoom 10 95,https://tcgplayer-cdn.tcgplayer.com/product/89828_200w.jpg,3,1377,https://cpt.tcgcsv.com/BXK,2025-02-19T12:44:45.54,1,10/95,Holo Rare,Fire Darkness,70,Stage 1,"[1R] Roasting Heat (30+) 
<br>If the Defending Pokemon is Burned, this attack does 30 damage plus 20 more damage.","[2R] Magma Spurt (30x) 
<br>Discard the top 5 cards from your deck.  This attack does 30 damage times the number of Fighting and Fire basic Energy cards discarded this way.",W,None,1,74.69,137.34,199.99,100.0,112.34,Holofoil,,
89828,Team Magma's Houndoom - 10/95,Team Magmas Houndoom 10 95,https://tcgplayer-cdn.tcgplayer.com/product/89828_200w.jpg,3,1377,https://cpt.tcgcsv.com/BXK,2025-02-19T12:44:45.54,1,10/95,Holo Rare,Fire Darkness,70,Stage 1,"[1R] Roasting Heat (30+) 
<br>If the Defending Pokemon is Burned, this attack does 30 damage plus 20 more damage.","[2R] Magma Spurt (30x) 
<br>Discard the top 5 cards from your deck.  This attack does 30 damage times the number of Fighting and Fire basic Energy cards discarded this way.",W,None,1,54.99,55.0,57.99,53.2,,Reverse Holofoil,,
89829,Team Magma's Houndoom - 34/95,Team Magmas Houndoom 34 95,https://tcgplayer-cdn.tcgplayer.com/product/89829_200w.jpg,3,1377,https://cpt.tcgcsv.com/CXK,2024-04-01T21:21:04.337,1,34/95,Uncommon,Fire,70,Stage 1,"[1R] Target Scorch (30) 
<br>If the Defending Pokemon has Team Aqua in its name, the Defending Pokemon is now Burned.","[2R] Damage Burn (40+) 
<br>If the Defending Pokemon already has any damage counters on it, this attack does 40 damage plus 20 more damage.",W,None,1,1.0,2.09,4.42,1.87,,Normal,,
89829,Team Magma's Houndoom - 34/95,Team Magmas Houndoom 34 95,https://tcgplayer-cdn.tcgplayer.com/product/89829_200w.jpg,3,1377,https://cpt.tcgcsv.com/CXK,2024-04-01T21:21:04.337,1,34/95,Uncommon,Fire,70,Stage 1,"[1R] Target Scorch (30) 
<br>If the Defending Pokemon has Team Aqua in its name, the Defending Pokemon is now Burned.","[2R] Damage Burn (40+) 
<br>If the Defending Pokemon already has any damage counters on it, this attack does 40 damage plus 20 more damage.",W,None,1,18.5,20.0,24.99,15.48,,Reverse Holofoil,,
89830,Team Magma's Houndour - 35/95,Team Magmas Houndour 35 95,https://tcgplayer-cdn.tcgplayer.com/product/89830_200w.jpg,3,1377,https://cpt.tcgcsv.com/DXK,2024-04-01T21:21:04.45,1,35/95,Uncommon,Fire,50,Basic,"[R] Singe 
<br>Flip a coin.  If heads, the Defending Pokemon is now Burned.","[1D] Dark Shock (20) 
<br>Flip a coin.  If heads, the Defending Pokemon is now Paralyzed.",W,None,1,2.32,3.67,4.31,4.34,,Normal,,
89830,Team Magma's Houndour - 35/95,Team Magmas Houndour 35 95,https://tcgplayer-cdn.tcgplayer.com/product/89830_200w.jpg,3,1377,https://cpt.tcgcsv.com/DXK,2024-04-01T21:21:04.45,1,35/95,Uncommon,Fire,50,Basic,"[R] Singe 
<br>Flip a coin.  If heads, the Defending Pokemon is now Burned.","[1D] Dark Shock (20) 
<br>Flip a coin.  If heads, the Defending Pokemon is now Paralyzed.",W,None,1,10.81,21.83,34.99,11.6,,Reverse Holofoil,,
89831,Team Magma's Houndour - 62/95,Team Magmas Houndour 62 95,https://tcgplayer-cdn.tcgplayer.com/product/89831_200w.jpg,3,1377,https://cpt.tcgcsv.com/FXK,2024-04-01T21:21:04.573,1,62/95,Common,Fire,50,Basic,[R] Combustion (10),"[1R] Super Singe (10) 
<br>The Defending Pokemon is now Burned.",W,None,1,0.25,0.76,1.84,0.76,0.43,Normal,,
89831,Team Magma's Houndour - 62/95,Team Magmas Houndour 62 95,https://tcgplayer-cdn.tcgplayer.com/product/89831_200w.jpg,3,1377,https://cpt.tcgcsv.com/FXK,2024-04-01T21:21:04.573,1,62/95,Common,Fire,50,Basic,[R] Combustion (10),"[1R] Super Singe (10) 
<br>The Defending Pokemon is now Burned.",W,None,1,13.5,13.8,34.19,16.98,,Reverse Holofoil,,
89832,Team Magma's Houndour - 63/95,Team Magmas Houndour 63 95,https://tcgplayer-cdn.tcgplayer.com/product/89832_200w.jpg,3,1377,https://cpt.tcgcsv.com/GXK,2024-04-01T21:21:04.673,1,63/95,Common,Fire,50,Basic,"[1] Kick Away (10) 
<br>Your opponent switches the Defending Pokemon with 1 of his or her Benched Pokemon, if any.",[1R] Steady Firebreathing (20),W,None,1,0.5,1.42,2.0,1.83,,Normal,,
89832,Team Magma's Houndour - 63/95,Team Magmas Houndour 63 95,https://tcgplayer-cdn.tcgplayer.com/product/89832_200w.jpg,3,1377,https://cpt.tcgcsv.com/GXK,2024-04-01T21:21:04.673,1,63/95,Common,Fire,50,Basic,"[1] Kick Away (10) 
<br>Your opponent switches the Defending Pokemon with 1 of his or her Benched Pokemon, if any.",[1R] Steady Firebreathing (20),W,None,1,6.01,33.0,59.99,9.3,,Reverse Holofoil,,
89833,Team Magma's Lairon - 20/95,Team Magmas Lairon 20 95,https://tcgplayer-cdn.tcgplayer.com/product/89833_200w.jpg,3,1377,https://cpt.tcgcsv.com/HXK,2024-04-01T21:21:00.407,1,20/95,Rare,Fighting,80,Stage 1,"[1] Body Slam (10) 
<br>Flip a coin.  If heads, the Defending Pokemon is now Paralyzed.",[1FF] Tackle (50),G,None,2,1.71,2.57,3.79,2.3,,Normal,,
89833,Team Magma's Lairon - 20/95,Team Magmas Lairon 20 95,https://tcgplayer-cdn.tcgplayer.com/product/89833_200w.jpg,3,1377,https://cpt.tcgcsv.com/HXK,2024-04-01T21:21:00.407,1,20/95,Rare,Fighting,80,Stage 1,"[1] Body Slam (10) 
<br>Flip a coin.  If heads, the Defending Pokemon is now Paralyzed.",[1FF] Tackle (50),G,None,2,7.54,8.27,9.0,8.35,,Reverse Holofoil,,
89834,Team Magma's Lairon - 36/95,Team Magmas Lairon 36 95,https://tcgplayer-cdn.tcgplayer.com/product/89834_200w.jpg,3,1377,https://cpt.tcgcsv.com/JXK,2024-04-01T21:21:00.477,1,36/95,Uncommon,Fighting,70,Stage 1,[1] Gnaw (20),"[1FF] Land Sonic (40) 
<br>If the Defending Pokemon already has any damage counters on it, the Defending Pokemon is now Confused.",G,None,1,0.3,0.75,1.99,0.81,,Normal,,
89834,Team Magma's Lairon - 36/95,Team Magmas Lairon 36 95,https://tcgplayer-cdn.tcgplayer.com/product/89834_200w.jpg,3,1377,https://cpt.tcgcsv.com/JXK,2024-04-01T21:21:00.477,1,36/95,Uncommon,Fighting,70,Stage 1,[1] Gnaw (20),"[1FF] Land Sonic (40) 
<br>If the Defending Pokemon already has any damage counters on it, the Defending Pokemon is now Confused.",G,None,1,1.55,3.72,24.99,3.08,,Reverse Holofoil,,
89835,Team Magma's Mightyena - 21/95,Team Magmas Mightyena 21 95,https://tcgplayer-cdn.tcgplayer.com/product/89835_200w.jpg,3,1377,https://cpt.tcgcsv.com/KXK,2022-11-17T19:04:30.69,1,21/95,Rare,Darkness,70,Stage 1,"[F] Overrun (10) 
<br>Choose 1 of your opponent's Benched Pokemon.  This attack does 10 damage to that Pokemon.  <i>(Don't apply Weakness and Resistance for Benched Pokemon.)</i>","[2D] Bite Off (40+) 
<br>If the Defending Pokemon is Pokemon-ex, this attack does 40 damage plus 40 more damage.",F,P,1,1.8,3.0,4.0,2.88,,Normal,,
89835,Team Magma's Mightyena - 21/95,Team Magmas Mightyena 21 95,https://tcgplayer-cdn.tcgplayer.com/product/89835_200w.jpg,3,1377,https://cpt.tcgcsv.com/KXK,2022-11-17T19:04:30.69,1,21/95,Rare,Darkness,70,Stage 1,"[F] Overrun (10) 
<br>Choose 1 of your opponent's Benched Pokemon.  This attack does 10 damage to that Pokemon.  <i>(Don't apply Weakness and Resistance for Benched Pokemon.)</i>","[2D] Bite Off (40+) 
<br>If the Defending Pokemon is Pokemon-ex, this attack does 40 damage plus 40 more damage.",F,P,1,6.0,10.49,19.99,10.3,,Reverse Holofoil,,
89836,Team Magma's Mightyena - 37/95,Team Magmas Mightyena 37 95,https://tcgplayer-cdn.tcgplayer.com/product/89836_200w.jpg,3,1377,https://cpt.tcgcsv.com/LXK,2022-11-17T20:03:04.14,1,37/95,Uncommon,Darkness,80,Stage 1,"[1F] Lunge (50) 
<br>Flip a coin.  If tails, this attack does nothing.",,F,P,1,1.25,1.71,2.98,1.63,,Normal,"<b>Poke-POWER</b> Call for Help
<br>Once during your turn <em>(before your attack)</em>, if Team Magma's Mightyena is your Active Pokemon, you may search your deck for a Pokemon with Team Magma in its name, show it to your opponent, and put it into your hand.  Shuffle your deck afterward.  This power can't be used if Team Magma's Mightyena is affected by a Special Condition.",
89836,Team Magma's Mightyena - 37/95,Team Magmas Mightyena 37 95,https://tcgplayer-cdn.tcgplayer.com/product/89836_200w.jpg,3,1377,https://cpt.tcgcsv.com/LXK,2022-11-17T20:03:04.14,1,37/95,Uncommon,Darkness,80,Stage 1,"[1F] Lunge (50) 
<br>Flip a coin.  If tails, this attack does nothing.",,F,P,1,4.5,6.57,12.0,8.0,,Reverse Holofoil,"<b>Poke-POWER</b> Call for Help
<br>Once during your turn <em>(before your attack)</em>, if Team Magma's Mightyena is your Active Pokemon, you may search your deck for a Pokemon with Team Magma in its name, show it to your opponent, and put it into your hand.  Shuffle your deck afterward.  This power can't be used if Team Magma's Mightyena is affected by a Special Condition.",
89837,Team Magma's Numel,Team Magmas Numel,https://tcgplayer-cdn.tcgplayer.com/product/89837_200w.jpg,3,1377,https://cpt.tcgcsv.com/MXK,2024-04-01T21:21:04.87,1,64/95,Common,Fire,50,Basic,"[1] Collect 
<br>Draw a card.",[1R] Combustion (20),W,None,1,0.55,0.79,1.48,0.8,,Normal,,
89837,Team Magma's Numel,Team Magmas Numel,https://tcgplayer-cdn.tcgplayer.com/product/89837_200w.jpg,3,1377,https://cpt.tcgcsv.com/MXK,2024-04-01T21:21:04.87,1,64/95,Common,Fire,50,Basic,"[1] Collect 
<br>Draw a card.",[1R] Combustion (20),W,None,1,3.0,13.63,15.78,2.26,,Reverse Holofoil,,
89838,Team Magma's Poochyena - 65/95,Team Magmas Poochyena 65 95,https://tcgplayer-cdn.tcgplayer.com/product/89838_200w.jpg,3,1377,https://cpt.tcgcsv.com/NXK,2022-11-17T20:51:57.953,1,65/95,Common,Darkness,40,Basic,"[1] Snarl
<br>Flip a coin.  If heads, this attack does 10 damage to the Defending Pokemon.  If tails, the Defending Pokemon is now Paralyzed.",,F,P,1,0.47,1.0,2.7,0.98,,Normal,,
89838,Team Magma's Poochyena - 65/95,Team Magmas Poochyena 65 95,https://tcgplayer-cdn.tcgplayer.com/product/89838_200w.jpg,3,1377,https://cpt.tcgcsv.com/NXK,2022-11-17T20:51:57.953,1,65/95,Common,Darkness,40,Basic,"[1] Snarl
<br>Flip a coin.  If heads, this attack does 10 damage to the Defending Pokemon.  If tails, the Defending Pokemon is now Paralyzed.",,F,P,1,6.17,10.9,13.98,10.67,,Reverse Holofoil,,
89839,Team Magma's Poochyena - 66/95,Team Magmas Poochyena 66 95,https://tcgplayer-cdn.tcgplayer.com/product/89839_200w.jpg,3,1377,https://cpt.tcgcsv.com/PXK,2022-11-17T20:52:12.333,1,66/95,Common,Darkness,50,Basic,"[1] Darkness Call 
<br>Your opponent switches the Defending Pokemon with 1 of his or her Benched Pokemon, if any.",[1F] Sharp Fang (20),F,P,1,0.67,1.07,2.31,1.06,1.09,Normal,,
89839,Team Magma's Poochyena - 66/95,Team Magmas Poochyena 66 95,https://tcgplayer-cdn.tcgplayer.com/product/89839_200w.jpg,3,1377,https://cpt.tcgcsv.com/PXK,2022-11-17T20:52:12.333,1,66/95,Common,Darkness,50,Basic,"[1] Darkness Call 
<br>Your opponent switches the Defending Pokemon with 1 of his or her Benched Pokemon, if any.",[1F] Sharp Fang (20),F,P,1,3.57,4.2,5.99,4.66,,Reverse Holofoil,,
89840,Team Magma's Rhydon - 11/95,Team Magmas Rhydon 11 95,https://tcgplayer-cdn.tcgplayer.com/product/89840_200w.jpg,3,1377,https://cpt.tcgcsv.com/QXK,2024-04-01T21:20:58.017,1,11/95,Holo Rare,Fighting Darkness,90,Stage 1,"[1D] Magma Jab (20) 
<br>This attack's damage is not affected by Resistance.","[1FF] Shoot Down (50) 
<br>If the Defending Pokemon has Team Aqua in its name, the Defending Pokemon is now Confused.",G,None,2,15.0,43.5,68.96,16.85,39.99,Holofoil,,
89840,Team Magma's Rhydon - 11/95,Team Magmas Rhydon 11 95,https://tcgplayer-cdn.tcgplayer.com/product/89840_200w.jpg,3,1377,https://cpt.tcgcsv.com/QXK,2024-04-01T21:20:58.017,1,11/95,Holo Rare,Fighting Darkness,90,Stage 1,"[1D] Magma Jab (20) 
<br>This attack's damage is not affected by Resistance.","[1FF] Shoot Down (50) 
<br>If the Defending Pokemon has Team Aqua in its name, the Defending Pokemon is now Confused.",G,None,2,19.22,20.75,29.99,25.32,25.1,Reverse Holofoil,,
89841,Team Magma's Rhydon - 22/95,Team Magmas Rhydon 22 95,https://tcgplayer-cdn.tcgplayer.com/product/89841_200w.jpg,3,1377,https://cpt.tcgcsv.com/RXK,2024-04-01T21:21:00.567,1,22/95,Rare,Fighting,80,Stage 1,"[2] Second Strike (20+) 
<br>If the Defending Pokemon already has at least 2 damage counters on it, this attack does 20 damage plus 20 more damage.","[1FF] Land Crush (60) 
<br>Flip a coin.  If tails, discard an Energy card attached to Team Magma's Rhydon.",G,None,2,1.77,1.95,3.35,2.31,,Normal,,
89841,Team Magma's Rhydon - 22/95,Team Magmas Rhydon 22 95,https://tcgplayer-cdn.tcgplayer.com/product/89841_200w.jpg,3,1377,https://cpt.tcgcsv.com/RXK,2024-04-01T21:21:00.567,1,22/95,Rare,Fighting,80,Stage 1,"[2] Second Strike (20+) 
<br>If the Defending Pokemon already has at least 2 damage counters on it, this attack does 20 damage plus 20 more damage.","[1FF] Land Crush (60) 
<br>Flip a coin.  If tails, discard an Energy card attached to Team Magma's Rhydon.",G,None,2,3.0,9.75,14.2,8.9,,Reverse Holofoil,,
89842,Team Magma's Rhyhorn - 38/95,Team Magmas Rhyhorn 38 95,https://tcgplayer-cdn.tcgplayer.com/product/89842_200w.jpg,3,1377,https://cpt.tcgcsv.com/SXK,2024-04-01T21:21:00.627,1,38/95,Uncommon,Fighting,50,Basic,"[1] Double Damage
<br>Does 10 damage to each Defending Pokemon.","[2F] Horn Rush (60) 
<br>Flip a coin.  If tails, this attack does nothing.",G,None,1,1.5,2.0,4.98,1.61,,Normal,,
89842,Team Magma's Rhyhorn - 38/95,Team Magmas Rhyhorn 38 95,https://tcgplayer-cdn.tcgplayer.com/product/89842_200w.jpg,3,1377,https://cpt.tcgcsv.com/SXK,2024-04-01T21:21:00.627,1,38/95,Uncommon,Fighting,50,Basic,"[1] Double Damage
<br>Does 10 damage to each Defending Pokemon.","[2F] Horn Rush (60) 
<br>Flip a coin.  If tails, this attack does nothing.",G,None,1,6.95,9.99,19.99,9.41,,Reverse Holofoil,,
89843,Team Magma's Rhyhorn - 67/95,Team Magmas Rhyhorn 67 95,https://tcgplayer-cdn.tcgplayer.com/product/89843_200w.jpg,3,1377,https://cpt.tcgcsv.com/TXK,2024-04-01T21:21:00.707,1,67/95,Common,Fighting,50,Basic,"[F] Double Stab (10x) 
<br>Flip 2 coins.  This attack does 10 damage times the number of heads.","[2] Second Strike (10+) 
<br>If the Defending Pokemon already has at least 2 damage counters on it, this attack does 10 damage plus 20 more damage.",G,None,1,0.4,0.7,501.5,0.66,1.09,Normal,,
89843,Team Magma's Rhyhorn - 67/95,Team Magmas Rhyhorn 67 95,https://tcgplayer-cdn.tcgplayer.com/product/89843_200w.jpg,3,1377,https://cpt.tcgcsv.com/TXK,2024-04-01T21:21:00.707,1,67/95,Common,Fighting,50,Basic,"[F] Double Stab (10x) 
<br>Flip 2 coins.  This attack does 10 damage times the number of heads.","[2] Second Strike (10+) 
<br>If the Defending Pokemon already has at least 2 damage counters on it, this attack does 10 damage plus 20 more damage.",G,None,1,5.43,9.99,14.55,4.54,,Reverse Holofoil,,
89844,Team Magma's Rhyhorn - 68/95,Team Magmas Rhyhorn 68 95,https://tcgplayer-cdn.tcgplayer.com/product/89844_200w.jpg,3,1377,https://cpt.tcgcsv.com/VXK,2024-04-01T21:21:00.8,1,68/95,Common,Fighting,60,Basic,[1] Ram (10),"[1F] Knock Over (10)
<br>You may discard any Stadium in play.",G,None,2,0.25,0.5,3.25,0.54,,Normal,,
89844,Team Magma's Rhyhorn - 68/95,Team Magmas Rhyhorn 68 95,https://tcgplayer-cdn.tcgplayer.com/product/89844_200w.jpg,3,1377,https://cpt.tcgcsv.com/VXK,2024-04-01T21:21:00.8,1,68/95,Common,Fighting,60,Basic,[1] Ram (10),"[1F] Knock Over (10)
<br>You may discard any Stadium in play.",G,None,2,5.0,6.44,9.97,5.78,,Reverse Holofoil,,
89845,Team Magma's Torkoal,Team Magmas Torkoal,https://tcgplayer-cdn.tcgplayer.com/product/89845_200w.jpg,3,1377,https://cpt.tcgcsv.com/WXK,2024-04-01T21:20:58.447,1,12/95,Holo Rare,Fire Darkness,80,Basic,"[R] Magma Burn (10) 
<br>Discard the top card from your opponent's deck, and flip a coin.  If tails, discard a Fire Energy attached to Team Magma's Torkoal.","[1R] Hot Air (30) 
<br>Discard a Fire Energy attached to Team Magma's Torkoal, and your opponent switches the Defending Pokemon with 1 of his or her Benched Pokemon, if any.",W,None,2,14.36,15.8,21.11,17.76,,Holofoil,,
89845,Team Magma's Torkoal,Team Magmas Torkoal,https://tcgplayer-cdn.tcgplayer.com/product/89845_200w.jpg,3,1377,https://cpt.tcgcsv.com/WXK,2024-04-01T21:20:58.447,1,12/95,Holo Rare,Fire Darkness,80,Basic,"[R] Magma Burn (10) 
<br>Discard the top card from your opponent's deck, and flip a coin.  If tails, discard a Fire Energy attached to Team Magma's Torkoal.","[1R] Hot Air (30) 
<br>Discard a Fire Energy attached to Team Magma's Torkoal, and your opponent switches the Defending Pokemon with 1 of his or her Benched Pokemon, if any.",W,None,2,4.99,5.1,5.2,9.67,,Reverse Holofoil,,
89846,Team Magma's Zangoose,Team Magmas Zangoose,https://tcgplayer-cdn.tcgplayer.com/product/89846_200w.jpg,3,1377,https://cpt.tcgcsv.com/XXK,2022-11-17T19:05:02.767,1,23/95,Rare,Colorless,70,Basic,"[1] Call for Family
<br>Search your deck for a Colorless Basic Pokemon or Basic Pokemon with Team Magma in its name and put it onto your Bench.  Shuffle your deck afterward.","[3] Team Play (10x) 
<br>Does 10 damage times the number of Pokemon in play with Team Magma in its name.",F,None,1,3.25,4.75,8.65,5.37,,Normal,,
89846,Team Magma's Zangoose,Team Magmas Zangoose,https://tcgplayer-cdn.tcgplayer.com/product/89846_200w.jpg,3,1377,https://cpt.tcgcsv.com/XXK,2022-11-17T19:05:02.767,1,23/95,Rare,Colorless,70,Basic,"[1] Call for Family
<br>Search your deck for a Colorless Basic Pokemon or Basic Pokemon with Team Magma in its name and put it onto your Bench.  Shuffle your deck afterward.","[3] Team Play (10x) 
<br>Does 10 damage times the number of Pokemon in play with Team Magma in its name.",F,None,1,14.5,18.0,694.18,15.21,,Reverse Holofoil,,
90478,Warp Point,Warp Point,https://tcgplayer-cdn.tcgplayer.com/product/90478_200w.jpg,3,1377,https://cpt.tcgcsv.com/BcL,2024-04-01T21:21:05.56,1,85/95,Uncommon,Trainer - Item,,,,,,,,0.6,1.33,2.83,1.38,,Normal,"Your opponent switches 1 of his or her Defending Pokemon with 1 of his or her Benched Pokemon, if any.  You switch 1 of your Active Pokemon with 1 of your Benched Pokemon, if any.",
90478,Warp Point,Warp Point,https://tcgplayer-cdn.tcgplayer.com/product/90478_200w.jpg,3,1377,https://cpt.tcgcsv.com/BcL,2024-04-01T21:21:05.56,1,85/95,Uncommon,Trainer - Item,,,,,,,,1.99,2.7,2.86,2.69,,Reverse Holofoil,"Your opponent switches 1 of his or her Defending Pokemon with 1 of his or her Benched Pokemon, if any.  You switch 1 of your Active Pokemon with 1 of your Benched Pokemon, if any.",
98550,Team Magma vs Team Aqua Booster Pack,Team Magma vs Team Aqua Booster Pack,https://tcgplayer-cdn.tcgplayer.com/product/98550_200w.jpg,3,1377,https://cpt.tcgcsv.com/0rP,2017-07-22T16:55:54.743,1,,,,,,,,,,,,,,,,,,
98551,Team Magma vs Team Aqua Booster Box,Team Magma vs Team Aqua Booster Box,https://tcgplayer-cdn.tcgplayer.com/product/98551_200w.jpg,3,1377,https://cpt.tcgcsv.com/2rP,2015-05-06T14:02:21.787,1,,,,,,,,,,,,,,,,,,
488301,"Team Magma Theme Deck - ""EX Team Magma"" [Groudon]",Team Magma Theme Deck EX Team Magma Groudon,https://tcgplayer-cdn.tcgplayer.com/product/488301_200w.jpg,3,1377,https://cpt.tcgcsv.com/2lW5,2023-03-15T13:08:39.403,1,,,,,,,,,,,,,,,,,"Get all the fire-power you need with the EX Team Magma Theme Deck. Your game will really start to sizzle when you release the blistering Groudon. For your opponents, this is one deck that's too hot to handle.
<br><br><strong>Contents:</strong>
<br>• 1 60-card preconstructed deck
<br>• Damage counters
<br>• 1 coin",
488309,"EX Ruby & Sapphire Theme Deck - ""Ruby"" [Blaziken]",EX Ruby and Sapphire Theme Deck Ruby Blaziken,https://tcgplayer-cdn.tcgplayer.com/product/488309_200w.jpg,3,1377,https://cpt.tcgcsv.com/clW5,2023-03-15T13:54:12.867,1,,,,,,,,,,,498.99,498.99,498.99,,,Normal,"You'll burn through the competition with the Fire and Fighting Pokémon in this ""Ruby"" theme deck. Unleash special attacks like Fire Spin and Flamethrower to light your way to the Championship!
<br><br><strong>Contents:</strong>
<br>• 1 60-card preconstructed deck
<br>• Damage counters
<br>• 1 coin",
488310,"EX Ruby & Sapphire Theme Deck - ""Sapphire"" [Swampert]",EX Ruby and Sapphire Theme Deck Sapphire Swampert,https://tcgplayer-cdn.tcgplayer.com/product/488310_200w.jpg,3,1377,https://cpt.tcgcsv.com/dlW5,2023-03-15T13:54:52.347,1,,,,,,,,,,,,,,,,,"The Water and Grass Pokémon in this ""Sapphire"" theme deck gives you the power to soak the competition! Unleash cool attacks like Water Arrow on your opponents before knocking them out of the tournament with Pound or Fury Swipes!
<br><br><strong>Contents:</strong>
<br>• 1 60-card preconstructed deck
<br>• Damage counters
<br>• 1 coin",
