productId,name,cleanName,imageUrl,categoryId,groupId,url,modifiedOn,imageCount,extDescription,extUPC,lowPrice,midPrice,highPrice,marketPrice,directLowPrice,subTypeName,extNumber,extRarity,extAttribute,extMonsterType,extCardType,extAttack,extDefense,extLinkRating,extLinkArrows
214983,Battles of Legend: Armageddon Booster Pack [1st Edition],Battles of Legend Armageddon Booster Pack 1st Edition,https://tcgplayer-cdn.tcgplayer.com/product/214983_200w.jpg,2,2660,https://cpt.tcgcsv.com/H_K2,2020-07-08T13:40:54.047,1,Each 5-card pack contains 4 Ultra Rares and 1 Secret Rare.,083717850410,23.96,24.48,25.0,,,Normal,,,,,,,,,
214993,Battles of Legend: Armageddon Booster Box [1st Edition],Battles of Legend Armageddon Booster Box 1st Edition,https://tcgplayer-cdn.tcgplayer.com/product/214993_200w.jpg,2,2660,https://cpt.tcgcsv.com/T_K2,2020-08-03T15:31:21.427,1,Each box contains 24 packs. Each 5-card pack contains 4 Ultra Rares and 1 Secret Rare.,083717850427,180.0,221.69,262.94,228.38,,Normal,,,,,,,,,
217943,Number 39: Utopia (Astral),Number 39 Utopia Astral,https://tcgplayer-cdn.tcgplayer.com/product/217943_200w.jpg,2,2660,https://cpt.tcgcsv.com/TbM2,2023-06-14T13:11:41.443,1,"2 Level 4 monsters
<br>When a monster declares an attack: You can detach 1 material from this card; negate the attack. If this card is targeted for an attack, while it has no material: Destroy this card.",,91.58,113.65,800.0,88.06,394.94,1st Edition,BLAR-EN000,Starlight Rare,LIGHT,Warior,Xyz/Effect Monster,2500,2000,,
217944,Dark Spell Regeneration,Dark Spell Regeneration,https://tcgplayer-cdn.tcgplayer.com/product/217944_200w.jpg,2,2660,https://cpt.tcgcsv.com/VbM2,2024-07-26T16:19:01.297,1,"When an opponent's monster declares an attack: Target 1 Spell in your opponent's GY; Set it to your field. You can banish this card from your GY and send 1 ""Monster Reborn"" from your hand or Set on your field to the GY; Special Summon 1 ""The Winged Dragon of Ra"" from your GY ignoring its Summoning conditions, then you can send 1 monster your opponent controls to the GY, also send that Special Summoned monster to the GY during the End Phase.",,0.1,0.55,10.0,0.56,0.5,1st Edition,BLAR-EN001,Secret Rare,TRAP,,Normal Trap,,,,
217945,Powered Crawler,Powered Crawler,https://tcgplayer-cdn.tcgplayer.com/product/217945_200w.jpg,2,2660,https://cpt.tcgcsv.com/WbM2,2024-07-26T16:19:01.343,1,"If this card is Normal or Special Summoned: You can destroy 1 monster your opponent controls with less ATK than this card. You can only use this effect of ""Powered Crawler"" once per turn. All monsters your opponent controls must attack, if able.",,0.05,0.29,5.0,0.2,0.2,1st Edition,BLAR-EN002,Secret Rare,EARTH,Machine,Effect Monster,2700,2000,,
217946,Intruder Alarm - Yellow Alert,Intruder Alarm Yellow Alert,https://tcgplayer-cdn.tcgplayer.com/product/217946_200w.jpg,2,2660,https://cpt.tcgcsv.com/XbM2,2024-07-26T16:19:01.39,1,"When an opponent's monster declares an attack: Special Summon 1 monster from your hand, but return it to the hand at the end of the Battle Phase. While you control that face-up Special Summoned monster, your opponent cannot target other monsters for attacks. You can only activate 1 ""Intruder Alarm - Yellow Alert"" per turn.",,0.02,0.25,2.04,0.13,0.05,1st Edition,BLAR-EN003,Ultra Rare,TRAP,,Normal Trap,,,,
217947,Penguin Torpedo,Penguin Torpedo,https://tcgplayer-cdn.tcgplayer.com/product/217947_200w.jpg,2,2660,https://cpt.tcgcsv.com/ZbM2,2024-07-26T16:19:01.453,1,"This card can attack directly. When this card inflicts battle damage to your opponent: You can target 1 Level 6 or lower monster your opponent controls; take control of it until the End Phase, but its effects are negated, also it cannot declare an attack, while you control it. You can only use this effect of ""Penguin Torpedo"" once per turn. At the end of the Damage Step, if this card attacked: Destroy this card.",,0.09,0.25,5.0,0.17,,1st Edition,BLAR-EN004,Ultra Rare,WATER,Aqua,Effect Monster,550,300,,
217948,Weathering Soldier,Weathering Soldier,https://tcgplayer-cdn.tcgplayer.com/product/217948_200w.jpg,2,2660,https://cpt.tcgcsv.com/-bM2,2022-11-07T10:49:23.12,1,"If this card is destroyed by battle or sent to the GY by a card effect: You can add 1 ""Fossil Fusion"", or 1 card that specifically lists ""Fossil Fusion"" in its text except ""Weathering Soldier"", from your Deck to your hand. You can only use this effect of ""Weathering Soldier"" once per turn. Once per turn, during your End Phase: This card loses 600 ATK.",,0.25,0.53,19.99,0.51,0.25,1st Edition,BLAR-EN005,Secret Rare,EARTH,Rock,Effect Monster,2000,1200,,
217949,Fossil Warrior Skull King,Fossil Warrior Skull King,https://tcgplayer-cdn.tcgplayer.com/product/217949_200w.jpg,2,2660,https://cpt.tcgcsv.com/_bM2,2024-07-26T16:19:01.813,1,"1 Rock monster + 1 Level 7 or higher monster
<br>Must first be Special Summoned with ""Fossil Fusion"". This card can make a second attack during each Battle Phase. If this card attacks a Defense Position monster, inflict piercing battle damage. During your opponent's turn (Quick Effect): You can target 1 monster in your opponent's GY; discard 1 card, and if you do, Special Summon that monster to your field. You can only use this effect of ""Fossil Warrior Skull King"" once per turn.",,0.2,0.5,9.99,0.4,0.47,1st Edition,BLAR-EN006,Secret Rare,EARTH,Rock,Fusion/Effect Monster,2800,1300,,
217950,Fossil Warrior Skull Knight,Fossil Warrior Skull Knight,https://tcgplayer-cdn.tcgplayer.com/product/217950_200w.jpg,2,2660,https://cpt.tcgcsv.com/0cM2,2022-08-18T07:56:53.687,1,"1 Rock monster + 1 Level 5 or 6 monster
<br>Must first be Special Summoned with ""Fossil Fusion"". If this card attacks a Defense Position monster, inflict piercing battle damage. When this attacking card destroys a monster by battle: You can activate this effect; this card can make a second attack in a row. You can banish this card from your GY, then target 1 monster on the field; destroy it. You can only use this effect of ""Fossil Warrior Skull Knight"" once per turn.",,1.9,3.94,22.99,1.96,4.34,1st Edition,BLAR-EN007,Secret Rare,EARTH,Rock,Fusion/Effect Monster,2400,1100,,
217951,Fossil Warrior Skull Bone,Fossil Warrior Skull Bone,https://tcgplayer-cdn.tcgplayer.com/product/217951_200w.jpg,2,2660,https://cpt.tcgcsv.com/2cM2,2024-07-26T16:19:01.923,1,"1 Rock monster + 1 Level 4 or lower monster
<br>Must first be Special Summoned with ""Fossil Fusion"". This card can make up to 2 attacks on monsters during each Battle Phase. You can banish this card from your GY; add 1 ""Time Stream"" from your Deck to your hand. You can only use this effect of ""Fossil Warrior Skull Bone"" once per turn.",,0.11,0.36,10.0,0.26,0.25,1st Edition,BLAR-EN008,Secret Rare,EARTH,Rock,Fusion/Effect Monster,2000,800,,
217952,Fossil Dragon Skullgios,Fossil Dragon Skullgios,https://tcgplayer-cdn.tcgplayer.com/product/217952_200w.jpg,2,2660,https://cpt.tcgcsv.com/3cM2,2024-07-26T16:19:02.127,1,"1 Rock monster + 1 Level 7 or higher monster in your opponent's GY
<br>Must first be Special Summoned with ""Fossil Fusion"". Before damage calculation, if this card battles an opponent's monster: You can switch the current ATK and DEF of that opponent's monster until the end of that Damage Step. If this card attacks a Defense Position monster, inflict piercing battle damage. If this Fusion Summoned card battles an opponent's monster, any battle damage it inflicts to your opponent is doubled.",,0.14,0.49,5.0,0.31,0.27,1st Edition,BLAR-EN009,Secret Rare,EARTH,Rock,Fusion/Effect Monster,3500,0,,
217953,Fossil Dragon Skullgar,Fossil Dragon Skullgar,https://tcgplayer-cdn.tcgplayer.com/product/217953_200w.jpg,2,2660,https://cpt.tcgcsv.com/5cM2,2024-07-26T16:19:02.22,1,"1 Rock monster + 1 Level 4 or lower monster in your opponent's GY
<br>Must first be Special Summoned with ""Fossil Fusion"". If this card attacks a Defense Position monster, inflict piercing battle damage. You can banish this card from your GY; add 1 ""Fossil Fusion"" from your Deck to your hand. You can only use this effect of ""Fossil Dragon Skullgar"" once per turn.",,0.17,0.49,5.0,0.4,0.38,1st Edition,BLAR-EN010,Secret Rare,EARTH,Rock,Fusion/Effect Monster,2500,0,,
217954,Fossil Fusion,Fossil Fusion,https://tcgplayer-cdn.tcgplayer.com/product/217954_200w.jpg,2,2660,https://cpt.tcgcsv.com/6cM2,2024-07-26T16:19:02.33,1,"Fusion Summon 1 ""Fossil"" Fusion Monster from your Extra Deck, by banishing Fusion Materials listed on it from any GYs (except for materials with a specific GY requirement listed). If you banished monsters from both GYs, neither player can target that Special Summoned monster with monster effects. If a face-up ""Fossil"" Fusion Monster(s) you control is destroyed by battle or card effect, while this card is in your GY: You can add this card from the GY to your hand. You can only use this effect of ""Fossil Fusion"" once per turn.",,0.05,0.49,20.0,0.41,0.5,1st Edition,BLAR-EN011,Secret Rare,SPELL,,Normal Spell,,,,
217955,Time Stream,Time Stream,https://tcgplayer-cdn.tcgplayer.com/product/217955_200w.jpg,2,2660,https://cpt.tcgcsv.com/7cM2,2020-07-22T20:13:04.32,1,"Target 1 ""Fossil"" Fusion Monster you control; Tribute it, and if you do, Special Summon 1 ""Fossil"" Fusion Monster from your Extra Deck, whose original Level is 2 higher than that monster's. (This is treated as a Fusion Summon with ""Fossil Fusion"".) During your Main Phase, except the turn this card was sent to the GY: You can banish this card and 1 ""Fossil"" Fusion Monster from your GY, then target 1 ""Fossil"" Fusion Monster in your GY; Special Summon it.",,0.25,0.99,22.0,0.64,0.35,1st Edition,BLAR-EN012,Secret Rare,SPELL,,Normal Spell,,,,
217956,Specimen Inspection,Specimen Inspection,https://tcgplayer-cdn.tcgplayer.com/product/217956_200w.jpg,2,2660,https://cpt.tcgcsv.com/8cM2,2024-07-26T16:19:02.393,1,"Reveal 1 ""Fossil Fusion"" in your hand; send 1 monster from your hand to the GY, and if you do, declare a Type and a Level, then your opponent looks at their hand and Deck, and sends 1 monster with the declared Type and Level from one of them to the GY (if possible). You can only activate 1 ""Specimen Inspection"" per turn.",,0.08,0.31,5.0,0.21,0.31,1st Edition,BLAR-EN013,Secret Rare,SPELL,,Normal Spell,,,,
217957,Miracle Rupture,Miracle Rupture,https://tcgplayer-cdn.tcgplayer.com/product/217957_200w.jpg,2,2660,https://cpt.tcgcsv.com/9cM2,2022-06-24T16:07:35.263,1,"Send 1 Level 4 or lower Rock monster from your Deck to the GY, then, if ""Fossil Fusion"" is in your GY, draw 1 card. You can only activate 1 ""Miracle Rupture"" per turn.",,0.35,1.4,24.97,0.72,0.7,1st Edition,BLAR-EN014,Secret Rare,SPELL,,Normal Spell,,,,
217958,Psychic Wave,Psychic Wave,https://tcgplayer-cdn.tcgplayer.com/product/217958_200w.jpg,2,2660,https://cpt.tcgcsv.com/bcM2,2024-07-26T16:19:02.533,1,"If you control a Machine monster: Send 1 ""Jinzo"" from your hand or Deck to the GY; inflict 600 damage to your opponent. During your Main Phase, except the turn this card was sent to the GY: You can banish this card from your GY, then target 1 Machine monster in your GY; send 1 ""Jinzo"" monster from your Deck to the GY, and if you do, add that targeted monster to your hand. You can only use this effect of ""Psychic Wave"" once per turn.",,0.05,0.25,1.99,0.2,0.19,1st Edition,BLAR-EN015,Ultra Rare,SPELL,,Quick-Play Spell,,,,
217959,Armored White Bear,Armored White Bear,https://tcgplayer-cdn.tcgplayer.com/product/217959_200w.jpg,2,2660,https://cpt.tcgcsv.com/ccM2,2024-07-26T16:19:02.58,1,"If this card is Normal or Special Summoned while a Synchro Monster is on the field: You can target 1 Field Spell in your GY; add it to your hand. If this card is destroyed by battle and sent to the GY, or if this card in your possession is destroyed by an opponent's card effect and sent to your GY: You can Special Summon 1 Level 4 or lower Beast monster from your Deck or GY, except ""Armored White Bear"". You can only use each effect of ""Armored White Bear"" once per turn.",,0.1,0.35,2.99,0.31,0.22,1st Edition,BLAR-EN016,Secret Rare,WATER,Beast,Effect Monster,1800,1400,,
217960,Afterglow,Afterglow,https://tcgplayer-cdn.tcgplayer.com/product/217960_200w.jpg,2,2660,https://cpt.tcgcsv.com/dcM2,2024-07-26T16:19:02.63,1,"Banish this card, and as many ""Afterglow"" from your hand, Deck, GY, and face-up field as possible, then shuffle 1 of your banished ""Afterglow"" into the Deck. During your next Draw Phase, reveal the card you draw for your normal draw, and inflict 4000 damage to your opponent if it is ""Afterglow"". You can only activate 1 ""Afterglow"" per Duel.",,0.02,0.25,1.99,0.13,0.06,1st Edition,BLAR-EN017,Ultra Rare,SPELL,,Normal Spell,,,,
217961,High Rate Draw,High Rate Draw,https://tcgplayer-cdn.tcgplayer.com/product/217961_200w.jpg,2,2660,https://cpt.tcgcsv.com/fcM2,2024-07-26T16:19:02.707,1,"Destroy 2 or more monsters you control, and if you do, draw 1 card for every 2 monsters destroyed. During your opponent's Main Phase, if this card is in your GY: You can target 1 monster you control; destroy it, and if you do, Set this card, but banish it when it leaves the field. You can only use this effect of ""High Rate Draw"" once per turn.",,0.09,0.32,25.0,0.18,0.2,1st Edition,BLAR-EN018,Secret Rare,TRAP,,Normal Trap,,,,
217962,Malefic Paradigm Dragon,Malefic Paradigm Dragon,https://tcgplayer-cdn.tcgplayer.com/product/217962_200w.jpg,2,2660,https://cpt.tcgcsv.com/gcM2,2024-07-26T16:19:02.787,1,"Cannot be Normal Summoned/Set. Must be Special Summoned (from your hand) by banishing 1 ""Malefic"" monster from your Extra Deck while ""Malefic Paradigm Dragon"" is not on the field. If ""Malefic World"" is not on the field, destroy this card. Once per turn: You can send 1 ""Malefic"" card from your Deck to the GY; return 1 of your banished Level 8 Synchro Monsters to the Extra Deck, then you can Special Summon that monster from the Extra Deck, also you can only attack with ""Malefic"" monsters for the rest of this turn.",,0.11,0.3,15.0,0.21,0.26,1st Edition,BLAR-EN019,Ultra Rare,DARK,Dragon,Effect Monster,4000,4000,,
217963,Numeron Wall,Numeron Wall,https://tcgplayer-cdn.tcgplayer.com/product/217963_200w.jpg,2,2660,https://cpt.tcgcsv.com/hcM2,2024-07-26T16:19:02.897,1,"If you control no cards, except ""Numeron Wall(s)"" (Quick Effect): You can send this card from your hand or field to the GY; activate 1 ""Numeron Network"" directly from your hand or Deck. You can only use this effect of ""Numeron Wall"" once per turn. When you take battle damage: You can Special Summon this card from your hand, and if you do, end the Battle Phase after the Damage Step.",,0.03,0.3,5.0,0.2,0.22,1st Edition,BLAR-EN020,Ultra Rare,DARK,Fiend,Effect Monster,0,0,,
217964,Number C1: Numeron Chaos Gate Sunya,Number C1 Numeron Chaos Gate Sunya,https://tcgplayer-cdn.tcgplayer.com/product/217964_200w.jpg,2,2660,https://cpt.tcgcsv.com/jcM2,2024-07-26T16:19:02.99,1,"4 Level 2 monsters
<br>You can also Xyz Summon this card by using ""Number 1: Numeron Gate Ekam"" you control as material. (Transfer its materials to this card.) If this card is Xyz Summoned: Banish all monsters on the field. Once per turn, during your next Standby Phase after this card was banished: You can Special Summon this banished card, then if ""Numeron Network"" is in your Field Zone, inflict damage to your opponent equal to the combined ATK of all banished Xyz Monsters.",,0.09,0.56,25.0,0.38,0.4,1st Edition,BLAR-EN021,Secret Rare,DARK,Machine,Xyz/Effect Monster,2000,1000,,
217965,Number 1: Numeron Gate Ekam,Number 1 Numeron Gate Ekam,https://tcgplayer-cdn.tcgplayer.com/product/217965_200w.jpg,2,2660,https://cpt.tcgcsv.com/kcM2,2023-06-19T09:22:03.22,1,"3 Level 1 monsters
<br>Cannot be destroyed by battle. At the end of the Damage Step, if this card battled an opponent's monster: You can detach 1 material from this card; double the ATK of all ""Numeron"" monsters you currently control, until the end of this turn.",,0.1,0.4,5.0,0.15,,1st Edition,BLAR-EN022,Ultra Rare,LIGHT,Machine,Xyz/Effect Monster,1000,100,,
217966,Number 2: Numeron Gate Dve,Number 2 Numeron Gate Dve,https://tcgplayer-cdn.tcgplayer.com/product/217966_200w.jpg,2,2660,https://cpt.tcgcsv.com/lcM2,2024-07-26T16:19:03.037,1,"3 Level 1 monsters
<br>Cannot be destroyed by battle. At the end of the Damage Step, if this card battled an opponent's monster: You can detach 1 material from this card; double the ATK of all ""Numeron"" monsters you currently control, until the end of this turn.",,0.1,0.35,5.0,0.2,0.22,1st Edition,BLAR-EN023,Ultra Rare,LIGHT,Machine,Xyz/Effect Monster,1000,100,,
217967,Number 3: Numeron Gate Trini,Number 3 Numeron Gate Trini,https://tcgplayer-cdn.tcgplayer.com/product/217967_200w.jpg,2,2660,https://cpt.tcgcsv.com/mcM2,2024-07-26T16:19:03.1,1,"3 Level 1 monsters
<br>Cannot be destroyed by battle. At the end of the Damage Step, if this card battled an opponent's monster: You can detach 1 material from this card; double the ATK of all ""Numeron"" monsters you currently control, until the end of this turn.",,0.1,0.35,5.0,0.19,0.28,1st Edition,BLAR-EN024,Ultra Rare,LIGHT,Machine,Xyz/Effect Monster,1000,100,,
217968,Number 4: Numeron Gate Catvari,Number 4 Numeron Gate Catvari,https://tcgplayer-cdn.tcgplayer.com/product/217968_200w.jpg,2,2660,https://cpt.tcgcsv.com/ncM2,2020-07-22T20:08:47.84,1,"3 Level 1 monsters
<br>Cannot be destroyed by battle. At the end of the Damage Step, if this card battled an opponent's monster: You can detach 1 material from this card; double the ATK of all ""Numeron"" monsters you currently control, until the end of this turn.",,0.1,0.37,5.0,0.19,0.45,1st Edition,BLAR-EN025,Ultra Rare,LIGHT,Machine,Xyz/Effect Monster,1000,100,,
217969,Numeron Network,Numeron Network,https://tcgplayer-cdn.tcgplayer.com/product/217969_200w.jpg,2,2660,https://cpt.tcgcsv.com/pcM2,2024-08-10T09:40:41.023,1,"During your Main Phase, send 1 ""Numeron"" Normal Spell Card that meets its activation conditions from your Deck to the GY; this effect becomes that Spell's effect when that card is activated. You can only use this effect of ""Numeron Network"" once per turn. ""Numeron"" Xyz Monsters you control can activate effects without detaching material(s).",,0.23,0.83,8.0,0.41,0.42,1st Edition,BLAR-EN026,Secret Rare,SPELL,,Field Spell,,,,
217970,Numeron Calling,Numeron Calling,https://tcgplayer-cdn.tcgplayer.com/product/217970_200w.jpg,2,2660,https://cpt.tcgcsv.com/qcM2,2022-03-24T14:55:50.257,1,"If ""Numeron Network"" is in your Field Zone and you control no monsters: Special Summon up to 4 ""Numeron Gate"" Xyz Monsters with different names from your Extra Deck, but banish them during the End Phase, also you can only Normal or Special Summon once for the rest of this turn.",,0.07,0.5,7.29,0.33,0.33,1st Edition,BLAR-EN027,Secret Rare,SPELL,,Normal Spell,,,,
217971,Number 3: Cicada King,Number 3 Cicada King,https://tcgplayer-cdn.tcgplayer.com/product/217971_200w.jpg,2,2660,https://cpt.tcgcsv.com/rcM2,2023-06-11T04:26:02.31,1,"2 Level 3 monsters
<br>If the battle position of this card is changed: You can Special Summon 1 Insect monster from your hand or GY in Defense Position. When a monster on the field activates its effect: You can detach 1 material from this card, then target that monster; negate its effects, then make 1 Insect monster on the field either gain 500 DEF, or change its battle position. You can only use each effect of ""Number 3: Cicada King"" once per turn.",,0.7,1.19,5.0,1.47,2.99,1st Edition,BLAR-EN028,Ultra Rare,WIND,Insect,Xyz/Effect Monster,1200,2500,,
217972,Flower Cardian Cherry Blossom,Flower Cardian Cherry Blossom,https://tcgplayer-cdn.tcgplayer.com/product/217972_200w.jpg,2,2660,https://cpt.tcgcsv.com/scM2,2024-07-26T16:19:03.147,1,"If you control a Level 2 or lower ""Flower Cardian"" monster: You can Special Summon this card from your hand, also you cannot Normal or Special Summon monsters for the rest of this turn, except ""Flower Cardian"" monsters. Once per turn: You can Tribute 1 ""Flower Cardian"" monster; draw 1 card, and if you do, show it, then, if it is a ""Flower Cardian"" monster, you can take 1 ""Flower Cardian"" monster from your Deck, except ""Flower Cardian Cherry Blossom"", and either add it to your hand or Special Summon it. Otherwise, send the card you drew to the GY.",,0.02,0.25,2.5,0.15,0.15,1st Edition,BLAR-EN029,Ultra Rare,DARK,Warrior,Effect Monster,100,100,,
217973,Super All In!,Super All In,https://tcgplayer-cdn.tcgplayer.com/product/217973_200w.jpg,2,2660,https://cpt.tcgcsv.com/tcM2,2024-07-26T16:19:03.313,1,"Return 1 Synchro Monster you control to the Extra Deck, and if you do, Special Summon 4 ""Flower Cardian"" monsters from your GY, then, draw 1 card and show it, then, if it is a ""Flower Cardian"" monster, you can Special Summon it, ignoring its Summoning conditions. Otherwise, destroy as many monsters you control as possible, and if you destroyed at least 1, halve your LP. During the End Phase, if this card is in the GY because it was sent there by the effect of a ""Flower Cardian"" monster this turn while in your possession: You can add 1 Spell/Trap from your GY to your hand.",,0.01,0.25,2.5,0.18,0.12,1st Edition,BLAR-EN030,Ultra Rare,SPELL,,Normal Spell,,,,
217974,Glacial Beast Blizzard Wolf,Glacial Beast Blizzard Wolf,https://tcgplayer-cdn.tcgplayer.com/product/217974_200w.jpg,2,2660,https://cpt.tcgcsv.com/vcM2,2024-07-26T16:19:03.487,1,"When a monster declares an attack: You can negate the attack, and if you do, Special Summon 1 Level 4 or lower WATER monster from your hand, except ""Glacial Beast Blizzard Wolf"". At the start of your opponent's Battle Phase, if this card is in your GY and you control no monsters: You can Special Summon this card in Attack Position, but banish it when it leaves the field. You can only use each effect of ""Glacial Beast Blizzard Wolf"" once per turn.",,0.1,0.35,3.5,0.24,0.25,1st Edition,BLAR-EN031,Secret Rare,WATER,Aqua,Effect Monster,1400,700,,
217975,Glacial Beast Polar Penguin,Glacial Beast Polar Penguin,https://tcgplayer-cdn.tcgplayer.com/product/217975_200w.jpg,2,2660,https://cpt.tcgcsv.com/wcM2,2020-07-22T20:03:48.337,1,"If this card is Special Summoned: You can target 1 monster your opponent controls; return it to the hand. If this card on the field is destroyed by battle or card effect: You can target 1 card your opponent controls; return it to the hand. You can only use 1 ""Glacial Beast Polar Penguin"" effect per turn, and only once that turn.",,0.2,1.0,22.0,0.92,1.27,1st Edition,BLAR-EN032,Secret Rare,WATER,Aqua,Tuner/Effect Monster,800,1000,,
217978,Glacial Beast Iceberg Narwhal,Glacial Beast Iceberg Narwhal,https://tcgplayer-cdn.tcgplayer.com/product/217978_200w.jpg,2,2660,https://cpt.tcgcsv.com/BcM2,2024-07-26T16:19:03.593,1,"1 Tuner + 1+ non-Tuner WATER monsters
<br>Each time another monster(s) you control is destroyed by your opponent's attack or card effect: Inflict 600 damage to your opponent. During the Battle Phase, when your opponent activates a card or effect while you control another monster (Quick Effect): You can negate that effect, and if you do, destroy that card. You can only use this effect of ""Glacial Beast Iceberg Narwhal"" once per turn.",,0.08,0.4,10.0,0.3,0.45,1st Edition,BLAR-EN033,Secret Rare,WATER,Aqua,Synchro/Effect Monster,2700,1600,,
217979,Fire Flint Lady,Fire Flint Lady,https://tcgplayer-cdn.tcgplayer.com/product/217979_200w.jpg,2,2660,https://cpt.tcgcsv.com/CcM2,2022-06-12T09:17:37.327,1,"If you control a Warrior monster: You can Special Summon this card from your hand. You can send this card from the field to the GY; Special Summon 1 Level 4 or lower Warrior monster from your hand, and if you do, your opponent cannot target it with card effects this turn. You can only use each effect of ""Fire Flint Lady"" once per turn.",,0.02,0.51,14.99,0.37,0.35,1st Edition,BLAR-EN034,Ultra Rare,FIRE,Warrior,Effect Monster,100,100,,
217980,Appliancer Socketroll,Appliancer Socketroll,https://tcgplayer-cdn.tcgplayer.com/product/217980_200w.jpg,2,2660,https://cpt.tcgcsv.com/DcM2,2024-07-26T16:19:03.75,1,"If you control an ""Appliancer"" monster: You can Special Summon this card from your hand. If another ""Appliancer Socketroll"" is Special Summoned to your field while you control this monster (except during the Damage Step): You can Special Summon 1 ""Appliancer Socketroll"" from your Deck. You can only use each effect of ""Appliancer Socketroll"" once per turn.",,0.04,0.3,5.0,0.14,0.15,1st Edition,BLAR-EN035,Ultra Rare,DARK,Machine,Effect Monster,100,100,,
217981,Appliancer Breakerbuncle,Appliancer Breakerbuncle,https://tcgplayer-cdn.tcgplayer.com/product/217981_200w.jpg,2,2660,https://cpt.tcgcsv.com/FcM2,2024-07-26T16:19:03.927,1,"During damage calculation, if an ""Appliancer"" monster you control battles an opponent's monster (Quick Effect): You can discard this card; for that battle, that monster you control cannot be destroyed, also you take no battle damage. If an ""Appliancer"" monster(s) you control would be destroyed by a card effect, you can banish this card from your field or GY instead.",,0.03,0.25,5.0,0.15,0.12,1st Edition,BLAR-EN036,Ultra Rare,WATER,Machine,Effect Monster,0,0,,
217982,Appliancer Copybokkle,Appliancer Copybokkle,https://tcgplayer-cdn.tcgplayer.com/product/217982_200w.jpg,2,2660,https://cpt.tcgcsv.com/GcM2,2024-07-26T16:19:04.02,1,"You can target 1 ""Appliancer"" monster you control; Special Summon this card from your hand, and if you do, this card's name becomes that monster's name until the End Phase. During your Main Phase, except the turn this card was sent to the GY: You can banish this card from your GY, then target 1 ""Appliancer"" monster you control; Special Summon 1 monster with the same name from your hand or GY. You can only use each effect of ""Appliancer Copybokkle"" once per turn.",,0.04,0.25,5.0,0.15,0.15,1st Edition,BLAR-EN037,Ultra Rare,DARK,Machine,Effect Monster,0,0,,
217983,Appliancer Celtopus,Appliancer Celtopus,https://tcgplayer-cdn.tcgplayer.com/product/217983_200w.jpg,2,2660,https://cpt.tcgcsv.com/HcM2,2024-07-26T16:19:04.213,1,"2 ""Appliancer"" monsters
<br>This linked card cannot be targeted by your opponent's card effects, or their monsters' attacks. During damage calculation, if an ""Appliancer"" Link Monster you control co-linked to this card battles an opponent's monster: Your battling monster gains ATK equal to the number of monsters co-linked to this card x 1000, during that damage calculation only. Once per turn, if an ""Appliancer"" Link Monster(s) you control that is not co-linked to this card is destroyed by battle or card effect: You can draw 1 card.",,0.02,0.25,3.0,0.16,0.15,1st Edition,BLAR-EN038,Ultra Rare,DARK,Machine,Link/Effect Monster,0,,2,Bottom;Bottom-Left
217984,Appliancer Kappa Scale,Appliancer Kappa Scale,https://tcgplayer-cdn.tcgplayer.com/product/217984_200w.jpg,2,2660,https://cpt.tcgcsv.com/JcM2,2024-07-26T16:19:04.413,1,"1 ""Appliancer"" monster
<br>Cannot be used as Link Material the turn it is Link Summoned. You can Tribute this co-linked card; Special Summon 1 ""Appliancer"" Link Monster from your GY, except ""Appliancer Kappa Scale"". You can Tribute this card that is not co-linked; Special Summon 1 Level 4 or lower ""Appliancer"" monster from your GY. You can only use each effect of ""Appliancer Kappa Scale"" once per turn.",,0.05,0.25,2.25,0.16,0.15,1st Edition,BLAR-EN039,Ultra Rare,WATER,Machine,Link/Effect Monster,0,,1,Top
217985,Appliancer Vacculephant,Appliancer Vacculephant,https://tcgplayer-cdn.tcgplayer.com/product/217985_200w.jpg,2,2660,https://cpt.tcgcsv.com/KcM2,2024-07-26T16:19:04.463,1,"1 ""Appliancer"" monster
<br>Cannot be used as Link Material the turn it is Link Summoned. Can attack directly while it is not co-linked. You can send 1 card from your hand to the GY, then target 1 card your opponent controls; destroy it. If this card is co-linked: You can target 1 monster in your opponent's Main Monster Zone; destroy it. You can only use 1 ""Appliancer Vacculephant"" effect per turn, and only once that turn.",,0.05,0.25,2.0,0.16,0.2,1st Edition,BLAR-EN040,Ultra Rare,DARK,Machine,Link/Effect Monster,1000,,1,Top-Right
217986,Appliancer Laundry Dragon,Appliancer Laundry Dragon,https://tcgplayer-cdn.tcgplayer.com/product/217986_200w.jpg,2,2660,https://cpt.tcgcsv.com/LcM2,2024-07-26T16:19:04.527,1,"1 ""Appliancer"" monster
<br>Cannot be used as Link Material the turn it is Link Summoned. Neither player takes any battle damage from attacks involving this card. Once per turn, after damage calculation, if this co-linked card battles an opponent's monster: You can banish that opponent's monster. Once per turn, after damage calculation, if this monster that is not co-linked battles an opponent's monster: You can destroy that opponent's monster, and if you do, inflict damage to your opponent equal to its original ATK.",,0.05,0.25,2.0,0.17,0.15,1st Edition,BLAR-EN041,Ultra Rare,WATER,Machine,Link/Effect Monster,1500,,1,Top
217987,Appliancer Dryer Drake,Appliancer Dryer Drake,https://tcgplayer-cdn.tcgplayer.com/product/217987_200w.jpg,2,2660,https://cpt.tcgcsv.com/McM2,2024-03-08T16:32:02.03,1,"1 ""Appliancer"" monster
<br>Cannot be used as Link Material the turn it is Link Summoned. This linked card gains 1000 ATK. Once per turn, during your Battle Phase, if this card is co-linked (except during the Damage Step): You can switch the locations of 2 ""Appliancer"" monsters in your Main Monster Zones, including this card, and if you do, the other monster can make a second attack during each Battle Phase this turn. Once per turn, when this card that is not co-linked is targeted for an attack: You can negate that attack.",,0.05,0.25,1.99,0.15,0.2,1st Edition,BLAR-EN042,Ultra Rare,FIRE,Machine,Link/Effect Monster,0,,1,Top-Right
217988,Appliancer Reuse,Appliancer Reuse,https://tcgplayer-cdn.tcgplayer.com/product/217988_200w.jpg,2,2660,https://cpt.tcgcsv.com/NcM2,2024-07-26T16:19:04.573,1,"Target 1 ""Appliancer"" monster in your GY; Special Summon it, but place it on the bottom of the Deck when it leaves the field.",,0.03,0.25,5.0,0.17,0.12,1st Edition,BLAR-EN043,Ultra Rare,SPELL,,Normal Spell,,,,
217989,Appliancer Test,Appliancer Test,https://tcgplayer-cdn.tcgplayer.com/product/217989_200w.jpg,2,2660,https://cpt.tcgcsv.com/PcM2,2024-07-26T16:19:04.62,1,"Target 1 ""Appliancer"" Link Monster you control; Special Summon as many Link-1 ""Appliancer"" monsters from your GY as possible to your zones that monster points to, but banish them during the End Phase. You can only activate 1 ""Appliancer Test"" per turn.",,0.04,0.27,5.0,0.16,0.06,1st Edition,BLAR-EN044,Ultra Rare,SPELL,,Normal Spell,,,,
217990,Appliancer Electrilyrical World,Appliancer Electrilyrical World,https://tcgplayer-cdn.tcgplayer.com/product/217990_200w.jpg,2,2660,https://cpt.tcgcsv.com/QcM2,2024-07-26T16:19:04.667,1,"When this card is activated: You can add 1 ""Appliancer"" card from your Deck to your hand, except a Field Spell. Once per turn, if you Link Summon an ""Appliancer"" Link Monster(s): You can add 1 ""Appliancer"" monster from your GY to your hand. Once per turn, when a monster declares an attack: You can move 1 ""Appliancer"" monster you control to another of your Main Monster Zones. You can only activate 1 ""Appliancer Electrilyrical World"" per turn.",,0.05,0.25,10.0,0.14,0.12,1st Edition,BLAR-EN045,Ultra Rare,SPELL,,Field Spell,,,,
217991,Number F0: Utopic Future Slash,Number F0 Utopic Future Slash,https://tcgplayer-cdn.tcgplayer.com/product/217991_200w.jpg,2,2660,https://cpt.tcgcsv.com/RcM2,2024-07-26T16:19:04.713,1,"2 Xyz Monsters with the same Rank, except ""Number"" monsters
<br>(This card's original Rank is always treated as 1.)
<br>You can also Xyz Summon this card by using a ""Utopia"" monster or ""Number F0: Utopic Future"" you control as material. (Transfer its materials to this card.) Gains 500 ATK for each ""Number"" Xyz Monster in the GYs. Cannot be destroyed by battle. Once per turn: You can detach 1 material from this card; this card can make a second attack during each Battle Phase this turn.",,0.22,0.5,25.0,0.39,0.35,1st Edition,BLAR-EN046,Secret Rare,LIGHT,Warior,Xyz/Effect Monster,0,0,,
217992,"Darkness Metal, the Dragon of Dark Steel",Darkness Metal the Dragon of Dark Steel,https://tcgplayer-cdn.tcgplayer.com/product/217992_200w.jpg,2,2660,https://cpt.tcgcsv.com/ScM2,2023-09-06T07:19:39.193,1,"2+ Effect Monsters with the same Type and Attribute
You can target 1 of your monsters that is banished or in your GY; Special Summon it to your zone this card points to, in Defense Position, but its effects are negated, also you cannot Special Summon Link Monsters for the rest of this turn, and the Summoned monster is placed on the bottom of the Deck when it leaves the field. You can only use this effect of ""Darkness Metal, the Dragon of Dark Steel"" once per turn.",,4.5,5.23,25.0,4.97,14.97,1st Edition,BLAR-EN047,Secret Rare,DARK,Dragon,Link/Effect Monster,2800,,4,Bottom-Right;Bottom;Bottom-Left;Top
217993,"Trishula, the Dragon of Icy Imprisonment",Trishula the Dragon of Icy Imprisonment,https://tcgplayer-cdn.tcgplayer.com/product/217993_200w.jpg,2,2660,https://cpt.tcgcsv.com/TcM2,2020-07-22T20:13:27,1,"3 monsters with different names
<br>Must first be either Fusion Summoned using only monsters in your hand and/or field, or Special Summoned (from your Extra Deck) by banishing the above cards you control (in which case you do not use ""Polymerization""). If this card was Special Summoned using only monsters that were originally Dragons: You can reveal and banish 3 cards (1 from your Deck, 1 from the top of your opponent's Deck, and 1 from their Extra Deck). You can only use this effect of ""Trishula, the Dragon of Icy Imprisonment"" once per turn.",,1.5,3.49,10.5,2.73,7.19,1st Edition,BLAR-EN048,Secret Rare,WATER,Dragon,Fusion/Effect Monster,2700,2000,,
217994,"Judgment, the Dragon of Heaven",Judgment the Dragon of Heaven,https://tcgplayer-cdn.tcgplayer.com/product/217994_200w.jpg,2,2660,https://cpt.tcgcsv.com/VcM2,2022-03-26T08:43:35.003,1,"1 Tuner + 1+ non-Tuner monsters
<br>If you Synchro Summon this card, all materials must be the same Attribute. Once per turn, if you have 4 or more Tuners with different names in your GY and control this Synchro Summoned card: You can pay half your LP; destroy all other cards on the field, also, you cannot Special Summon monsters for the rest of this turn, except Dragon monsters. Once per turn, during your End Phase: Banish 4 cards from the top of your Deck.",,0.62,1.31,15.0,1.3,2.99,1st Edition,BLAR-EN049,Secret Rare,LIGHT,Dragon,Synchro/Effect Monster,3000,2600,,
217995,"Dark Armed, the Dragon of Annihilation",Dark Armed the Dragon of Annihilation,https://tcgplayer-cdn.tcgplayer.com/product/217995_200w.jpg,2,2660,https://cpt.tcgcsv.com/WcM2,2020-07-22T19:54:29.767,1,"2+ Level 7 monsters
<br>Once per turn, if you have exactly 5 DARK monsters in your GY, you can also Xyz Summon ""Dark Armed, the Dragon of Annihilation"" by using 1 Level 5 or higher DARK Dragon monster you control as material. You can detach 1 material from this card, then target 1 card your opponent controls; destroy it, then banish 1 card from your GY, also, this card cannot attack for the rest of this turn.",,0.95,4.7,49.99,2.5,3.2,1st Edition,BLAR-EN050,Secret Rare,DARK,Dragon,Xyz/Effect Monster,2800,1000,,
217996,"Chaos Emperor, the Dragon of Armageddon",Chaos Emperor the Dragon of Armageddon,https://tcgplayer-cdn.tcgplayer.com/product/217996_200w.jpg,2,2660,https://cpt.tcgcsv.com/XcM2,2020-07-22T19:53:43.493,1,"<strong>Pendulum Effect</strong>
<br>You can pay 1000 LP, then target 1 of your banished Dragon monsters; destroy this card, and if you do, add that monster to your hand. You can only use this effect of ""Chaos Emperor, the Dragon of Armageddon"" once per turn.
<br><strong>Monster Effect</strong>
<br>Cannot be Normal Summoned/Set. Must be Special Summoned (from your hand or Extra Deck) by banishing 1 LIGHT and 1 DARK monster from your GY. You can only Special Summon ""Chaos Emperor, the Dragon of Armageddon"" once per turn this way. Once per turn: You can pay half your LP; send as many cards you control as possible to the GY, except from the Extra Monster Zone, and if you do, send cards your opponent controls to the GY, up to the number of your cards sent to the GY, then, inflict 300 damage to your opponent for each card sent to their GY by this card's effect. If this face-up Special Summoned card leaves the field, return it to the bottom of the Deck.",,4.0,8.4,48.5,7.85,8.65,1st Edition,BLAR-EN051,Secret Rare,DARK,Dragon,Pendulum/Effect Monster,3000,2500,,
217997,Book of Moon,Book of Moon,https://tcgplayer-cdn.tcgplayer.com/product/217997_200w.jpg,2,2660,https://cpt.tcgcsv.com/ZcM2,2023-04-05T04:22:43.37,1,Target 1 face-up monster on the field; change that target to face-down Defense Position.,,0.2,0.8,19.99,0.57,0.6,1st Edition,BLAR-EN052,Ultra Rare,SPELL,,Quick-Play Spell,,,,
217998,Elemental HERO Neos Alius,Elemental HERO Neos Alius,https://tcgplayer-cdn.tcgplayer.com/product/217998_200w.jpg,2,2660,https://cpt.tcgcsv.com/-cM2,2024-02-17T15:44:06.637,1,"This card is treated as a Normal Monster while face-up on the field or in the GY. While this card is a Normal Monster on the field, you can Normal Summon it to have it become an Effect Monster with this effect.
<br>• This card's name becomes ""Elemental HERO Neos"" while on the field.",,0.1,0.49,3.0,0.4,0.31,1st Edition,BLAR-EN053,Ultra Rare,LIGHT,Warrior,Gemini/Effect Monster,1900,1300,,
217999,Elemental HERO Shining Flare Wingman,Elemental HERO Shining Flare Wingman,https://tcgplayer-cdn.tcgplayer.com/product/217999_200w.jpg,2,2660,https://cpt.tcgcsv.com/_cM2,2024-07-26T16:19:04.743,1,"""Elemental HERO Flame Wingman"" + ""Elemental HERO Sparkman""
<br>Must be Fusion Summoned and cannot be Special Summoned by other ways. This card gains 300 ATK for each ""Elemental HERO"" card in your GY. When this card destroys a monster by battle and sends it to the GY: Inflict damage to your opponent equal to the ATK of the destroyed monster in the GY.",,0.02,0.46,3.0,0.39,0.31,1st Edition,BLAR-EN054,Ultra Rare,LIGHT,Warrior,Fusion/Effect Monster,2500,2100,,
218000,Elemental HERO Chaos Neos,Elemental HERO Chaos Neos,https://tcgplayer-cdn.tcgplayer.com/product/218000_200w.jpg,2,2660,https://cpt.tcgcsv.com/0dM2,2024-07-26T16:19:04.793,1,"""Elemental HERO Neos"" + ""Neo-Spacian Dark Panther"" + ""Neo-Spacian Glow Moss""
<br>Must first be Special Summoned (from your Extra Deck) by shuffling the above cards you control into the Deck. (You do not use ""Polymerization"".) Once per turn, during the End Phase: Shuffle this card into the Extra Deck, and if you do, Set all face-up monsters on the field. Once per turn, during your Main Phase 1: You can toss a coin 3 times.
<br>• 3 Heads: Destroy all monsters your opponent controls.
<br>• 2 Heads: For the rest of this turn, the effects of all face-up monsters your opponent controls are negated.
<br>• 1 Head: Return all monsters you control to the hand.",,0.03,0.32,2.08,0.28,0.23,1st Edition,BLAR-EN055,Ultra Rare,DARK,Warrior,Fusion/Effect Monster,3000,2500,,
218001,Elemental HERO Escuridao,Elemental HERO Escuridao,https://tcgplayer-cdn.tcgplayer.com/product/218001_200w.jpg,2,2660,https://cpt.tcgcsv.com/2dM2,2022-04-12T15:11:19.99,1,"1 ""Elemental HERO"" monster + 1 DARK monster
<br>Must be Fusion Summoned and cannot be Special Summoned by other ways. This card gains 100 ATK for each ""Elemental HERO"" monster in your GY.",,0.85,1.25,25.0,0.98,0.98,1st Edition,BLAR-EN056,Secret Rare,DARK,Warrior,Fusion/Effect Monster,2500,2000,,
218002,Goyo Guardian,Goyo Guardian,https://tcgplayer-cdn.tcgplayer.com/product/218002_200w.jpg,2,2660,https://cpt.tcgcsv.com/3dM2,2020-07-22T20:04:14.823,1,"1 EARTH Tuner + 1 or more non-Tuner monsters
<br>When this card destroys an opponent's monster by battle and sends it to the GY: You can Special Summon that monster to your field in Defense Position.",,0.35,1.01,4.99,1.15,1.29,1st Edition,BLAR-EN057,Ultra Rare,EARTH,Warrior,Synchro/Effect Monster,2800,2000,,
218003,Goyo Defender,Goyo Defender,https://tcgplayer-cdn.tcgplayer.com/product/218003_200w.jpg,2,2660,https://cpt.tcgcsv.com/5dM2,2020-07-22T20:03:58.1,1,"1 Tuner + 1+ non-Tuner monsters
<br>Once per turn, if all monsters you control are EARTH Warrior Synchro Monsters (min. 1): You can Special Summon ""Goyo Defender"" from your Extra Deck. When this card is targeted for an attack: You can make this card gain 1000 ATK for each EARTH Warrior Synchro Monster you control (other than this card), until the end of the Damage Step.",,0.02,0.25,5.0,0.18,,1st Edition,BLAR-EN058,Ultra Rare,EARTH,Warrior,Synchro/Effect Monster,1000,1000,,
218004,Koa'ki Meiru Drago,Koaki Meiru Drago,https://tcgplayer-cdn.tcgplayer.com/product/218004_200w.jpg,2,2660,https://cpt.tcgcsv.com/6dM2,2025-03-31T14:24:52.397,1,"During each of your End Phases, destroy this card unless you send 1 ""Iron Core of Koa'ki Meiru"" from your hand to the GY or reveal 1 Dragon-Type monster in your hand. Neither player can Special Summon LIGHT or DARK monsters.",,0.9,1.88,11.99,2.18,6.89,1st Edition,BLAR-EN059,Ultra Rare,WIND,Dragon,Effect Monster,1900,1600,,
218005,Black Whirlwind,Black Whirlwind,https://tcgplayer-cdn.tcgplayer.com/product/218005_200w.jpg,2,2660,https://cpt.tcgcsv.com/7dM2,2022-10-17T11:13:43.17,1,"When a ""Blackwing"" monster is Normal Summoned to your field: You can add 1 ""Blackwing"" monster from your Deck to your hand with less ATK than that monster.",,0.25,0.99,9.99,0.91,1.43,1st Edition,BLAR-EN060,Ultra Rare,SPELL,,Continuous Spell,,,,
218006,Blackwing - Kris the Crack of Dawn,Blackwing Kris the Crack of Dawn,https://tcgplayer-cdn.tcgplayer.com/product/218006_200w.jpg,2,2660,https://cpt.tcgcsv.com/8dM2,2022-10-28T10:56:41.973,1,"If you control a ""Blackwing"" monster other than ""Blackwing - Kris the Crack of Dawn"", you can Special Summon this card (from your hand). You can only Special Summon ""Blackwing - Kris the Crack of Dawn"" once per turn this way. Once per turn, this card cannot be destroyed by Spell/Trap effects.",,0.1,0.49,9.99,0.36,0.26,1st Edition,BLAR-EN061,Ultra Rare,DARK,Winged Beast,Effect Monster,1900,300,,
218007,Assault Blackwing - Sohaya the Rain Storm,Assault Blackwing Sohaya the Rain Storm,https://tcgplayer-cdn.tcgplayer.com/product/218007_200w.jpg,2,2660,https://cpt.tcgcsv.com/9dM2,2024-07-26T16:19:04.84,1,"1 Tuner + 1 or more non-Tuner monsters
<br>If this card is Synchro Summoned using a ""Blackwing"" monster as Material, it is treated as a Tuner while face-up on the field. You can only use each of these effects of ""Assault Blackwing - Sohaya the Rain Storm"" once per turn. ? When this card is Synchro Summoned: You can target 1 ""Assault Blackwing"" monster in your GY; Special Summon it. ? During your Main Phase, if this card is in the GY because it was sent there this turn: You can banish 1 other ""Assault Blackwing - Sohaya the Rain Storm"" from your GY; Special Summon this card.",,0.09,0.3,5.0,0.3,0.15,1st Edition,BLAR-EN062,Ultra Rare,DARK,Winged Beast,Synchro/Effect Monster,1500,2000,,
218008,Boost Warrior,Boost Warrior,https://tcgplayer-cdn.tcgplayer.com/product/218008_200w.jpg,2,2660,https://cpt.tcgcsv.com/bdM2,2024-07-26T16:19:04.89,1,"If you control a face-up Tuner monster, you can Special Summon this card from your hand in face-up Defense Position. All Warrior-Type monsters you control gain 300 ATK.",,0.16,0.41,2.18,0.31,0.49,1st Edition,BLAR-EN063,Ultra Rare,FIRE,Warrior,Effect Monster,300,200,,
218009,Steam Synchron,Steam Synchron,https://tcgplayer-cdn.tcgplayer.com/product/218009_200w.jpg,2,2660,https://cpt.tcgcsv.com/cdM2,2020-07-22T20:12:32.02,1,"During your opponent's Main Phase, you can: Immediately after this effect resolves, Synchro Summon using this card you control (this is a Quick Effect).",,0.03,0.32,1.99,0.22,0.16,1st Edition,BLAR-EN064,Ultra Rare,WATER,Machine,Tuner/Effect Monster,600,800,,
218010,Junk Anchor,Junk Anchor,https://tcgplayer-cdn.tcgplayer.com/product/218010_200w.jpg,2,2660,https://cpt.tcgcsv.com/ddM2,2020-07-22T20:05:58.74,1,"For a Synchro Summon, you can substitute this card for any 1 ""Synchron"" Tuner monster. Once per turn: You can discard 1 card, then target 1 non-Tuner ""Junk"" monster in your GY; Special Summon that target, and if you do, immediately after this effect resolves, Synchro Summon 1 Synchro Monster that lists a ""Synchron"" monster as a Tuner, using that monster and this card only. These Synchro Materials are banished instead of being sent to the GY.",,0.04,0.25,1.99,0.16,0.16,1st Edition,BLAR-EN065,Ultra Rare,EARTH,Warrior,Tuner/Effect Monster,0,0,,
218011,Brotherhood of the Fire Fist - Lion Emperor,Brotherhood of the Fire Fist Lion Emperor,https://tcgplayer-cdn.tcgplayer.com/product/218011_200w.jpg,2,2660,https://cpt.tcgcsv.com/fdM2,2020-07-22T19:53:30.47,1,"2 Level 3 FIRE monsters
<br>Once per turn: You can detach 1 Xyz Material from this card, then target 1 FIRE monster in your GY; add that target to your hand, but you cannot Normal or Special Summon that monster, or a monster with the same name, for the rest of this turn.",,0.05,0.25,2.99,0.14,0.14,1st Edition,BLAR-EN066,Ultra Rare,FIRE,Beast-Warrior,Xyz/Effect Monster,2200,200,,
218012,"Kalantosa, Mystical Beast of the Forest",Kalantosa Mystical Beast of the Forest,https://tcgplayer-cdn.tcgplayer.com/product/218012_200w.jpg,2,2660,https://cpt.tcgcsv.com/gdM2,2024-07-26T16:19:05,1,If this card is Special Summoned by the effect of a Beast-Type monster: You can target 1 card on the field; destroy that target.,,0.01,0.49,2.99,0.25,0.32,1st Edition,BLAR-EN067,Ultra Rare,EARTH,Beast,Effect Monster,200,1400,,
218013,"Valerifawn, Mystical Beast of the Forest",Valerifawn Mystical Beast of the Forest,https://tcgplayer-cdn.tcgplayer.com/product/218013_200w.jpg,2,2660,https://cpt.tcgcsv.com/hdM2,2020-07-22T20:13:39.807,1,"You can discard 1 card, then target 1 Level 2 or lower Beast monster in your GY, except ""Valerifawn, Mystical Beast of the Forest""; Special Summon it in Attack Position or face-down Defense Position. You can only use this effect of ""Valerifawn, Mystical Beast of the Forest"" once per turn.",,0.01,0.3,5.0,0.15,0.3,1st Edition,BLAR-EN068,Ultra Rare,EARTH,Beast,Tuner/Effect Monster,400,900,,
218014,Number C92: Heart-eartH Chaos Dragon,Number C92 Heart eartH Chaos Dragon,https://tcgplayer-cdn.tcgplayer.com/product/218014_200w.jpg,2,2660,https://cpt.tcgcsv.com/jdM2,2024-07-26T16:19:05.123,1,"4 Level 10 monsters
<br>Cannot be destroyed by battle. When a monster you control inflicts battle damage to your opponent: You gain Life Points equal to the damage they took. If this card has ""Number 92: Heart-eartH Dragon"" as an Xyz Material, it gains this effect.
<br>• Once per turn: You can detach 1 Xyz Material from this card; negate the effects of all face-up cards your opponent currently controls, until the end of this turn. This activation and effect cannot be negated.",,0.2,0.5,25.0,0.46,0.75,1st Edition,BLAR-EN069,Secret Rare,DARK,Dragon,Xyz/Effect Monster,1000,0,,
218015,Number S39: Utopia the Lightning,Number S39 Utopia the Lightning,https://tcgplayer-cdn.tcgplayer.com/product/218015_200w.jpg,2,2660,https://cpt.tcgcsv.com/kdM2,2023-04-23T09:17:43.377,1,"3 Level 5 LIGHT monsters
<br>You can also Xyz Summon this card by using a Rank 4 ""Utopia"" monster you control as material. (Transfer its materials to this card.) Cannot be used as material for an Xyz Summon. If this card battles, your opponent cannot activate cards or effects until the end of the Damage Step. Once per Chain, during damage calculation, if this card battles an opponent's monster while this card has a ""Utopia"" Xyz Monster as material (Quick Effect): You can detach 2 materials from this card; this card's ATK becomes 5000 during that damage calculation only.",,0.25,0.6,5.0,0.37,,1st Edition,BLAR-EN070,Ultra Rare,LIGHT,Warior,Xyz/Effect Monster,2500,2000,,
218016,Obedience Schooled,Obedience Schooled,https://tcgplayer-cdn.tcgplayer.com/product/218016_200w.jpg,2,2660,https://cpt.tcgcsv.com/ldM2,2022-05-04T09:26:01.227,1,"If you control no monsters: Special Summon 3 Level 2 or lower Beast-Type Effect Monsters with different names from your Deck. Their effects are negated, and they are destroyed during the End Phase. If you activate this card, you cannot Special Summon for the rest of this turn, except Beast-Type monsters.",,0.85,3.87,16.93,1.61,4.22,1st Edition,BLAR-EN071,Ultra Rare,SPELL,,Normal Spell,,,,
218017,Mecha Phantom Beast O-Lion,Mecha Phantom Beast O Lion,https://tcgplayer-cdn.tcgplayer.com/product/218017_200w.jpg,2,2660,https://cpt.tcgcsv.com/mdM2,2020-07-22T20:07:04.573,1,"You can banish this card from your GY; immediately after this effect resolves, Normal Summon 1 ""Mecha Phantom Beast"" monster from your hand. While you control a Token, this card cannot be destroyed by battle or card effects. If this card is sent to the GY: You can Special Summon 1 ""Mecha Phantom Beast Token"" (Machine-Type/WIND/Level 3/ATK 0/DEF 0). You can only use this effect of ""Mecha Phantom Beast O-Lion"" once per turn.",,0.15,0.5,9.99,0.41,,1st Edition,BLAR-EN072,Ultra Rare,WIND,Machine,Tuner Monster,600,1000,,
218018,Madolche Anjelly,Madolche Anjelly,https://tcgplayer-cdn.tcgplayer.com/product/218018_200w.jpg,2,2660,https://cpt.tcgcsv.com/ndM2,2023-02-08T12:30:16.03,1,"If this card in your possession is destroyed by your opponent's card (by battle or card effect) and sent to your GY: Shuffle this card into the Deck. You can Tribute this card; Special Summon 1 ""Madolche"" monster from your Deck, but shuffle it into the Deck during the End Phase of your next turn. You can only use this effect of ""Madolche Anjelly"" once per turn. That Special Summoned monster cannot be destroyed by battle.",,1.0,3.0,29.99,1.74,4.71,1st Edition,BLAR-EN073,Secret Rare,EARTH,Fairy,Effect Monster,1000,1000,,
218019,Artifact Ignition,Artifact Ignition,https://tcgplayer-cdn.tcgplayer.com/product/218019_200w.jpg,2,2660,https://cpt.tcgcsv.com/pdM2,2024-07-26T16:19:05.207,1,"Target 1 Spell/Trap Card on the field; destroy that target, and if you do, Set 1 ""Artifact"" monster directly from your Deck to your Spell & Trap Zone as a Spell Card. If this card in its owner's possession is destroyed by an opponent's card: Your opponent skips their next Battle Phase. (You must have an ""Artifact"" monster in your Main Deck to activate this card.)",,0.91,4.0,22.79,1.97,5.42,1st Edition,BLAR-EN074,Secret Rare,SPELL,,Quick-Play Spell,,,,
218020,Artifact Sanctum,Artifact Sanctum,https://tcgplayer-cdn.tcgplayer.com/product/218020_200w.jpg,2,2660,https://cpt.tcgcsv.com/qdM2,2024-07-26T16:19:05.287,1,"Special Summon 1 ""Artifact"" monster from your Deck. You can only activate 1 ""Artifact Sanctum"" per turn. You cannot conduct your Battle Phase the turn you activate this card. If this card in its owner's possession is destroyed by an opponent's card: You can target 1 card on the field; destroy that target.",,0.27,1.0,12.0,0.57,1.88,1st Edition,BLAR-EN075,Ultra Rare,TRAP,,Normal Trap,,,,
218021,Ra's Disciple,Ras Disciple,https://tcgplayer-cdn.tcgplayer.com/product/218021_200w.jpg,2,2660,https://cpt.tcgcsv.com/rdM2,2024-07-26T16:19:05.353,1,"When this card is Summoned: You can Special Summon up to 2 ""Ra's Disciple"" from your hand and/or Deck. Cannot be Tributed, except for the Tribute Summon of ""Slifer the Sky Dragon"", ""Obelisk the Tormentor"", or ""The Winged Dragon of Ra"". You cannot Special Summon monsters, except by the effect of ""Ra's Disciple"".",,0.11,0.35,4.99,0.23,0.21,1st Edition,BLAR-EN076,Ultra Rare,LIGHT,Fairy,Effect Monster,1100,600,,
218022,Nekroz of Gungnir,Nekroz of Gungnir,https://tcgplayer-cdn.tcgplayer.com/product/218022_200w.jpg,2,2660,https://cpt.tcgcsv.com/sdM2,2020-07-22T20:07:26.043,1,"You can Ritual Summon this card with any ""Nekroz"" Ritual Spell Card. Must be Ritual Summoned, without using any Level 7 monsters, and cannot be Special Summoned by other ways. You can only use each of these effects of ""Nekroz of Gungnir"" once per turn.
<br>• During either player's turn: You can discard this card, then target 1 ""Nekroz"" monster you control; it cannot be destroyed by battle or by card effects this turn.
<br>• During either player's turn: You can discard 1 ""Nekroz"" card, then target 1 card on the field; destroy it.",,0.05,0.25,3.0,0.19,,1st Edition,BLAR-EN077,Ultra Rare,WATER,Spellcaster,Ritual/Effect Monster,2500,1700,,
218023,Galaxy Worm,Galaxy Worm,https://tcgplayer-cdn.tcgplayer.com/product/218023_200w.jpg,2,2660,https://cpt.tcgcsv.com/tdM2,2024-07-26T16:19:05.43,1,"When this card is Normal Summoned while you control no other monsters: You can Special Summon 1 Level 3 or lower ""Galaxy"" Effect Monster from your Deck, but it has its effects negated.",,0.02,0.25,1.99,0.14,0.14,1st Edition,BLAR-EN078,Ultra Rare,LIGHT,Insect,Effect Monster,1200,1000,,
218024,Dragon Buster Destruction Sword,Dragon Buster Destruction Sword,https://tcgplayer-cdn.tcgplayer.com/product/218024_200w.jpg,2,2660,https://cpt.tcgcsv.com/vdM2,2024-07-26T16:19:05.51,1,"You can target 1 ""Buster Blader"" you control; equip this monster from your hand or your side of the field to that target. While this card is equipped to a monster, your opponent cannot Special Summon monsters from the Extra Deck. While this card is equipped to a monster: You can Special Summon this equipped card. You can only use this effect of ""Dragon Buster Destruction Sword"" once per turn.",,0.2,0.77,129.0,0.8,6.63,1st Edition,BLAR-EN079,Ultra Rare,DARK,Dragon,Tuner/Effect Monster,400,300,,
218025,Invoked Caliga,Invoked Caliga,https://tcgplayer-cdn.tcgplayer.com/product/218025_200w.jpg,2,2660,https://cpt.tcgcsv.com/wdM2,2024-07-26T16:19:05.763,1,"""Aleister the Invoker"" + 1 DARK monster
<br>If a player's monster effect attempts to activate, none of that player's monsters can activate their effects for the rest of this turn while this card is face-up on the field. Each player can attack with only 1 monster during each Battle Phase.",,0.24,0.5,4.75,0.41,,1st Edition,BLAR-EN080,Ultra Rare,DARK,Beast,Fusion/Effect Monster,1000,1800,,
218027,Invoked Raidjin,Invoked Raidjin,https://tcgplayer-cdn.tcgplayer.com/product/218027_200w.jpg,2,2660,https://cpt.tcgcsv.com/zdM2,2024-07-26T16:19:05.85,1,"""Aleister the Invoker"" + 1 WIND monster
<br>Once per turn, during either player's turn: You can target 1 face-up monster on the field; change it to face-down Defense Position.",,0.25,0.98,10.0,0.84,0.85,1st Edition,BLAR-EN081,Ultra Rare,WIND,Warrior,Fusion/Effect Monster,2200,2400,,
218028,Invoked Purgatrio,Invoked Purgatrio,https://tcgplayer-cdn.tcgplayer.com/product/218028_200w.jpg,2,2660,https://cpt.tcgcsv.com/BdM2,2024-07-26T16:19:06.3,1,"""Aleister the Invoker"" + 1 FIRE monster
<br>This card gains 200 ATK for each card your opponent controls. This card can attack all monsters your opponent controls, once each. If this card attacks a Defense Position monster, inflict piercing battle damage to your opponent.",,0.05,0.36,2.5,0.36,0.43,1st Edition,BLAR-EN082,Ultra Rare,FIRE,Fiend,Fusion/Effect Monster,2300,2000,,
218029,Invoked Elysium,Invoked Elysium,https://tcgplayer-cdn.tcgplayer.com/product/218029_200w.jpg,2,2660,https://cpt.tcgcsv.com/CdM2,2024-07-26T16:19:06.437,1,"1 ""Invoked"" monster + 1 monster that was Special Summoned from the Extra Deck
<br>Must first be Fusion Summoned with the above Fusion Materials. While face-up on the field, this card is also DARK, EARTH, WATER, FIRE, and WIND-Attribute. Once per turn, during either player's turn: You can target 1 ""Invoked"" monster you control or in your GY; banish it and all monsters your opponent controls with the same Attribute as that monster.",,0.05,0.3,1.99,0.24,0.24,1st Edition,BLAR-EN083,Ultra Rare,LIGHT,Fairy,Fusion/Effect Monster,3200,4000,,
218030,Invocation,Invocation,https://tcgplayer-cdn.tcgplayer.com/product/218030_200w.jpg,2,2660,https://cpt.tcgcsv.com/DdM2,2025-05-05T08:50:28.043,1,"Fusion Summon 1 Fusion Monster from your Extra Deck, using monsters from your hand as Fusion Material. If Summoning an ""Invoked"" Fusion Monster this way, you can also banish monsters from your field and/or either player's GY as Fusion Material. If this card is in your GY: You can target 1 of your banished ""Aleister the Invoker""; shuffle this card into the Deck, and if you do, add that card to your hand. You can only use this effect of ""Invocation"" once per turn.",,1.85,3.39,74.69,3.14,1.85,1st Edition,BLAR-EN084,Secret Rare,SPELL,,Normal Spell,,,,
218031,Chimeratech Megafleet Dragon,Chimeratech Megafleet Dragon,https://tcgplayer-cdn.tcgplayer.com/product/218031_200w.jpg,2,2660,https://cpt.tcgcsv.com/FdM2,2022-08-15T13:25:12.293,1,"1 ""Cyber Dragon"" monster + 1+ monsters in the Extra Monster Zone
<br>Cannot be used as Fusion Material. Must first be Special Summoned (from your Extra Deck) by sending the above cards from either field to the GY. (You do not use ""Polymerization"".) The original ATK of this card becomes 1200 x the number of Fusion Materials used for its Special Summon.",,1.21,3.61,25.0,3.22,3.44,1st Edition,BLAR-EN085,Secret Rare,DARK,Machine,Fusion/Effect Monster,0,0,,
218032,Secure Gardna,Secure Gardna,https://tcgplayer-cdn.tcgplayer.com/product/218032_200w.jpg,2,2660,https://cpt.tcgcsv.com/GdM2,2024-07-26T16:19:06.5,1,"1 Cyberse Link Monster
<br>After this card is Special Summoned, you take no effect damage for the rest of this turn. Once per turn, if you would take battle or effect damage, you take no damage. Cannot be used as Link Material. You can only control 1 ""Secure Gardna"".",,0.14,0.65,4.99,0.45,0.39,1st Edition,BLAR-EN086,Ultra Rare,LIGHT,Cyberse,Link/Effect Monster,1000,,1,Right
218033,Formud Skipper,Formud Skipper,https://tcgplayer-cdn.tcgplayer.com/product/218033_200w.jpg,2,2660,https://cpt.tcgcsv.com/HdM2,2021-12-25T09:30:41.92,1,"During your Main Phase: You can reveal 1 Link Monster in your Extra Deck, and if you do, when you Link Summon this turn, you can treat this card as Link Material with the same name, Type, and Attribute as the revealed monster. If this card is sent to the GY as Link Material: You can add 1 Level 5 or higher Cyberse monster from your Deck to your hand. You can only use each effect of ""Formud Skipper"" once per turn.",,0.1,0.49,4.99,0.27,0.99,1st Edition,BLAR-EN087,Ultra Rare,LIGHT,Cyberse,Effect Monster,0,0,,
218034,Danger!? Jackalope?,Danger Jackalope,https://tcgplayer-cdn.tcgplayer.com/product/218034_200w.jpg,2,2660,https://cpt.tcgcsv.com/JdM2,2023-01-10T05:01:45.633,1,"You can reveal this card in your hand; your opponent randomly chooses 1 card from your entire hand, then you discard the chosen card. Then, if the discarded card was not ""Danger!? Jackalope?"", Special Summon 1 ""Danger!? Jackalope?"" from your hand, and if you do, draw 1 card. If this card is discarded: You can Special Summon 1 ""Danger!"" monster from your Deck in Defense Position, except ""Danger!? Jackalope?"". You can only use this effect of ""Danger!? Jackalope?"" once per turn.",,0.04,1.0,24.99,0.68,1.74,1st Edition,BLAR-EN088,Secret Rare,DARK,Beast,Effect Monster,500,2000,,
218035,Salamangreat Sunlight Wolf,Salamangreat Sunlight Wolf,https://tcgplayer-cdn.tcgplayer.com/product/218035_200w.jpg,2,2660,https://cpt.tcgcsv.com/KdM2,2023-11-16T15:45:26.033,1,"2 FIRE Effect Monsters
<br>If a monster(s) is Normal or Special Summoned to the zone(s) this card points to (except during the Damage Step): You can add 1 FIRE monster from your GY to your hand, but for the rest of this turn, you cannot Normal Summon/Set or Special Summon monsters with the added monster's name. During your Main Phase, if you control this card that was Link Summoned using ""Salamangreat Sunlight Wolf"" as material: You can add 1 ""Salamangreat"" Spell/Trap from your GY to your hand. You can only use each effect of ""Salamangreat Sunlight Wolf"" once per turn.",,0.25,1.39,5.29,0.96,1.75,1st Edition,BLAR-EN089,Ultra Rare,FIRE,Cyberse,Link/Effect Monster,1800,,2,Bottom;Top
218036,Salamangreat Gazelle,Salamangreat Gazelle,https://tcgplayer-cdn.tcgplayer.com/product/218036_200w.jpg,2,2660,https://cpt.tcgcsv.com/LdM2,2024-07-26T16:19:06.547,1,"If a ""Salamangreat"" monster is sent to your GY, except ""Salamangreat Gazelle"" (except during the Damage Step): You can Special Summon this card from your hand. If this card is Normal or Special Summoned: You can send 1 ""Salamangreat"" card from your Deck to the GY, except ""Salamangreat Gazelle"". You can only use each effect of ""Salamangreat Gazelle"" once per turn.",,0.01,0.3,22.0,0.17,0.2,1st Edition,BLAR-EN090,Ultra Rare,FIRE,Cyberse,Effect Monster,1500,1000,,
218037,Topologic Zeroboros,Topologic Zeroboros,https://tcgplayer-cdn.tcgplayer.com/product/218037_200w.jpg,2,2660,https://cpt.tcgcsv.com/MdM2,2024-07-26T16:19:06.61,1,"2+ Effect Monsters
<br>You cannot Summon/Set monsters to any Extra Monster Zone this card points to. Gains 200 ATK for each banished card. If another monster is Special Summoned to a zone a Link Monster points to, while this monster is on the field: Banish all cards on the field. Once per turn, during the Standby Phase of your next turn after this card was banished by its own effect: Special Summon this banished card.",,0.08,0.39,4.99,0.21,0.25,1st Edition,BLAR-EN091,Ultra Rare,DARK,Cyberse,Link/Effect Monster,3000,,4,Bottom-Right;Bottom-Left;Top-Right;Top-Left
218038,Cross-Sheep,Cross Sheep,https://tcgplayer-cdn.tcgplayer.com/product/218038_200w.jpg,2,2660,https://cpt.tcgcsv.com/NdM2,2020-07-22T19:54:05.33,1,"2 monsters with different names
<br>If a monster is Special Summoned to a zone this card points to: You can apply the following effects, in sequence, based on the card types of the monster(s) this card points to.
<br>• Ritual: Draw 2 cards, then discard 2 cards. • Fusion: Special Summon 1 Level 4 or lower monster from your GY. • Synchro: All monsters you control gain 700 ATK. • Xyz: All monsters your opponent controls lose 700 ATK.
You can only use this effect of ""Cross-Sheep"" once per turn.",,0.96,2.27,9.99,1.85,2.98,1st Edition,BLAR-EN092,Ultra Rare,EARTH,Beast,Link/Effect Monster,700,,2,Bottom-Right;Bottom-Left
218039,Ten Thousand Dragon,Ten Thousand Dragon,https://tcgplayer-cdn.tcgplayer.com/product/218039_200w.jpg,2,2660,https://cpt.tcgcsv.com/PdM2,2022-05-10T13:08:38.663,1,"Cannot be Normal Summoned/Set. Must be Special Summoned by Tributing monsters you control whose combined ATK & DEF is 10,000 or more. If Summoned this way, the ATK/DEF of this card becomes 10,000.",,499.99,729.48,3200.0,725.35,,1st Edition,BLAR-EN10K,10000 Secret Rare,DARK,Dragon,Effect Monster,,,,
221138,Battles of Legend: Armageddon Booster Box Case [1st Edition],Battles of Legend Armageddon Booster Box Case 1st Edition,https://tcgplayer-cdn.tcgplayer.com/product/221138_200w.jpg,2,2660,https://cpt.tcgcsv.com/NsN2,2020-09-22T19:11:14.367,1,Each case contains 12 boxes. Each box contains 24 packs. Each 5-card pack contains 4 Ultra Rares and 1 Secret Rare.,083717850434,6500.0,7499.48,24999.0,,,Normal,,,,,,,,,
478344,Battles of Legend: Armageddon Blister Pack [1st Edition],Battles of Legend Armageddon Blister Pack 1st Edition,https://tcgplayer-cdn.tcgplayer.com/product/478344_200w.jpg,2,2660,https://cpt.tcgcsv.com/VlR5,2023-01-17T21:30:57.22,1,"Each Battles of Legend: Armageddon Blister Pack contains 1 Booster Pack, each containing 9 cards.",,20.95,22.43,23.9,23.95,,Normal,,,,,,,,,
