productId,name,cleanName,imageUrl,categoryId,groupId,url,modifiedOn,imageCount,extDescription,extUPC,lowPrice,midPrice,highPrice,marketPrice,directLowPrice,subTypeName,extNumber,extRarity,extAttribute,extCardType,extMonsterType,extAttack,extDefense,extLinkRating,extLinkArrows
243715,Burst of Destiny Booster Pack [1st Edition],Burst of Destiny Booster Pack 1st Edition,https://tcgplayer-cdn.tcgplayer.com/product/243715_200w.jpg,2,2879,https://cpt.tcgcsv.com/kvZ2,2021-11-05T04:03:15.58,1,Each pack contains 9 random cards.,083717854661,1.5,2.0,5.74,1.79,,Normal,,,,,,,,,
243716,Burst of Destiny Booster Box [1st Edition],Burst of Destiny Booster Box 1st Edition,https://tcgplayer-cdn.tcgplayer.com/product/243716_200w.jpg,2,2879,https://cpt.tcgcsv.com/lvZ2,2021-11-05T04:03:15.58,1,Each box contains 24 packs of 9 random cards.,083717854678,31.0,69.85,99.99,38.99,,Normal,,,,,,,,,
251927,Burst of Destiny Blister Pack [1st Edition],Burst of Destiny Blister Pack 1st Edition,https://tcgplayer-cdn.tcgplayer.com/product/251927_200w.jpg,2,2879,https://cpt.tcgcsv.com/zN03,2021-11-05T04:03:15.58,1,"Each Burst of Destiny Blister Pack contains 1 Booster Pack, each containing 9 cards.",083717854661,6.99,11.25,14.25,12.5,,Normal,,,,,,,,,
252533,Heritage of the Light,Heritage of the Light,https://tcgplayer-cdn.tcgplayer.com/product/252533_200w.jpg,2,2879,https://cpt.tcgcsv.com/H023,2024-07-26T16:47:42.71,1,"If a monster is Ritual, Fusion, Synchro, or Xyz Summoned, while a monster with the same card type (Ritual, Fusion, Synchro, or Xyz) is on the field: You can draw 1 card. You can only use this effect of ""Heritage of the Light"" once per turn.",,0.01,0.15,1.5,0.07,0.01,1st Edition,BODE-EN000,Common,SPELL,Continuous Spell,,,,,
252534,Rokket Caliber,Rokket Caliber,https://tcgplayer-cdn.tcgplayer.com/product/252534_200w.jpg,2,2879,https://cpt.tcgcsv.com/J023,2022-05-12T16:19:57.27,1,"You can Special Summon this card (from your hand) to your zone a DARK Link Monster points to. You can only Special Summon ""Rokket Caliber"" once per turn this way. You can Tribute this card; Special Summon 1 DARK Dragon or Machine monster from your hand, except ""Rokket Caliber"". You can only use this effect of ""Rokket Caliber"" once per turn.",,0.25,0.99,11.5,0.88,2.19,1st Edition,BODE-EN001,Ultra Rare,DARK,Tuner/Effect Monster,Dragon,1700,100,,
252535,Double Disruptor Dragon,Double Disruptor Dragon,https://tcgplayer-cdn.tcgplayer.com/product/252535_200w.jpg,2,2879,https://cpt.tcgcsv.com/K023,2024-07-26T16:47:42.773,1,"You can Tribute this card, then target 2 ""Rokket"" monsters in your GY with different names; Special Summon them in Defense Position. You can banish this card from your GY; add 1 ""Rapid Trigger"" or ""Heavy Interlock"" from your Deck or GY to your hand. You can only use each effect of ""Double Disruptor Dragon"" once per turn.",,0.05,0.3,2.0,0.26,0.22,1st Edition,BODE-EN002,Super Rare,DARK,Effect Monster,Dragon,2500,1500,,
252536,Swordsoul of Mo Ye,Swordsoul of Mo Ye,https://tcgplayer-cdn.tcgplayer.com/product/252536_200w.jpg,2,2879,https://cpt.tcgcsv.com/L023,2022-12-15T15:12:54.413,1,"If this card is Normal or Special Summoned: You can reveal 1 ""Swordsoul"" card or 1 Wyrm monster in your hand; Special Summon 1 ""Swordsoul Token"" (Wyrm/Tuner/WATER/Level 4/ATK 0/DEF 0). While that Token is in the Monster Zone, the player who Summoned it cannot Special Summon monsters from the Extra Deck, except Synchro Monsters. If this card is sent to the GY as Synchro Material: You can draw 1 card. You can only use each effect of ""Swordsoul of Mo Ye"" once per turn.",,2.56,3.69,35.0,2.74,2.66,1st Edition,BODE-EN003,Secret Rare,WATER,Effect Monster,Wyrm,1700,1800,,
252537,Swordsoul of Taia,Swordsoul of Taia,https://tcgplayer-cdn.tcgplayer.com/product/252537_200w.jpg,2,2879,https://cpt.tcgcsv.com/M023,2022-10-23T10:22:15.54,1,"You can banish 1 ""Swordsoul"" card or 1 Wyrm monster from your GY; Special Summon 1 ""Swordsoul Token"" (Wyrm/Tuner/WATER/Level 4/ATK 0/DEF 0). While that Token is in the Monster Zone, the player who Summoned it cannot Special Summon monsters from the Extra Deck, except Synchro Monsters. If this card is sent to the GY as Synchro Material: You can send 1 ""Swordsoul"" card or 1 Wyrm monster from your Deck to the GY. You can only use each effect of ""Swordsoul of Taia"" once per turn.",,0.08,0.4,2.5,0.24,,1st Edition,BODE-EN004,Super Rare,WIND,Effect Monster,Wyrm,1800,1500,,
252538,Swordsoul Strategist Longyuan,Swordsoul Strategist Longyuan,https://tcgplayer-cdn.tcgplayer.com/product/252538_200w.jpg,2,2879,https://cpt.tcgcsv.com/N023,2021-11-05T04:03:15.58,1,"You can discard 1 other ""Swordsoul"" card or 1 other Wyrm monster; Special Summon this card from your hand, then you can Special Summon 1 ""Swordsoul Token"" (Wyrm/Tuner/WATER/Level 4/ATK 0/DEF 0). While that Token is in the Monster Zone, the player who Summoned it cannot Special Summon monsters from the Extra Deck, except Synchro Monsters. If this card is sent to the GY as Synchro Material: You can inflict 1200 damage to your opponent. You can only use each effect of ""Swordsoul Strategist Longyuan"" once per turn.",,0.23,0.84,24.99,0.45,0.43,1st Edition,BODE-EN005,Ultra Rare,FIRE,Effect Monster,Wyrm,1200,2300,,
252539,Swordsoul Auspice Chunjun,Swordsoul Auspice Chunjun,https://tcgplayer-cdn.tcgplayer.com/product/252539_200w.jpg,2,2879,https://cpt.tcgcsv.com/P023,2024-07-26T16:47:42.83,1,"Before damage calculation, if your Wyrm monster battles an opponent's monster that was Special Summoned from the Extra Deck: You can destroy both that opponent's monster and this card. You can only use each of the following effects of ""Swordsoul Auspice Chunjun"" once per turn. During the Main Phase (Quick Effect): You can Tribute 1 monster; Special Summon this card from your hand. If this card is sent to the GY as Synchro Material: You can target 1 card on the field or in either GY; banish it.",,0.05,0.25,2.0,0.16,0.1,1st Edition,BODE-EN006,Super Rare,EARTH,Effect Monster,Wyrm,2400,1800,,
252540,"Incredible Ecclesia, the Virtuous",Incredible Ecclesia the Virtuous,https://tcgplayer-cdn.tcgplayer.com/product/252540_200w.jpg,2,2879,https://cpt.tcgcsv.com/Q023,2024-01-14T09:34:33.7,1,"If your opponent controls more monsters than you do, you can Special Summon this card (from your hand). You can only Special Summon ""Incredible Ecclesia, the Virtuous"" once per turn this way. You can only use each of the following effects of ""Incredible Ecclesia, the Virtuous"" once per turn. During the Main Phase (Quick Effect): You can Tribute this card; Special Summon 1 ""Swordsoul"" monster or 1 ""Fallen of Albaz"" from your hand or Deck. During the End Phase, if a Fusion Monster(s) was sent to your GY this turn: Add this card from the GY to your hand.",,2.49,4.5,100.0,3.34,5.1,1st Edition,BODE-EN007,Secret Rare,LIGHT,Tuner/Effect Monster,Spellcaster,1500,1500,,
252541,Icejade Acti,Icejade Acti,https://tcgplayer-cdn.tcgplayer.com/product/252541_200w.jpg,2,2879,https://cpt.tcgcsv.com/R023,2024-07-26T16:47:42.86,1,"If this card is Normal or Special Summoned: You can send 1 WATER monster from your hand to the GY; draw 1 card. If a face-up WATER monster(s) you control is destroyed by battle or card effect, while this card is in your GY: You can banish this card; Special Summon 1 ""Icejade"" monster from your hand or GY, except ""Icejade Acti"". You can only use each effect of ""Icejade Acti"" once per turn.",,0.02,0.17,1.53,0.06,0.05,1st Edition,BODE-EN008,Common,WATER,Effect Monster,Aqua,1000,1000,,
252542,Icejade Tinola,Icejade Tinola,https://tcgplayer-cdn.tcgplayer.com/product/252542_200w.jpg,2,2879,https://cpt.tcgcsv.com/S023,2025-01-05T11:21:24.397,1,"You can send 1 card from your hand to the GY, then target 1 WATER monster in your GY; send this card from the field to the GY, and if you do, Special Summon the targeted monster. If a face-up WATER monster(s) you control is destroyed by battle or card effect, while this card is in your GY: You can banish this card; Special Summon 1 ""Icejade"" monster from your hand or GY, except ""Icejade Tinola"". You can only use each effect of ""Icejade Tinola"" once per turn.",,0.01,0.15,1.49,0.06,0.15,1st Edition,BODE-EN009,Common,WATER,Effect Monster,Aqua,1000,1000,,
252543,Icejade Tremora,Icejade Tremora,https://tcgplayer-cdn.tcgplayer.com/product/252543_200w.jpg,2,2879,https://cpt.tcgcsv.com/T023,2024-09-22T09:15:11.86,1,"You can send this card from your hand to the GY; Special Summon 1 WATER monster from your hand. If a face-up WATER monster(s) you control is destroyed by battle or card effect, while this card is in your GY: You can banish this card; Special Summon 1 ""Icejade"" monster from your hand or GY, except ""Icejade Tremora"". You can only use each effect of ""Icejade Tremora"" once per turn.",,0.75,1.5,25.0,1.21,1.33,1st Edition,BODE-EN010,Secret Rare,WATER,Effect Monster,Aqua,1500,1500,,
252544,Ad Libitum of Despia,Ad Libitum of Despia,https://tcgplayer-cdn.tcgplayer.com/product/252544_200w.jpg,2,2879,https://cpt.tcgcsv.com/V023,2024-07-26T16:47:42.957,1,"During your Main Phase: You can make all monsters currently on the field gain ATK equal to their own Level x 100, until the end of the opponent's turn. If this card in your hand or field is used as Fusion Material, and sent to the GY or banished: You can target 1 of your ""Despia"" monsters or Level 8 or higher Fusion Monsters, that is banished or in your GY, except ""Ad Libitum of Despia""; Special Summon it. You can only use each effect of ""Ad Libitum of Despia"" once per turn.",,0.2,0.5,3.0,0.41,0.67,1st Edition,BODE-EN011,Super Rare,DARK,Effect Monster,Fairy,1500,2000,,
252545,Floowandereeze & Snowl,Floowandereeze and Snowl,https://tcgplayer-cdn.tcgplayer.com/product/252545_200w.jpg,2,2879,https://cpt.tcgcsv.com/W023,2023-04-16T11:17:48.723,1,"Once per turn, while you control this Tribute Summoned card: You can conduct up to 3 Normal Summons/Sets this turn, not just 1. While this Tribute Summoned card is in the Monster Zone, if your monster attacks a Defense Position monster, inflict piercing battle damage to your opponent. Once per opponent's turn (Quick Effect): You can banish 1 card from your hand; change all Special Summoned monsters your opponent controls to face-down Defense Position.",,0.43,1.31,20.0,0.78,0.49,1st Edition,BODE-EN012,Secret Rare,WATER,Effect Monster,Winged Beast,2900,800,,
252546,Floowandereeze & Snowl (Starlight Rare),Floowandereeze and Snowl Starlight Rare,https://tcgplayer-cdn.tcgplayer.com/product/252546_200w.jpg,2,2879,https://cpt.tcgcsv.com/X023,2022-01-17T12:09:23.637,1,"Once per turn, while you control this Tribute Summoned card: You can conduct up to 3 Normal Summons/Sets this turn, not just 1. While this Tribute Summoned card is in the Monster Zone, if your monster attacks a Defense Position monster, inflict piercing battle damage to your opponent. Once per opponent's turn (Quick Effect): You can banish 1 card from your hand; change all Special Summoned monsters your opponent controls to face-down Defense Position.",,18.4,25.25,299.99,21.8,20.49,1st Edition,BODE-EN012,Starlight Rare,WATER,Effect Monster,Winged Beast,2900,800,,
252547,Floowandereeze & Robina,Floowandereeze and Robina,https://tcgplayer-cdn.tcgplayer.com/product/252547_200w.jpg,2,2879,https://cpt.tcgcsv.com/Z023,2024-03-08T09:34:29.36,1,"If this face-up card would leave the field, banish it instead. You can only use each of the following effects of ""Floowandereeze & Robina"" once per turn, and cannot Special Summon during the turn you activate either effect. If this card is Normal Summoned: You can add 1 Level 4 or lower Winged Beast monster from your Deck to your hand, then immediately after this effect resolves, you can Normal Summon 1 Winged Beast monster. If a Winged Beast monster is Normal Summoned to your field while this card is banished: You can add this card to your hand.",,0.24,0.87,4.96,0.77,1.58,1st Edition,BODE-EN013,Super Rare,WATER,Effect Monster,Winged Beast,600,1200,,
252548,Floowandereeze & Eglen,Floowandereeze and Eglen,https://tcgplayer-cdn.tcgplayer.com/product/252548_200w.jpg,2,2879,https://cpt.tcgcsv.com/-023,2024-06-05T13:39:12.417,1,"If this face-up card would leave the field, banish it instead. You can only use each of the following effects of ""Floowandereeze & Eglen"" once per turn, and cannot Special Summon during the turn you activate either effect. If this card is Normal Summoned: You can add 1 Level 7 or higher Winged Beast monster from your Deck to your hand, then immediately after this effect resolves, you can Normal Summon 1 Winged Beast monster. If a Winged Beast monster is Normal Summoned to your field while this card is banished: You can add this card to your hand.",,0.15,0.8,4.79,0.51,0.86,1st Edition,BODE-EN014,Super Rare,WIND,Effect Monster,Winged Beast,800,1000,,
252549,Floowandereeze & Stri,Floowandereeze and Stri,https://tcgplayer-cdn.tcgplayer.com/product/252549_200w.jpg,2,2879,https://cpt.tcgcsv.com/_023,2024-07-26T16:47:43.003,1,"If this face-up card would leave the field, banish it instead. You can only use each of the following effects of ""Floowandereeze & Stri"" once per turn, and cannot Special Summon during the turn you activate either effect. If this card is Normal Summoned: You can target 1 card in either GY; banish it, then immediately after this effect resolves, you can Normal Summon 1 Winged Beast monster. If a Winged Beast monster is Normal Summoned to your field while this card is banished: You can add this card to your hand.",,0.03,0.25,1.99,0.08,0.05,1st Edition,BODE-EN015,Common,WATER,Effect Monster,Winged Beast,700,1100,,
252550,Floowandereeze & Toccan,Floowandereeze and Toccan,https://tcgplayer-cdn.tcgplayer.com/product/252550_200w.jpg,2,2879,https://cpt.tcgcsv.com/0223,2024-07-26T16:47:43.08,1,"If this face-up card would leave the field, banish it instead. You can only use each of the following effects of ""Floowandereeze & Toccan"" once per turn, and cannot Special Summon during the turn you activate either effect. If this card is Normal Summoned: You can target 1 of your banished ""Floowandereeze"" cards; add it to your hand, then immediately after this effect resolves, you can Normal Summon 1 Winged Beast monster. If a Winged Beast monster is Normal Summoned to your field while this card is banished: You can add this card to your hand.",,0.01,0.22,1.5,0.09,0.1,1st Edition,BODE-EN016,Common,WIND,Effect Monster,Winged Beast,500,1300,,
252551,Floowandereeze & Empen,Floowandereeze and Empen,https://tcgplayer-cdn.tcgplayer.com/product/252551_200w.jpg,2,2879,https://cpt.tcgcsv.com/2223,2023-09-06T10:08:05.96,1,"If this card is Tribute Summoned: You can add 1 ""Floowandereeze"" Spell/Trap from your Deck to your hand, then immediately after this effect resolves, you can Normal Summon 1 monster. While this Tribute Summoned card is in the Monster Zone, your opponent cannot activate the effects of Special Summoned monsters they control in Attack Position. Once per battle, during damage calculation, if this card battles an opponent's monster (Quick Effect): You can banish 1 card from your hand; that opponent's monster's current ATK/DEF become halved until the end of this turn.",,1.2,2.7,24.94,1.64,1.51,1st Edition,BODE-EN017,Secret Rare,WIND,Effect Monster,Winged Beast,2700,1000,,
252552,Floowandereeze & Empen (BODE-ENSP1),Floowandereeze and Empen BODE ENSP1,https://tcgplayer-cdn.tcgplayer.com/product/252552_200w.jpg,2,2879,https://cpt.tcgcsv.com/3223,2023-05-21T11:41:10.577,1,"If this card is Tribute Summoned: You can add 1 ""Floowandereeze"" Spell/Trap from your Deck to your hand, then immediately after this effect resolves, you can Normal Summon 1 monster. While this Tribute Summoned card is in the Monster Zone, your opponent cannot activate the effects of Special Summoned monsters they control in Attack Position. Once per battle, during damage calculation, if this card battles an opponent's monster (Quick Effect): You can banish 1 card from your hand; that opponent's monster's current ATK/DEF become halved until the end of this turn.",,4.95,5.75,22.53,5.08,9.01,Limited,BODE-ENSP1,Ultra Rare,WIND,Effect Monster,Winged Beast,2700,1000,,
252553,Destiny HERO - Denier,Destiny HERO Denier,https://tcgplayer-cdn.tcgplayer.com/product/252553_200w.jpg,2,2879,https://cpt.tcgcsv.com/5223,2025-07-07T20:23:24.837,1,"If this card is Normal or Special Summoned: You can take 1 of your ""Destiny HERO"" monsters from your Deck, GY, or that is banished, and place it on top of your Deck. You can only use this effect of ""Destiny HERO - Denier"" once per turn. If you have a ""Destiny HERO"" monster on your field or in your GY, other than ""Destiny HERO - Denier"": You can Special Summon this card from your GY. You can only use this effect of ""Destiny HERO - Denier"" once per Duel.",,0.1,0.5,4.99,0.47,0.49,1st Edition,BODE-EN018,Super Rare,DARK,Effect Monster,Warrior,1100,600,,
252554,Reptilianne Nyami,Reptilianne Nyami,https://tcgplayer-cdn.tcgplayer.com/product/252554_200w.jpg,2,2879,https://cpt.tcgcsv.com/6223,2024-07-26T16:47:43.16,1,"During the Main Phase, if you have a Reptile monster in your GY (Quick Effect): You can send this card from your hand to the GY, then target 1 face-up monster your opponent controls; change its ATK to 0. If your opponent controls a monster with 0 ATK: You can Special Summon this card from your GY. You can only use 1 ""Reptilianne Nyami"" effect per turn, and only once that turn.",,0.01,0.15,1.5,0.07,0.05,1st Edition,BODE-EN019,Common,DARK,Effect Monster,Reptile,200,0,,
252555,Reptilianne Coatl,Reptilianne Coatl,https://tcgplayer-cdn.tcgplayer.com/product/252555_200w.jpg,2,2879,https://cpt.tcgcsv.com/7223,2024-07-26T16:47:43.19,1,"If you control a DARK Reptile monster: You can Special Summon this card from your hand, then, if your opponent controls any monsters with 0 ATK, you can Special Summon up to an equal number of ""Reptilianne"" monsters from your hand. You can only use this effect of ""Reptilianne Coatl"" once per turn. If this card you control would be used as Synchro Material for a Reptile monster, you can treat it as a non-Tuner.",,0.02,0.18,1.49,0.07,0.03,1st Edition,BODE-EN020,Common,DARK,Tuner/Effect Monster,Reptile,1400,1000,,
252556,Maginificent Magikey Mafteal,Maginificent Magikey Mafteal,https://tcgplayer-cdn.tcgplayer.com/product/252556_200w.jpg,2,2879,https://cpt.tcgcsv.com/8223,2024-07-26T16:47:43.223,1,"Cannot be used as material for a Synchro or Xyz Summon, except for the Synchro or Xyz Summon of a ""Magikey"" monster. If you control a ""Magikey"" monster: You can reveal this card in your hand; you can Normal Summon 1 ""Magikey"" monster during your Main Phase this turn, in addition to your Normal Summon/Set. (You can only gain this effect once per turn.) When this card is Normal Summoned: You can target 1 Level 4 or lower Normal Monster, or Level 4 or lower ""Magikey"" monster, in your GY; Special Summon it in Defense Position. You can only use this effect of ""Maginificent Magikey Mafteal"" once per turn.",,0.01,0.15,1.49,0.04,0.01,1st Edition,BODE-EN021,Common,LIGHT,Tuner/Effect Monster,Fiend,1600,1600,,
252557,Gunkan Suship Uni,Gunkan Suship Uni,https://tcgplayer-cdn.tcgplayer.com/product/252557_200w.jpg,2,2879,https://cpt.tcgcsv.com/9223,2024-07-26T16:47:43.253,1,"You can reveal 1 other ""Gunkan"" card in your hand; Special Summon this card from your hand, then apply the following effect based on the revealed card.
<br>• ""Gunkan Suship Shari"": You can Special Summon the revealed monster.
<br>• Other: Place the revealed card on the bottom of the Deck.
<br>You can target 1 ""Gunkan"" monster you control: Change its Level to 4 or 5, then you can add 1 ""Gunkan Suship Shari"" from your Deck to your hand.
<br>You can only use each effect of ""Gunkan Suship Uni"" once per turn.",,0.03,0.19,1.49,0.08,0.13,1st Edition,BODE-EN022,Common,FIRE,Effect Monster,Aqua,900,500,,
252558,Gunkan Suship Shirauo,Gunkan Suship Shirauo,https://tcgplayer-cdn.tcgplayer.com/product/252558_200w.jpg,2,2879,https://cpt.tcgcsv.com/b223,2024-07-26T16:47:43.3,1,"If you control a ""Gunkan Suship Shari"", or an Xyz Monster that has ""Gunkan Suship Shari"" as material: You can Special Summon this card from your hand. During your Main Phase: You can Special Summon 1 ""Gunkan"" monster from your hand, except ""Gunkan Suship Shirauo"", then you can take any number of ""Gunkan Suship Shari"" from your Deck or GY and place them on top of your Deck in any order. You can only use each effect of ""Gunkan Suship Shirauo"" once per turn.",,0.01,0.19,1.49,0.08,,1st Edition,BODE-EN023,Common,FIRE,Effect Monster,Aqua,200,250,,
252559,Penguin Squire,Penguin Squire,https://tcgplayer-cdn.tcgplayer.com/product/252559_200w.jpg,2,2879,https://cpt.tcgcsv.com/c223,2024-07-26T16:47:43.363,1,"Cannot be used as Synchro Material, except for the Synchro Summon of a WATER monster. If a monster is Set on your field (except during the Damage Step): You can Special Summon this card from your hand, then you can reduce its Level by 1 or 2. You can target 1 face-down Defense Position monster you control; change it to face-up Defense Position, and if you do, its effects are negated unless it is a ""Penguin"" monster. You can only use each effect of ""Penguin Squire"" once per turn.",,0.01,0.19,1.99,0.1,0.04,1st Edition,BODE-EN024,Common,WATER,Tuner/Effect Monster,Aqua,1800,600,,
252560,Penguin Ninja,Penguin Ninja,https://tcgplayer-cdn.tcgplayer.com/product/252560_200w.jpg,2,2879,https://cpt.tcgcsv.com/d223,2024-07-26T16:47:43.41,1,"FLIP: You can target up to 2 Spells/Traps your opponent controls; return them to the hand.
<br>You can target 1 ""Penguin"" monster you control; change it to face-down Defense Position. You can only use this effect of ""Penguin Ninja"" once per turn.",,0.01,0.15,1.5,0.11,0.05,1st Edition,BODE-EN025,Common,WATER,Flip/Effect Monster,Aqua,1400,700,,
252561,Penguin Cleric,Penguin Cleric,https://tcgplayer-cdn.tcgplayer.com/product/252561_200w.jpg,2,2879,https://cpt.tcgcsv.com/f223,2024-07-26T16:47:43.443,1,"If a ""Penguin"" monster(s) is sent from your Monster Zone to your GY by an opponent's card, even during the Damage Step: You can target 1 of them; discard this card, and if you do, Special Summon that monster in face-down Defense Position. You can only use this effect of ""Penguin Cleric"" once per turn. Once per turn: You can target 1 ""Penguin"" monster you control; it gains 600 ATK until the end of the turn, and you gain 600 LP.",,0.01,0.15,1.53,0.08,,1st Edition,BODE-EN026,Common,WATER,Effect Monster,Aqua,600,1700,,
252562,Starry Knight Orbitael,Starry Knight Orbitael,https://tcgplayer-cdn.tcgplayer.com/product/252562_200w.jpg,2,2879,https://cpt.tcgcsv.com/g223,2021-11-05T04:03:15.58,1,"(Quick Effect): You can target 1 LIGHT monster you control; Tribute it, and if you do, Set 1 ""Starry Knight"" Spell/Trap directly from your Deck. If a face-up Level 7 LIGHT Dragon monster you control returns to the hand, while this card is in your GY (except during the Damage Step): You can Special Summon this card. You can only use each effect of ""Starry Knight Orbitael"" once per turn.",,0.01,0.15,1.5,0.1,0.05,1st Edition,BODE-EN027,Common,LIGHT,Effect Monster,Fairy,400,2100,,
252563,Machina Ruinforce,Machina Ruinforce,https://tcgplayer-cdn.tcgplayer.com/product/252563_200w.jpg,2,2879,https://cpt.tcgcsv.com/h223,2025-07-07T20:24:24.297,1,"Cannot be Normal Summoned/Set. Must be Special Summoned (from your GY) by banishing Machine monsters from your GY whose total Levels equal 12 or more. When your opponent activates a card or effect during the Battle Phase (Quick Effect): You can pay half your LP; negate that activation, and if you do, halve your opponent's LP. If this card is destroyed by battle or card effect: You can Special Summon up to 3 of your banished ""Machina"" monsters, whose total Levels equal 12 or less. You can only use each effect of ""Machina Ruinforce"" once per turn.",,0.08,0.5,8.0,0.39,0.38,1st Edition,BODE-EN028,Ultra Rare,DARK,Effect Monster,Machine,4600,4100,,
252564,Mimicking Man-Eater Bug,Mimicking Man Eater Bug,https://tcgplayer-cdn.tcgplayer.com/product/252564_200w.jpg,2,2879,https://cpt.tcgcsv.com/j223,2024-07-26T16:47:43.49,1,"FLIP: Target 1 monster on the field; destroy it, and if you do, this card gains ATK equal to that monster's original ATK, then you can change this card's Type to that monster's original Type.
<br>Cannot be destroyed by battle. Cannot be destroyed by the effects of monsters with its same Type.",,0.01,0.19,1.49,0.09,0.21,1st Edition,BODE-EN029,Common,EARTH,Flip/Effect Monster,Insect,450,600,,
252565,Lord of the Heavenly Prison,Lord of the Heavenly Prison,https://tcgplayer-cdn.tcgplayer.com/product/252565_200w.jpg,2,2879,https://cpt.tcgcsv.com/k223,2023-03-24T17:28:59.353,1,"During your Main Phase: You can activate this effect; this card in your hand becomes revealed until the end of your opponent's turn. While this card is revealed by this effect, Set cards on the field cannot be destroyed by card effects. If a Set Spell/Trap Card is activated (except during the Damage Step): You can Special Summon this card from your hand, then, if you activated this effect while this card was revealed, you can reveal and Set 1 Spell/Trap directly from your Deck, but banish it during the End Phase of the next turn. You can only use 1 ""Lord of the Heavenly Prison"" effect per turn, and only once that turn.",,0.49,1.24,45.0,0.77,0.49,1st Edition,BODE-EN030,Secret Rare,DARK,Effect Monster,Rock,3000,3000,,
252567,Fengli the Soldrapom,Fengli the Soldrapom,https://tcgplayer-cdn.tcgplayer.com/product/252567_200w.jpg,2,2879,https://cpt.tcgcsv.com/m223,2024-07-26T16:47:43.537,1,"If this card is sent from the Deck to your GY by a monster effect: You can Special Summon this card, then, if you control another Plant monster, you can halve the ATK/DEF of 1 monster on the field. You can only use this effect of ""Fengli the Soldrapom"" once per turn. Once per turn, if this card on the field would be destroyed by battle or card effect, you can send 1 Plant monster from your Deck to the GY instead.",,0.01,0.15,1.5,0.11,0.05,1st Edition,BODE-EN031,Common,FIRE,Tuner/Effect Monster,Plant,800,0,,
252568,Geminize Lord Golknight,Geminize Lord Golknight,https://tcgplayer-cdn.tcgplayer.com/product/252568_200w.jpg,2,2879,https://cpt.tcgcsv.com/n223,2024-07-26T16:47:43.583,1,"This card is treated as a Normal Monster while face-up on the field or in the GY. While this card is a Normal Monster on the field, you can Normal Summon it to have it become an Effect Monster with these effects.
<br>• If this card is Normal or Special Summoned: You can add 1 Spell/Trap from your Deck to your hand that has ""Gemini monster"" in its text. You can only use this effect of ""Geminize Lord Golknight"" once per turn.
<br>• This card becomes a Machine monster, also it gains 500 ATK.",,0.01,0.15,1.49,0.06,0.03,1st Edition,BODE-EN032,Common,EARTH,Gemini/Effect Monster,Warrior,1500,500,,
252569,Undaunted Bumpkin Beast,Undaunted Bumpkin Beast,https://tcgplayer-cdn.tcgplayer.com/product/252569_200w.jpg,2,2879,https://cpt.tcgcsv.com/p223,2024-07-26T16:47:43.613,1,"During the Main Phase, if your opponent Special Summoned 3 or more monsters this turn (Quick Effect): You can Special Summon this card from your hand or GY. You can only use this effect of ""Undaunted Bumpkin Beast"" once per turn. While you control no other monsters, this Attack Position card cannot be destroyed by battle.",,0.01,0.15,1.5,0.05,0.01,1st Edition,BODE-EN033,Common,FIRE,Effect Monster,Beast,900,2000,,
252570,Meowseclick,Meowseclick,https://tcgplayer-cdn.tcgplayer.com/product/252570_200w.jpg,2,2879,https://cpt.tcgcsv.com/q223,2024-07-26T16:47:43.647,1,"If a Field Spell Card is activated: You can Special Summon this card from your hand, then, if face-up cards are in both Field Zones, this card cannot be destroyed by battle or card effects this turn. You can only use this effect of ""Meowseclick"" once per turn. During your turn, the effects of the face-up card in your opponent's Field Zone are negated. During your opponent's turn, the effects of the face-up card in your Field Zone are negated.",,0.04,0.25,2.0,0.14,0.05,1st Edition,BODE-EN034,Super Rare,EARTH,Effect Monster,Cyberse,1400,1100,,
252571,Outstanding Dog Mary,Outstanding Dog Mary,https://tcgplayer-cdn.tcgplayer.com/product/252571_200w.jpg,2,2879,https://cpt.tcgcsv.com/r223,2024-07-26T16:47:43.693,1,"If this card is sent to the GY: You can activate 1 of these effects;
<br>• Place this card on the bottom of your Deck.
<br>• Add 1 ""Outstanding Dog Marron"" from your Deck to your hand, and if you do, place this card on top of your Deck.
<br>You can only use this effect of ""Outstanding Dog Mary"" once per turn.",,0.01,0.15,1.5,0.08,0.05,1st Edition,BODE-EN035,Common,LIGHT,Effect Monster,Beast,100,100,,
252574,Borreload Riot Dragon,Borreload Riot Dragon,https://tcgplayer-cdn.tcgplayer.com/product/252574_200w.jpg,2,2879,https://cpt.tcgcsv.com/v223,2024-07-26T16:47:43.723,1,"You can Ritual Summon this card with ""Heavy Interlock"". When your opponent Special Summons a monster(s) (Quick Effect): You can negate the Special Summon, and if you do, destroy that monster(s), then destroy this card or 1 ""Rokket"" monster you control. If this card is in your GY: You can target 1 ""Borrel"" or ""Rokket"" monster in your GY; destroy 1 card you control or in your hand, and if you do, add that target to your hand. You can only use each effect of ""Borreload Riot Dragon"" once per turn.",,0.4,0.67,8.43,0.54,,1st Edition,BODE-EN036,Ultra Rare,DARK,Ritual/Effect Monster,Dragon,3000,2500,,
252576,Transonic Bird,Transonic Bird,https://tcgplayer-cdn.tcgplayer.com/product/252576_200w.jpg,2,2879,https://cpt.tcgcsv.com/x223,2024-07-26T16:47:43.753,1,"You can Ritual Summon this card with ""Sonic Tracker"". Once per turn: You can reveal 1 Ritual Spell in your hand, add 1 Ritual Monster from your Deck to your hand whose name is listed on that card, and if you do, shuffle the revealed card into the Deck. Once per opponent's turn (Quick Effect): You can send 1 Ritual Spell from your Deck to the GY; this effect becomes that card's effect that Ritual Summons a monster when the card is activated. If this Ritual Summoned card is Tributed: You can target 1 face-up card your opponent controls; negate its effects until the end of this turn.",,0.01,0.12,1.5,0.07,,1st Edition,BODE-EN037,Common,DARK,Ritual/Effect Monster,Winged Beast,0,2400,,
252577,Masquerade the Blazing Dragon,Masquerade the Blazing Dragon,https://tcgplayer-cdn.tcgplayer.com/product/252577_200w.jpg,2,2879,https://cpt.tcgcsv.com/z223,2022-07-18T13:43:10.787,1,"1 ""Despia"" monster + 1 LIGHT or DARK monster
<br>While you control this Fusion Summoned card, your opponent must pay 600 LP to activate cards or effects. If your opponent controls a Ritual, Fusion, Synchro, Xyz, or Link Monster, while this card is in your GY (Quick Effect): You can Special Summon this card, but banish it when it leaves the field. You can only use this effect of ""Masquerade the Blazing Dragon"" once per turn.",,0.1,0.53,42.0,0.34,0.33,1st Edition,BODE-EN038,Ultra Rare,DARK,Fusion/Effect Monster,Fiend,2500,2000,,
252578,Destiny HERO - Destroyer Phoenix Enforcer,Destiny HERO Destroyer Phoenix Enforcer,https://tcgplayer-cdn.tcgplayer.com/product/252578_200w.jpg,2,2879,https://cpt.tcgcsv.com/B223,2025-03-27T18:11:55.327,1,"1 Level 6 or higher ""HERO"" monster + 1 ""Destiny HERO"" monster
<br>Monsters your opponent controls lose 200 ATK for each ""HERO"" card in your GY. You can only use each of the following effects of ""Destiny HERO - Destroyer Phoenix Enforcer"" once per turn. (Quick Effect): You can destroy both 1 card you control and 1 card on the field. If this card is destroyed by battle or card effect: You can activate this effect; Special Summon 1 ""Destiny HERO"" monster from your GY during the Standby Phase of the next turn.",,2.25,5.94,89.99,3.83,4.8,1st Edition,BODE-EN039,Secret Rare,DARK,Fusion/Effect Monster,Warrior,2500,2100,,
252579,Ultimate Flagship Ursatron,Ultimate Flagship Ursatron,https://tcgplayer-cdn.tcgplayer.com/product/252579_200w.jpg,2,2879,https://cpt.tcgcsv.com/C223,2024-07-26T16:47:43.8,1,"(This card is always treated as an ""Ursarctic"" and ""Drytron"" card.)
<br>Must be Special Summoned with ""Ursarctic Drytron"". Once per turn, if another Effect Monster is Special Summoned to your field (except during the Damage Step): You can add 1 ""Ursarctic"" or ""Drytron"" monster from your Deck to your hand. Once per turn: You can target 1 of your banished ""Ursarctic"" or ""Drytron"" monsters; add it to your hand.",,0.04,0.25,2.0,0.22,0.11,1st Edition,BODE-EN040,Super Rare,WATER,Fusion/Effect Monster,Machine,2000,700,,
252580,Swordsoul Grandmaster - Chixiao,Swordsoul Grandmaster Chixiao,https://tcgplayer-cdn.tcgplayer.com/product/252580_200w.jpg,2,2879,https://cpt.tcgcsv.com/D223,2024-07-29T08:18:42.033,1,"1 Tuner + 1+ non-Tuner Wyrm monsters
<br>If this card is Synchro Summoned: You can add to your hand or banish 1 ""Swordsoul"" card from your Deck. (Quick Effect): You can banish 1 ""Swordsoul"" card or 1 Wyrm monster from your hand or GY, then target 1 other Effect Monster on the field; negate its effects until the end of this turn. You can only use 1 ""Swordsoul Grandmaster - Chixiao"" effect per turn, and only once that turn.",,1.2,2.26,49.99,1.7,1.77,1st Edition,BODE-EN041,Secret Rare,LIGHT,Synchro/Effect Monster,Wyrm,2800,1000,,
252581,Swordsoul Supreme Sovereign - Chengying,Swordsoul Supreme Sovereign Chengying,https://tcgplayer-cdn.tcgplayer.com/product/252581_200w.jpg,2,2879,https://cpt.tcgcsv.com/F223,2024-02-26T06:43:04.78,1,"1 Tuner + 1+ non-Tuner monsters
<br>For each banished card, this card gains 100 ATK/DEF and monsters your opponent controls lose 100 ATK/DEF. If this card would be destroyed by card effect, you can banish 1 card from your GY instead. If a card(s) is banished (except during the Damage Step): You can banish 1 card each from both your opponent's field and GY. You can only use this effect of ""Swordsoul Supreme Sovereign - Chengying"" once per turn.",,0.92,2.57,18.94,1.82,3.76,1st Edition,BODE-EN042,Ultra Rare,WATER,Synchro/Effect Monster,Wyrm,3000,3000,,
252582,Reptilianne Melusine,Reptilianne Melusine,https://tcgplayer-cdn.tcgplayer.com/product/252582_200w.jpg,2,2879,https://cpt.tcgcsv.com/G223,2024-07-26T16:47:43.843,1,"1 Reptile Tuner + 1+ non-Tuner monsters
<br>If this card was Synchro Summoned using only Reptile monsters as material, it cannot be destroyed by battle or card effects. Once per Chain, when your opponent activates a monster effect, except during the Damage Step (Quick Effect): You can target 1 face-up monster your opponent controls; change its ATK to 0. If this Synchro Summoned card you control is sent to your GY by an opponent's card: You can add 1 Reptile monster from your Deck to your hand.",,0.15,0.35,2.0,0.3,0.31,1st Edition,BODE-EN043,Super Rare,DARK,Synchro/Effect Monster,Reptile,2500,2800,,
252583,Magikey Fiend - Transfurlmine,Magikey Fiend Transfurlmine,https://tcgplayer-cdn.tcgplayer.com/product/252583_200w.jpg,2,2879,https://cpt.tcgcsv.com/H223,2024-11-23T04:30:29.583,1,"1 ""Magikey"" Tuner + 1+ non-Tuner Normal Monsters
<br>This card can make up to 2 attacks on monsters during each Battle Phase. You can only use each of the following effects of ""Magikey Fiend - Transfurlmine"" once per turn. If you control this card that was Synchro Summoned using at least 2 Attributes of monsters: You can Set 1 ""Magikey"" Spell/Trap directly from your Deck to your Spell & Trap Zone. If your opponent Normal or Special Summons a monster(s) with the same Attribute as a monster in your GY (except during the Damage Step): You can destroy that monster(s).",,0.04,0.25,2.0,0.1,0.1,1st Edition,BODE-EN044,Super Rare,FIRE,Synchro/Effect Monster,Thunder,2800,2800,,
252584,"Zoroa, the Magistus Conflagrant Calamity",Zoroa the Magistus Conflagrant Calamity,https://tcgplayer-cdn.tcgplayer.com/product/252584_200w.jpg,2,2879,https://cpt.tcgcsv.com/J223,2024-07-26T16:47:43.92,1,"1 Spellcaster Tuner + 1+ non-Tuner monsters
<br>If this card is Synchro Summoned: You can equip 1 ""Magistus"" monster from your Extra Deck to this card. Your opponent cannot activate the effects of monsters with the same card type (Fusion, Synchro, Xyz, or Link) as a ""Magistus"" Monster Card in your Spell & Trap Zone. If this card is in your GY: You can target 1 ""Magistus"" card you control; destroy it, and if you do, Special Summon this card. You can only use this effect of ""Zoroa, the Magistus Conflagrant Calamity"" once per turn.",,0.8,1.99,27.73,1.72,1.49,1st Edition,BODE-EN045,Secret Rare,FIRE,Synchro/Effect Monster,Spellcaster,2900,1500,,
252585,Cupid Pitch,Cupid Pitch,https://tcgplayer-cdn.tcgplayer.com/product/252585_200w.jpg,2,2879,https://cpt.tcgcsv.com/K223,2024-07-26T16:47:43.967,1,"1 Tuner + 1+ non-Tuner monsters
<br>If this card is Synchro Summoned: Increase or decrease this card's Level by the Level the Tuner used as material had on the field. This card gains ATK equal to its Level x 400. If this Synchro Summoned card is sent to the GY as Synchro Material: Inflict damage to your opponent equal to the new Synchro Summoned monster's Level x 100, and if you do, you can add 1 Level 8 or lower monster with 600 DEF from your Deck to your hand. You can only use this effect of ""Cupid Pitch"" once per turn.",,0.01,0.2,1.49,0.07,0.05,1st Edition,BODE-EN046,Common,LIGHT,Synchro/Tuner/Effect Monster,Fairy,0,600,,
252586,Magikey Spirit - Vepartu,Magikey Spirit Vepartu,https://tcgplayer-cdn.tcgplayer.com/product/252586_200w.jpg,2,2879,https://cpt.tcgcsv.com/L223,2024-07-26T16:47:44,1,"2 Level 4 monsters
<br>If this card is Xyz Summoned: You can detach 1 material from this card; add 1 Level 4 or higher Normal Monster from your Deck or GY to your hand. If this card has a Normal Monster as material, it gains this effect.
<br>• At the start of the Damage Step, if this card battles an opponent's monster with the same Attribute as a Normal Monster or ""Magikey"" monster in your GY: You can detach 1 material from this card; your opponent must send that monster to the GY.",,0.07,0.3,3.29,0.24,,1st Edition,BODE-EN047,Super Rare,WATER,Xyz/Effect Monster,Sea Serpent,2000,2000,,
252587,Gunkan Suship Uni-class Super-Dreadnought,Gunkan Suship Uni class Super Dreadnought,https://tcgplayer-cdn.tcgplayer.com/product/252587_200w.jpg,2,2879,https://cpt.tcgcsv.com/M223,2024-07-26T16:47:44.047,1,"2 Level 5 monsters
<br>If this card is Xyz Summoned: You can apply these effects, in sequence, based on the materials used. You can only use this effect of ""Gunkan Suship Uni-class Super-Dreadnought"" once per turn.
<br>• ""Gunkan Suship Shari"": Draw 1 card. ? ""Gunkan Suship Uni"": This card gains the ability to attack directly.
<br>Once per turn, during your Main Phase or your opponent's Battle Phase (Quick Effect): You can target face-up cards your opponent controls, up to the number of ""Gunkan"" monsters you control Special Summoned from the Extra Deck; negate their effects.",,0.05,0.3,2.11,0.25,0.49,1st Edition,BODE-EN048,Super Rare,FIRE,Xyz/Effect Monster,Aqua,2900,500,,
252588,Gunkan Suship Shirauo-class Carrier,Gunkan Suship Shirauo class Carrier,https://tcgplayer-cdn.tcgplayer.com/product/252588_200w.jpg,2,2879,https://cpt.tcgcsv.com/N223,2024-07-26T16:47:44.093,1,"2 Level 4 monsters
<br>If this card is Xyz Summoned: You can apply these effects, in sequence, based on the materials used. You can only use this effect of ""Gunkan Suship Shirauo-class Carrier"" once per turn.
<br>• ""Gunkan Suship Shari"": Draw 1 card.
<br>• ""Gunkan Suship Shirauo"": Add 1 ""Gunkan"" Spell/Trap from your Deck to your hand.
<br>While a face-up card is in a Field Zone, ""Gunkan"" monsters you control Special Summoned from the Extra Deck cannot be destroyed by your opponent's card effects, and gain ATK equal to their original DEF.",,0.02,0.2,1.49,0.06,0.08,1st Edition,BODE-EN049,Common,FIRE,Xyz/Effect Monster,Aqua,2200,250,,
252589,Borrelcode Dragon,Borrelcode Dragon,https://tcgplayer-cdn.tcgplayer.com/product/252589_200w.jpg,2,2879,https://cpt.tcgcsv.com/P223,2024-09-17T04:35:35.843,1,"2+ Effect Monsters
<br>This card cannot be destroyed by card effects while a Link Monster points to it. You can only use each of the following effects of ""Borrelcode Dragon"" once per turn. At the start of the Damage Step, if this card that was Link Summoned using 3 monsters as material battles an opponent's monster: You can destroy all monsters on the field. You can banish this card from your GY; banish 1 DARK monster with 3000 or more ATK from the field, and if you do, Special Summon 1 ""Topologic"" monster from your Extra Deck or GY.",,0.4,1.49,15.0,1.0,1.21,1st Edition,BODE-EN050,Ultra Rare,DARK,Link/Effect Monster,Dragon,2500,,3,Bottom-Right;Bottom-Left;Top
252590,Evil Twin's Trouble Sunny,Evil Twins Trouble Sunny,https://tcgplayer-cdn.tcgplayer.com/product/252590_200w.jpg,2,2879,https://cpt.tcgcsv.com/Q223,2024-07-26T16:47:44.173,1,"2+ monsters, including an ""Evil Twin"" monster
<br>(Quick Effect): You can Tribute this card; Special Summon up to 1 ""Ki-sikil"" monster and up to 1 ""Lil-la"" monster from your GY. You can banish this card from your GY and send 1 ""Evil Twin"" monster from your hand, Deck, or face-up field to the GY; send 1 card on the field to the GY. You can only use each effect of ""Evil Twin's Trouble Sunny"" once per turn.",,0.3,1.08,29.99,0.5,1.4,1st Edition,BODE-EN051,Ultra Rare,LIGHT,Link/Effect Monster,Fiend,3300,,4,Left;Bottom;Top;Right
252592,Heavy Interlock,Heavy Interlock,https://tcgplayer-cdn.tcgplayer.com/product/252592_200w.jpg,2,2879,https://cpt.tcgcsv.com/S223,2025-02-27T04:33:53.847,1,"This card is used to Ritual Summon ""Borreload Riot Dragon"". You must also Tribute monsters from your hand or field, and/or destroy ""Rokket"" monsters from your hand or face-up field, whose total Levels equal 8 or more. The monster Special Summoned by this effect cannot be destroyed by battle with a monster Special Summoned from the Extra Deck, and is unaffected by the activated effect of any monster Special Summoned from the Extra Deck.",,0.03,0.25,2.0,0.22,0.05,1st Edition,BODE-EN052,Super Rare,SPELL,Ritual Spell,,,,,
252594,Swordsoul Emergence,Swordsoul Emergence,https://tcgplayer-cdn.tcgplayer.com/product/252594_200w.jpg,2,2879,https://cpt.tcgcsv.com/V223,2023-12-02T09:44:19.967,1,"Add 1 ""Swordsoul"" monster from your Deck to your hand, or if you control a Synchro Monster, you can add 1 Wyrm monster instead. If this card is banished: You can target 1 ""Swordsoul"" monster, or Wyrm monster, you control; increase or decrease its Level by 1 until the end of this turn. You can only use each effect of ""Swordsoul Emergence"" once per turn.",,0.6,1.32,22.79,1.1,1.0,1st Edition,BODE-EN053,Ultra Rare,SPELL,Normal Spell,,,,,
252595,Swordsoul Sacred Summit,Swordsoul Sacred Summit,https://tcgplayer-cdn.tcgplayer.com/product/252595_200w.jpg,2,2879,https://cpt.tcgcsv.com/W223,2024-07-26T16:47:44.25,1,"Target 1 ""Swordsoul"" monster in your GY, or if you control a Synchro Monster, you can target 1 Wyrm monster instead; Special Summon it. If this card is banished: You can target 1 ""Swordsoul"" monster, or Wyrm monster, you control; increase or decrease its Level by 1 until the end of this turn. You can only use each effect of ""Swordsoul Sacred Summit"" once per turn.",,0.08,0.3,2.26,0.18,0.15,1st Edition,BODE-EN054,Super Rare,SPELL,Normal Spell,,,,,
252596,Branded in High Spirits,Branded in High Spirits,https://tcgplayer-cdn.tcgplayer.com/product/252596_200w.jpg,2,2879,https://cpt.tcgcsv.com/X223,2024-06-21T13:41:22.443,1,"Reveal 1 monster in your hand and send 1 Level 8 Fusion Monster from your Extra Deck to the GY with the same Type that has 2500 ATK or DEF, then you can apply this effect.
<br>• Discard the revealed monster, and if you do, add 1 ""Fallen of Albaz"", or 1 monster that lists that card in its text, from your Deck to your hand.
<br>During the End Phase, if a Fusion Monster was sent to your GY this turn: You can add this card from the GY to your hand. You can only use 1 ""Branded in High Spirits"" effect per turn, and only once that turn.",,1.4,2.5,11.96,2.47,6.64,1st Edition,BODE-EN055,Super Rare,SPELL,Quick-Play Spell,,,,,
252597,Icejade Cradle,Icejade Cradle,https://tcgplayer-cdn.tcgplayer.com/product/252597_200w.jpg,2,2879,https://cpt.tcgcsv.com/Z223,2024-07-26T16:47:44.283,1,"Add 1 ""Icejade"" monster from your Deck to your hand with a different name from the cards you control or in your GY.",,0.14,0.44,3.98,0.32,0.49,1st Edition,BODE-EN056,Super Rare,SPELL,Normal Spell,,,,,
252598,"Incredible Ecclesia, the Virtuous (Starlight Rare)",Incredible Ecclesia the Virtuous Starlight Rare,https://tcgplayer-cdn.tcgplayer.com/product/252598_200w.jpg,2,2879,https://cpt.tcgcsv.com/-223,2022-03-05T20:14:55.613,1,"If your opponent controls more monsters than you do, you can Special Summon this card (from your hand). You can only Special Summon ""Incredible Ecclesia, the Virtuous"" once per turn this way. You can only use each of the following effects of ""Incredible Ecclesia, the Virtuous"" once per turn. During the Main Phase (Quick Effect): You can Tribute this card; Special Summon 1 ""Swordsoul"" monster or 1 ""Fallen of Albaz"" from your hand or Deck. During the End Phase, if a Fusion Monster(s) was sent to your GY this turn: Add this card from the GY to your hand.",,59.09,73.26,236.56,61.81,65.75,1st Edition,BODE-EN007,Starlight Rare,LIGHT,Tuner/Effect Monster,Spellcaster,1500,1500,,
252600,Swordsoul Grandmaster - Chixiao (Starlight Rare),Swordsoul Grandmaster Chixiao Starlight Rare,https://tcgplayer-cdn.tcgplayer.com/product/252600_200w.jpg,2,2879,https://cpt.tcgcsv.com/0323,2023-12-05T20:59:30.167,1,"1 Tuner + 1+ non-Tuner Wyrm monsters
<br>If this card is Synchro Summoned: You can add to your hand or banish 1 ""Swordsoul"" card from your Deck. (Quick Effect): You can banish 1 ""Swordsoul"" card or 1 Wyrm monster from your hand or GY, then target 1 other Effect Monster on the field; negate its effects until the end of this turn. You can only use 1 ""Swordsoul Grandmaster - Chixiao"" effect per turn, and only once that turn.",,70.99,79.97,500.0,81.8,73.49,1st Edition,BODE-EN041,Starlight Rare,LIGHT,Synchro/Effect Monster,Wyrm,2800,1000,,
252601,Evil Twin's Trouble Sunny (Starlight Rare),Evil Twins Trouble Sunny Starlight Rare,https://tcgplayer-cdn.tcgplayer.com/product/252601_200w.jpg,2,2879,https://cpt.tcgcsv.com/2323,2023-02-20T11:41:35.83,1,"2+ monsters, including an ""Evil Twin"" monster
<br>(Quick Effect): You can Tribute this card; Special Summon up to 1 ""Ki-sikil"" monster and up to 1 ""Lil-la"" monster from your GY. You can banish this card from your GY and send 1 ""Evil Twin"" monster from your hand, Deck, or face-up field to the GY; send 1 card on the field to the GY. You can only use each effect of ""Evil Twin's Trouble Sunny"" once per turn.",,69.95,87.99,300.0,94.19,69.97,1st Edition,BODE-EN051,Starlight Rare,LIGHT,Link/Effect Monster,Fiend,3300,,4,Left;Bottom;Top;Right
252602,Branded in Red,Branded in Red,https://tcgplayer-cdn.tcgplayer.com/product/252602_200w.jpg,2,2879,https://cpt.tcgcsv.com/3323,2025-03-31T10:03:39.927,1,"Target 1 ""Despia"" monster or ""Fallen of Albaz"" in your GY; add it to your hand, then you can apply the following effect.
<br>• Fusion Summon 1 Level 8 or higher Fusion Monster from your Extra Deck, by banishing Fusion Materials listed on it from your hand or field, but it cannot attack directly this turn.
<br>You can only activate 1 ""Branded in Red"" per turn.",,1.05,2.3,12.99,1.87,8.83,1st Edition,BODE-EN057,Super Rare,SPELL,Quick-Play Spell,,,,,
252603,Floowandereeze and the Magnificent Map,Floowandereeze and the Magnificent Map,https://tcgplayer-cdn.tcgplayer.com/product/252603_200w.jpg,2,2879,https://cpt.tcgcsv.com/5323,2023-05-23T13:56:56.2,1,"During your Main Phase: You can reveal 1 Level 1 ""Floowandereeze"" monster in your hand and banish 1 ""Floowandereeze"" card with a different name from your Deck, then, immediately after this effect resolves, Normal Summon the revealed monster. If your opponent Normal Summons a monster: Immediately after this effect resolves, you can Normal Summon 1 ""Floowandereeze"" monster. You can only use each effect of ""Floowandereeze and the Magnificent Map"" once per turn.",,0.15,0.99,14.27,0.5,0.86,1st Edition,BODE-EN058,Ultra Rare,SPELL,Field Spell,,,,,
252604,Floowandereeze and the Unexplored Winds,Floowandereeze and the Unexplored Winds,https://tcgplayer-cdn.tcgplayer.com/product/252604_200w.jpg,2,2879,https://cpt.tcgcsv.com/6323,2024-07-26T16:47:44.34,1,"You can conduct Tribute Summons that require 2 Tributes by sending 1 monster you control and 1 card your opponent controls to the GY instead of Tributing (it is still treated as a Tribute Summon). During your Main Phase: You can reveal up to 2 Winged Beast monsters in your hand and place them on the bottom of your Deck in any order, then draw cards equal to the number of cards placed. You can only use this effect of ""Floowandereeze and the Unexplored Winds"" once per turn.",,0.15,0.49,3.0,0.39,0.24,1st Edition,BODE-EN059,Super Rare,SPELL,Continuous Spell,,,,,
252605,Reptilianne Ramifications,Reptilianne Ramifications,https://tcgplayer-cdn.tcgplayer.com/product/252605_200w.jpg,2,2879,https://cpt.tcgcsv.com/7323,2024-07-26T16:47:44.38,1,"Send 1 card from your hand to the GY and activate 2 of these effects, in sequence;
<br>• Add 1 ""Reptilianne"" monster from your Deck to your hand.
<br>• Add 1 ""Reptilianne"" Spell/Trap from your Deck to your hand, except ""Reptilianne Ramifications"".
<br>• Change the ATK of 1 monster your opponent controls to 0.
<br>You can only activate 1 ""Reptilianne Ramifications"" per turn.",,0.01,0.3,2.0,0.21,0.25,1st Edition,BODE-EN060,Super Rare,SPELL,Normal Spell,,,,,
252607,Reptilianne Recoil,Reptilianne Recoil,https://tcgplayer-cdn.tcgplayer.com/product/252607_200w.jpg,2,2879,https://cpt.tcgcsv.com/9323,2024-07-26T16:47:44.427,1,"You can target 1 monster you control with 0 ATK and 1 DARK Reptile monster in your GY; destroy that monster on the field, and if you do, Special Summon that other monster from the GY. If your opponent activates a monster effect: You can target 1 monster your opponent controls with 0 ATK; take control of it, then, Special Summon 1 ""Reptilianne Token"" (Reptile/EARTH/Level 1/ATK 0/DEF 0) to your opponent's field. You can only use each effect of ""Reptilianne Recoil"" once per turn.",,0.01,0.15,1.5,0.06,0.03,1st Edition,BODE-EN061,Common,SPELL,Field Spell,,,,,
252608,Magikey Battle,Magikey Battle,https://tcgplayer-cdn.tcgplayer.com/product/252608_200w.jpg,2,2879,https://cpt.tcgcsv.com/b323,2024-07-26T16:47:44.457,1,"Target 1 Normal Monster, 1 ""Magikey"" monster, or 1 ""Magikey Maftea"" in your GY; shuffle it into the Deck, then if you activated this card in response to your opponent's card or effect activation, Normal Monsters and ""Magikey"" monsters you control (except Tokens) are unaffected by that opponent's card effect.",,0.01,0.15,1.49,0.04,0.01,1st Edition,BODE-EN062,Common,SPELL,Quick-Play Spell,,,,,
252609,Royal Penguins Garden,Royal Penguins Garden,https://tcgplayer-cdn.tcgplayer.com/product/252609_200w.jpg,2,2879,https://cpt.tcgcsv.com/c323,2024-07-26T16:47:44.503,1,"When this card is activated: You can add 1 ""Penguin"" card from your Deck to your hand, except ""Royal Penguins Garden"". Once per turn, during your Main Phase: You can decrease the Level of 1 ""Penguin"" monster in your hand or face-up field by 1 (until the end of this turn), then discard 1 card. You can only activate 1 ""Royal Penguins Garden"" per turn.",,0.01,0.2,1.49,0.12,0.05,1st Edition,BODE-EN063,Common,SPELL,Continuous Spell,,,,,
252611,Sonic Tracker,Sonic Tracker,https://tcgplayer-cdn.tcgplayer.com/product/252611_200w.jpg,2,2879,https://cpt.tcgcsv.com/f323,2024-07-26T16:47:44.553,1,"This card is used to Ritual Summon ""Transonic Bird"". You must also Tribute monsters from your hand or field whose total Levels equal 4 or more. The Level of the monster Special Summoned by this effect becomes the total Levels of monsters used for its Ritual Summon. You can banish this card from your GY, then target 1 Ritual Monster you control; send 1 Ritual Monster with the same Type or Attribute from your Deck to the GY. You can only use this effect of ""Sonic Tracker"" once per turn.",,0.01,0.14,1.5,0.05,,1st Edition,BODE-EN064,Common,SPELL,Ritual Spell,,,,,
252612,Sunvine Sowing,Sunvine Sowing,https://tcgplayer-cdn.tcgplayer.com/product/252612_200w.jpg,2,2879,https://cpt.tcgcsv.com/g323,2021-11-05T04:03:15.58,1,"Special Summon 1 ""Sunseed"" monster from your Deck, and if you do, take 1000 damage. If you control no ""Sunavalon"" Link Monsters, you can only Special Summon ""Sunseed Genius Loci"" with this effect. For the rest of this turn after this card resolves, you cannot Special Summon monsters from the Extra Deck, except Plant monsters. If a Plant Link Monster(s) you control would be destroyed by battle or an opponent's card effect, you can banish this card from your GY instead. You can only activate 1 ""Sunvine Sowing"" per turn.",,0.04,0.25,4.99,0.18,0.11,1st Edition,BODE-EN065,Super Rare,SPELL,Normal Spell,,,,,
252613,Ursarctic Drytron,Ursarctic Drytron,https://tcgplayer-cdn.tcgplayer.com/product/252613_200w.jpg,2,2879,https://cpt.tcgcsv.com/h323,2024-07-26T16:47:44.6,1,"Special Summon 1 ""Ultimate Flagship Ursatron"" from your Extra Deck by banishing 1 ""Ursarctic Big Dipper"" and 1 ""Drytron Fafnir"" from your hand and/or field, although you can banish 1 of them from your Deck instead if ""Ursarctic Polari"" or ""Drytron Alpha Thuban"" is on the field. If you would Tribute a monster(s) to activate an ""Ursarctic"" or ""Drytron"" monster's effect, you can banish this card from your GY instead. You can only use this effect of ""Ursarctic Drytron"" once per turn.",,0.01,0.15,1.49,0.1,0.05,1st Edition,BODE-EN066,Common,SPELL,Normal Spell,,,,,
252614,Supernatural Danger Zone,Supernatural Danger Zone,https://tcgplayer-cdn.tcgplayer.com/product/252614_200w.jpg,2,2879,https://cpt.tcgcsv.com/j323,2024-07-26T16:47:44.63,1,"If a non-Effect Monster is Special Summoned face-up (except during the Damage Step): You can target 1 card your opponent controls; destroy it. If this card in its owner's Spell & Trap Zone is destroyed by an opponent's card effect: You can Special Summon 1 non-Effect Monster from your hand, Deck, or GY. You can only use each effect of ""Supernatural Danger Zone"" once per turn.",,0.03,0.25,2.0,0.11,0.2,1st Edition,BODE-EN067,Super Rare,SPELL,Continuous Spell,,,,,
252615,Night Flight,Night Flight,https://tcgplayer-cdn.tcgplayer.com/product/252615_200w.jpg,2,2879,https://cpt.tcgcsv.com/k323,2024-07-26T16:47:44.693,1,"Target 1 face-up monster you control; return that face-up monster to the hand, and if you do, for the rest of this turn, neither player can activate the effects of cards with the returned card's name.",,0.01,0.15,1.5,0.08,,1st Edition,BODE-EN068,Common,SPELL,Quick-Play Spell,,,,,
252616,Small World,Small World,https://tcgplayer-cdn.tcgplayer.com/product/252616_200w.jpg,2,2879,https://cpt.tcgcsv.com/l323,2023-07-27T13:03:32.56,1,"Reveal 1 monster in your hand, choose 1 monster from your Deck that has exactly 1 of the same Type, Attribute, Level, ATK or DEF, and banish the revealed monster from your hand face-down. Then add, from the Deck to your hand, 1 monster that has exactly 1 of the same Type, Attribute, Level, ATK or DEF as the monster chosen from your Deck, and banish the card chosen from the Deck face-down. You can only activate 1 ""Small World"" per turn.",,0.62,1.98,45.0,0.64,2.97,1st Edition,BODE-EN069,Secret Rare,SPELL,Normal Spell,,,,,
252618,Magical Cylinders,Magical Cylinders,https://tcgplayer-cdn.tcgplayer.com/product/252618_200w.jpg,2,2879,https://cpt.tcgcsv.com/n323,2024-07-26T16:47:44.74,1,"Set 1 ""Magic Cylinder"" directly from your Deck or GY. If Set from the Deck, it can be activated this turn. When you activate ""Magic Cylinder"": You can banish this card from your GY; double that damage inflicted to your opponent. You can only use this effect of ""Magical Cylinders"" once per turn.",,0.01,0.19,1.49,0.1,0.05,1st Edition,BODE-EN070,Common,TRAP,Normal Trap,,,,,
252619,Detonation Code,Detonation Code,https://tcgplayer-cdn.tcgplayer.com/product/252619_200w.jpg,2,2879,https://cpt.tcgcsv.com/p323,2024-07-26T16:47:44.793,1,"If you control a ""Topologic"" Link Monster: You can target 1 DARK non-Link Dragon, Machine, or Cyberse monster in your GY; Special Summon it. During the Standby Phase of the next turn after this card was banished from the Spell & Trap Zone: You can Set this card. You can only use each effect of ""Detonation Code"" once per turn.",,0.01,0.15,1.5,0.12,0.05,1st Edition,BODE-EN071,Common,TRAP,Continuous Trap,,,,,
252621,Swordsoul Assessment,Swordsoul Assessment,https://tcgplayer-cdn.tcgplayer.com/product/252621_200w.jpg,2,2879,https://cpt.tcgcsv.com/r323,2024-10-12T05:22:33.117,1,"Target 1 face-up monster you control; banish up to 5 ""Swordsoul"" cards and/or Wyrm monsters from your GY, and if you do, that monster gains 300 ATK for each card banished this way. If this card is banished: You can Special Summon 1 ""Swordsoul Token"" (Wyrm/Tuner/WATER/Level 4/ATK 0/DEF 0). While that Token is in the Monster Zone, the player who Summoned it cannot Special Summon monsters from the Extra Deck, except Synchro Monsters. You can only use each effect of ""Swordsoul Assessment"" once per turn.",,0.01,0.15,1.5,0.05,0.01,1st Edition,BODE-EN072,Common,TRAP,Normal Trap,,,,,
252622,Swordsoul Blackout,Swordsoul Blackout,https://tcgplayer-cdn.tcgplayer.com/product/252622_200w.jpg,2,2879,https://cpt.tcgcsv.com/s323,2024-07-26T16:47:44.873,1,"Target 1 Wyrm monster you control and 2 cards your opponent controls; destroy them. If this card is banished: You can Special Summon 1 ""Swordsoul Token"" (Wyrm/Tuner/WATER/Level 4/ATK 0/DEF 0). While that Token is in the Monster Zone, the player who Summoned it cannot Special Summon monsters from the Extra Deck, except Synchro Monsters. You can only use each effect of ""Swordsoul Blackout"" once per turn.",,0.01,0.25,1.49,0.07,0.05,1st Edition,BODE-EN073,Common,TRAP,Normal Trap,,,,,
252623,Floowandereeze and the Dreaming Town,Floowandereeze and the Dreaming Town,https://tcgplayer-cdn.tcgplayer.com/product/252623_200w.jpg,2,2879,https://cpt.tcgcsv.com/t323,2023-08-16T13:40:26.317,1,"During the Main Phase: Immediately after this effect resolves, Normal Summon 1 Level 4 or lower Winged Beast monster. If you Tribute Summon a Level 7 or higher monster while this card is in your GY: You can banish this card; change all monsters your opponent controls to face-down Defense Position. You can only use this effect of ""Floowandereeze and the Dreaming Town"" once per turn.",,0.19,0.4,2.79,0.33,0.22,1st Edition,BODE-EN074,Super Rare,TRAP,Normal Trap,,,,,
252624,Floowandereeze and the Scary Sea,Floowandereeze and the Scary Sea,https://tcgplayer-cdn.tcgplayer.com/product/252624_200w.jpg,2,2879,https://cpt.tcgcsv.com/v323,2024-07-26T16:47:44.92,1,"When your opponent would Special Summon a monster(s), while you control a face-up Tribute Summoned monster and no Special Summoned monsters: Negate the Summon, and if you do, return that monster to the hand, also for the rest of this turn, your opponent cannot Special Summon, and can conduct up to 3 Normal Summons/Sets this turn, not just 1. You can only activate 1 ""Floowandereeze and the Scary Sea"" per turn.",,0.03,0.27,2.79,0.18,0.15,1st Edition,BODE-EN075,Super Rare,TRAP,Counter Trap,,,,,
252625,Break the Destiny,Break the Destiny,https://tcgplayer-cdn.tcgplayer.com/product/252625_200w.jpg,2,2879,https://cpt.tcgcsv.com/w323,2024-07-26T16:47:44.967,1,"Target 1 Level 8 or higher ""Destiny HERO"" monster, or 1 ""Destiny End Dragoon"", you control; destroy it, and if you do, your opponent skips their next Main Phase 1. You can banish this card from your GY; add 1 Spell/Trap from your Deck to your hand that specifically lists a ""Destiny HERO"" monster's card name or ""Destiny End Dragoon"" in its text, except ""Break the Destiny"". You can only use 1 ""Break the Destiny"" effect per turn, and only once that turn.",,0.01,0.15,1.49,0.09,0.05,1st Edition,BODE-EN076,Common,TRAP,Normal Trap,,,,,
252626,Magikey Locking,Magikey Locking,https://tcgplayer-cdn.tcgplayer.com/product/252626_200w.jpg,2,2879,https://cpt.tcgcsv.com/x323,2024-07-26T16:47:45.013,1,"Tribute 1 Normal Monster or ""Magikey"" monster (except a Token), then target up to 2 Normal Monsters and/or ""Magikey"" monsters in your GY whose total Levels equal 8 or less; Special Summon those monsters in Defense Position, then you can apply 1 of the following effects immediately after this effect resolves.
<br>• Synchro Summon 1 ""Magikey"" Synchro Monster using monsters you control.
<br>• Xyz Summon 1 ""Magikey"" Xyz Monster using monsters you control.",,0.01,0.15,1.49,0.05,0.01,1st Edition,BODE-EN077,Common,TRAP,Normal Trap,,,,,
252627,Stained Glass of Light & Dark,Stained Glass of Light and Dark,https://tcgplayer-cdn.tcgplayer.com/product/252627_200w.jpg,2,2879,https://cpt.tcgcsv.com/z323,2024-07-26T16:47:45.06,1,"Apply any of the following effect(s) in sequence, depending on the Type(s) of Effect Monster you control.
<br>• Fairy: You can draw 3 cards, then place 2 cards from your hand on the bottom of your Deck in any order.
<br>• Fiend: You can make your opponent draw 1 card, then discard 1 random card, then if they still have a card in their hand, they discard 1 card.
<br>You can only activate 1 ""Stained Glass of Light & Dark"" per turn.",,0.05,0.25,2.0,0.15,0.1,1st Edition,BODE-EN078,Super Rare,TRAP,Normal Trap,,,,,
252628,Giant Starfall,Giant Starfall,https://tcgplayer-cdn.tcgplayer.com/product/252628_200w.jpg,2,2879,https://cpt.tcgcsv.com/B323,2024-07-26T16:47:45.107,1,"Neither player can activate the effects of monsters without a Level in response to this card's activation. Target 1 face-up monster without a Level on the field; for the rest of this turn, any battle damage from battles involving that target is halved, it cannot activate its effects or be destroyed by battle, also its ATK becomes 0.",,0.01,0.15,1.49,0.08,,1st Edition,BODE-EN079,Common,TRAP,Normal Trap,,,,,
252629,Laundry Trap,Laundry Trap,https://tcgplayer-cdn.tcgplayer.com/product/252629_200w.jpg,2,2879,https://cpt.tcgcsv.com/C323,2024-07-26T16:47:45.153,1,"Once per Chain, if a monster(s) is Normal or Special Summoned to your field (except during the Damage Step): You can send the top card of your Deck to the GY. If this card is sent from your Deck to the GY by a card effect: You can target 1 card in your GY that was sent there this turn, except ""Laundry Trap""; add it to your hand, but until the end of your next turn after this effect resolves, you cannot activate cards, or the effects of cards, with its name. You can only use this effect of ""Laundry Trap"" once per turn.",,0.01,0.15,1.5,0.06,0.03,1st Edition,BODE-EN080,Common,TRAP,Continuous Trap,,,,,
252630,Night Sword Serpent,Night Sword Serpent,https://tcgplayer-cdn.tcgplayer.com/product/252630_200w.jpg,2,2879,https://cpt.tcgcsv.com/D323,2024-07-26T16:47:45.2,1,"If this card is sent to the GY by a card effect: You can Special Summon this card, but banish it when it leaves the field. You can only use this effect of ""Night Sword Serpent"" once per turn.",,0.02,0.22,4.99,0.14,,1st Edition,BODE-EN081,Common,WATER,Effect Monster,Reptile,500,600,,
252631,D.D. Assault Carrier,DD Assault Carrier,https://tcgplayer-cdn.tcgplayer.com/product/252631_200w.jpg,2,2879,https://cpt.tcgcsv.com/F323,2024-07-26T16:47:45.233,1,"Cannot declare an attack unless you banish 1 card from your GY. If exactly 3 of your cards are banished: You can Special Summon this card from your hand. You can only use this effect of ""D.D. Assault Carrier"" once per turn.",,0.01,0.15,1.5,0.04,0.01,1st Edition,BODE-EN082,Common,DARK,Effect Monster,Machine,2500,2500,,
252633,Abyss Keeper,Abyss Keeper,https://tcgplayer-cdn.tcgplayer.com/product/252633_200w.jpg,2,2879,https://cpt.tcgcsv.com/H323,2025-06-24T14:03:53.387,1,"2 WATER monsters
<br>Cannot be used as Link Material the turn it is Link Summoned. If this card is Link Summoned: You can Special Summon 1 Fish monster from your hand to your zone this card points to. You can target 1 other Fish monster you control and 1 card your opponent controls; banish those cards. You can only use each effect of ""Abyss Keeper"" once per turn.",,0.01,0.2,1.5,0.12,0.05,1st Edition,BODE-EN083,Common,WATER,Link/Effect Monster,Fish,1500,,2,Bottom-Right;Bottom-Left
252634,Apex Predation,Apex Predation,https://tcgplayer-cdn.tcgplayer.com/product/252634_200w.jpg,2,2879,https://cpt.tcgcsv.com/J323,2024-07-26T16:47:45.28,1,"If you control a Normal Summoned/Set monster: Destroy all Special Summoned monsters on the field. Until the end of your next turn after this card is activated, you cannot Normal Summon/Set. You can only activate 1 ""Apex Predation"" per turn.",,0.01,0.15,1.49,0.04,0.01,1st Edition,BODE-EN084,Common,TRAP,Normal Trap,,,,,
252637,Beetrooper Assault Roller,Beetrooper Assault Roller,https://tcgplayer-cdn.tcgplayer.com/product/252637_200w.jpg,2,2879,https://cpt.tcgcsv.com/M323,2024-07-26T16:47:45.36,1,"You can Special Summon this card (from your hand) by banishing 1 Insect monster from your GY. You can only Special Summon ""Beetrooper Assault Roller"" once per turn this way. Gains 200 ATK for each Insect monster you control, except this card. When this card is destroyed by battle: You can add 1 ""Beetrooper"" monster from your Deck to your hand, except ""Beetrooper Assault Roller"". You can only use this effect of ""Beetrooper Assault Roller"" once per turn.",,0.01,0.15,1.5,0.03,,1st Edition,BODE-EN085,Common,EARTH,Effect Monster,Insect,1600,1400,,
252638,Beetrooper Light Flapper,Beetrooper Light Flapper,https://tcgplayer-cdn.tcgplayer.com/product/252638_200w.jpg,2,2879,https://cpt.tcgcsv.com/N323,2024-07-26T16:47:45.41,1,"If this card is Normal or Special Summoned: You can target 2 of your ""Beetrooper"" monsters with different names, that are banished and/or in your GY; add them to your hand, but for the rest of this turn you cannot activate their effects, or the effects of cards with their names. When an opponent's monster declares an attack: You can return this card to the hand, and if you do, negate that attack. You can only use each effect of ""Beetrooper Light Flapper"" once per turn.",,0.05,0.3,7.0,0.25,0.25,1st Edition,BODE-EN086,Ultra Rare,WATER,Effect Monster,Insect,2000,2200,,
252639,Heavy Beetrooper Mighty Neptune,Heavy Beetrooper Mighty Neptune,https://tcgplayer-cdn.tcgplayer.com/product/252639_200w.jpg,2,2879,https://cpt.tcgcsv.com/P323,2024-07-26T16:47:45.457,1,"Cannot be Normal Summoned/Set. Must first be Special Summoned (from your hand) by shuffling 3 of your banished Insect monsters into the Main Deck. During the Main Phase, if this card in its owner's control is destroyed or banished by an opponent's card effect: You can Special Summon this card. You can only use this effect of ""Heavy Beetrooper Mighty Neptune"" once per turn. Once per turn, during the End Phase: You can target 1 other Insect monster you control; it gains 1000 ATK.",,0.09,0.4,5.0,0.24,0.22,1st Edition,BODE-EN087,Ultra Rare,EARTH,Effect Monster,Insect,3000,3000,,
252640,Ultra Beetrooper Absolute Hercules,Ultra Beetrooper Absolute Hercules,https://tcgplayer-cdn.tcgplayer.com/product/252640_200w.jpg,2,2879,https://cpt.tcgcsv.com/Q323,2024-07-26T16:47:45.487,1,"4 Insect monsters
<br>After this card is Fusion Summoned, it is unaffected by other cards' effects until the end of your next turn. At the end of the Battle Phase: You can target 1 Insect monster with 3000 or less ATK in your GY; Special Summon it. You can only use this effect of ""Ultra Beetrooper Absolute Hercules"" once per turn.",,0.1,0.48,4.99,0.2,0.49,1st Edition,BODE-EN088,Ultra Rare,EARTH,Fusion/Effect Monster,Insect,4000,4000,,
252641,Beetrooper Descent,Beetrooper Descent,https://tcgplayer-cdn.tcgplayer.com/product/252641_200w.jpg,2,2879,https://cpt.tcgcsv.com/R323,2024-07-26T16:47:45.533,1,"Special Summon 1 ""Beetrooper Token"" (Insect/EARTH/Level 3/ATK 1000/DEF 1000), then if you control an Insect monster with 3000 or more ATK, you can destroy 1 other Spell/Trap on the field. You can only activate 1 ""Beetrooper Descent"" per turn.",,0.01,0.44,7.0,0.26,0.49,1st Edition,BODE-EN089,Ultra Rare,SPELL,Normal Spell,,,,,
252642,Beetrooper Landing,Beetrooper Landing,https://tcgplayer-cdn.tcgplayer.com/product/252642_200w.jpg,2,2879,https://cpt.tcgcsv.com/S323,2024-07-26T16:47:45.563,1,"Fusion Summon 1 Insect Fusion Monster from your Extra Deck, using monsters from your hand or field as Fusion Material. If this card is in your GY, except the turn it was sent there: You can banish 2 Insect monsters from your GY; add this card to your hand. You can only use this effect of ""Beetrooper Landing"" once per turn.",,0.01,0.15,1.49,0.04,,1st Edition,BODE-EN090,Common,SPELL,Normal Spell,,,,,
252643,Beetrooper Squad,Beetrooper Squad,https://tcgplayer-cdn.tcgplayer.com/product/252643_200w.jpg,2,2879,https://cpt.tcgcsv.com/T323,2024-07-26T16:47:45.61,1,"Tribute 1 non-Token Insect monster; Special Summon up to 1 ""Beetrooper Token"" (Insect/EARTH/Level 3/ATK 1000/DEF 1000) for every 1000 original ATK of that Tributed monster. You can only activate ""Beetrooper Squad"" once per turn.",,0.01,0.15,1.49,0.05,0.01,1st Edition,BODE-EN091,Common,TRAP,Normal Trap,,,,,
252644,Flip Frozen,Flip Frozen,https://tcgplayer-cdn.tcgplayer.com/product/252644_200w.jpg,2,2879,https://cpt.tcgcsv.com/V323,2024-07-26T16:47:45.66,1,If this card is sent to the GY: Change all Attack Position monsters your opponent controls to Defense Position.,,0.01,0.15,1.5,0.06,0.03,1st Edition,BODE-EN092,Common,WATER,Effect Monster,Cyberse,500,500,,
252645,Bravedrive,Bravedrive,https://tcgplayer-cdn.tcgplayer.com/product/252645_200w.jpg,2,2879,https://cpt.tcgcsv.com/W323,2024-07-26T16:47:45.707,1,"Once per turn, when your Cyberse monster declares an attack: You can discard 1 monster; that attacking monster gains 600 ATK, until the end of this turn.",,0.01,0.15,1.49,0.08,,1st Edition,BODE-EN093,Common,FIRE,Effect Monster,Cyberse,1500,1000,,
252646,Rebuildeer,Rebuildeer,https://tcgplayer-cdn.tcgplayer.com/product/252646_200w.jpg,2,2879,https://cpt.tcgcsv.com/X323,2024-07-26T16:47:45.753,1,When this card destroys an opponent's monster by battle: You can target 1 Cyberse monster with 1500 or less ATK in your GY; Special Summon it.,,0.01,0.15,1.5,0.04,0.01,1st Edition,BODE-EN094,Common,WIND,Effect Monster,Cyberse,1800,800,,
252647,Threshold Borg,Threshold Borg,https://tcgplayer-cdn.tcgplayer.com/product/252647_200w.jpg,2,2879,https://cpt.tcgcsv.com/Z323,2024-07-26T16:47:45.803,1,"If you control no monsters, you can Special Summon this card (from your hand) by discarding 1 Cyberse monster. All monsters your opponent controls lose 500 ATK.",,0.01,0.13,1.5,0.07,0.01,1st Edition,BODE-EN095,Common,EARTH,Effect Monster,Cyberse,2400,2000,,
252648,Cynet Crosswipe,Cynet Crosswipe,https://tcgplayer-cdn.tcgplayer.com/product/252648_200w.jpg,2,2879,https://cpt.tcgcsv.com/-323,2024-07-26T16:47:45.843,1,"Tribute 1 Cyberse monster, then target 1 card on the field; destroy it.",,0.01,0.15,1.5,0.07,,1st Edition,BODE-EN096,Common,SPELL,Quick-Play Spell,,,,,
252649,Danger! Disturbance! Disorder!,Danger Disturbance Disorder,https://tcgplayer-cdn.tcgplayer.com/product/252649_200w.jpg,2,2879,https://cpt.tcgcsv.com/_323,2024-07-26T16:47:45.883,1,"When your ""Danger!"" monster is destroyed by battle with an opponent's monster: You can destroy that opponent's monster. You can banish 3 ""Danger!"" Spells/Traps with different names from your GY; destroy all cards on the field, also you cannot Special Summon monsters for the rest of this turn, except ""Danger!"" monsters. You can only use this effect of ""Danger! Disturbance! Disorder!"" once per turn.",,0.01,0.15,1.5,0.11,0.01,1st Edition,BODE-EN097,Common,SPELL,Field Spell,,,,,
252650,Bayonet Punisher,Bayonet Punisher,https://tcgplayer-cdn.tcgplayer.com/product/252650_200w.jpg,2,2879,https://cpt.tcgcsv.com/0523,2024-07-26T16:47:45.92,1,"Apply these effects, in sequence, depending on the type(s) of ""Borrel"" monsters you control and in your GY. If you control a monster with 3000 or more ATK, your opponent cannot activate cards or effects in response to this card's activation.
<br>• Fusion: Banish 1 monster your opponent controls.
<br>• Synchro: Banish 3 random face-down cards from your opponent's Extra Deck, face-up.
<br>• Xyz: Banish 1 Spell/Trap your opponent controls.
<br>• Link: Banish up to 3 cards from your opponent's GY.
<br>You can only activate 1 ""Bayonet Punisher"" per turn.",,0.03,0.25,2.0,0.18,0.05,1st Edition,BODE-EN098,Super Rare,SPELL,Quick-Play Spell,,,,,
252651,Cynet Cascade,Cynet Cascade,https://tcgplayer-cdn.tcgplayer.com/product/252651_200w.jpg,2,2879,https://cpt.tcgcsv.com/2523,2024-07-26T16:47:45.967,1,If you Link Summon a Link Monster: You can target 1 monster in your GY used as its material; Special Summon it.,,0.01,0.15,1.5,0.05,0.05,1st Edition,BODE-EN099,Common,TRAP,Normal Trap,,,,,
252652,Elemental HERO Stratos (Starlight Rare),Elemental HERO Stratos Starlight Rare,https://tcgplayer-cdn.tcgplayer.com/product/252652_200w.jpg,2,2879,https://cpt.tcgcsv.com/3523,2021-11-16T20:45:55.86,1,"When this card is Normal or Special Summoned: You can activate 1 of these effects.
<br>• Destroy Spells/Traps on the field, up to the number of ""HERO"" monsters you control, except this card.
<br>• Add 1 ""HERO"" monster from your Deck to your hand.",,85.0,104.0,299.99,105.32,,1st Edition,BODE-EN100,Starlight Rare,WIND,Effect Monster,Warrior,1800,300,,
