productId,name,cleanName,imageUrl,categoryId,groupId,url,modifiedOn,imageCount,extDescription,lowPrice,midPrice,highPrice,marketPrice,directLowPrice,subTypeName,extNumber,extRarity,extAttribute,extMonsterType,extCardType,extAttack,extDefense
121241,Dragons of Legend: Unleashed Booster Box,Dragons of Legend Unleashed Booster Box,https://tcgplayer-cdn.tcgplayer.com/product/121241_200w.jpg,2,1828,https://cpt.tcgcsv.com/Rv-,2016-08-23T12:58:07.833,1,"Unleash some of the most anticipated cards printed for the first time and collect key cards from Dragons of Legend and Dragons of Legend 2. This set contains cards that spans all five of the Yu-Gi-Oh! Television series. 
<br>
<br>Each Dragons of Legend: Unleashed Booster Box contains 24 5-card packs.",154.99,159.97,198.0,159.97,,Normal,,,,,,,
121242,Dragons of Legend: Unleashed Booster Pack,Dragons of Legend Unleashed Booster Pack,https://tcgplayer-cdn.tcgplayer.com/product/121242_200w.jpg,2,1828,https://cpt.tcgcsv.com/Sv-,2016-08-19T14:46:53.163,1,"Unleash some of the most anticipated cards printed for the first time and collect key cards from Dragons of Legend and Dragons of Legend 2. This set contains cards that spans all five of the Yu-Gi-Oh! Television series. 
<br>
<br>Each Dragons of Legend: Unleashed Booster Pack contains 5 random cards from the Dragons of Legend: Unleashed set.",14.0,14.5,15.0,,,Normal,,,,,,,
121454,Odd-Eyes Mirage Dragon,Odd Eyes Mirage Dragon,https://tcgplayer-cdn.tcgplayer.com/product/121454_200w.jpg,2,1828,https://cpt.tcgcsv.com/6C-,2016-08-19T14:38:36.993,1,"<b>Pendulum Effect :</b> Once per turn, if a face-up ""Odd-Eyes"" Pendulum Monster(s) you control is destroyed by battle or card effect: You can destroy 1 card in your Pendulum Zone, and if you do, place 1 face-up ""Odd-Eyes"" Pendulum Monster in your Extra Deck in your Pendulum Zone, except ""Odd-Eyes Mirage Dragon"".
<br><b>Monster Effect :</b> During either player's turn, while an ""Odd-Eyes"" card is in your Pendulum Zone: You can target 1 ""Odd-Eyes"" monster you control; the first time it would be destroyed by battle or card effect this turn, it is not destroyed. You can only use this effect of ""Odd-Eyes Mirage Dragon"" once per turn.",0.1,0.62,4.99,0.48,,1st Edition,DRL3-EN001,Secret Rare,DARK,Dragon,Pendulum/Effect Monster,1200,600
121455,Performapal Uni,Performapal Uni,https://tcgplayer-cdn.tcgplayer.com/product/121455_200w.jpg,2,1828,https://cpt.tcgcsv.com/7C-,2016-08-19T14:38:57.563,1,"Once per turn, during your Main Phase, if this card was Normal or Special Summoned this turn: You can Special Summon 1 Level 3 or lower ""Performapal"" monster from your hand in Attack Position. During your opponent's turn: You can banish 1 ""Performapal"" monster, except ""Performapal Uni"", and this card from your Graveyard; the next time you would take battle damage this turn, you do not (this is a Quick Effect).",0.05,0.28,2.99,0.19,,1st Edition,DRL3-EN002,Ultra Rare,LIGHT,Beast-Warrior,Effect Monster,800,1500
121456,Performapal Corn,Performapal Corn,https://tcgplayer-cdn.tcgplayer.com/product/121456_200w.jpg,2,1828,https://cpt.tcgcsv.com/8C-,2016-08-19T14:38:44.423,1,"Once per turn, during your Main Phase, if this card was Normal or Special Summoned this turn: You can target 1 other ""Performapal"" monster you control with 1000 or less ATK; change both it and this card, that you control, from face-up Attack Position to Defense Position, and if you do, add 1 ""Odd-Eyes"" monster from your Deck to your hand. During your opponent's turn: You can banish 1 ""Performapal"" monster, except ""Performapal Corn"", and this card from your Graveyard; gain 500 LP (this is a Quick Effect).",0.09,0.25,16.99,0.2,,1st Edition,DRL3-EN003,Ultra Rare,LIGHT,Beast-Warrior,Effect Monster,600,1000
121457,Raidraptor - Napalm Dragonius,Raidraptor Napalm Dragonius,https://tcgplayer-cdn.tcgplayer.com/product/121457_200w.jpg,2,1828,https://cpt.tcgcsv.com/9C-,2016-08-19T14:39:19.59,1,"Once per turn: You can inflict 600 damage to your opponent, also monsters in your possession cannot activate their effects for the rest of this turn, except ""Raidraptor"" monsters. When this card is destroyed by battle and sent to the Graveyard: You can Special Summon 1 ""Raidraptor"" monster from your Deck, but it has its effects negated.",0.08,0.35,2.99,0.2,,1st Edition,DRL3-EN004,Ultra Rare,DARK,Winged Beast,Effect Monster,1000,1000
121458,Raidraptor - Blade Burner Falcon,Raidraptor Blade Burner Falcon,https://tcgplayer-cdn.tcgplayer.com/product/121458_200w.jpg,2,1828,https://cpt.tcgcsv.com/bC-,2016-08-19T14:39:12.973,1,"2 Level 4 Winged Beast-Type monsters
<br>If this card is Xyz Summoned, and your opponent's LP is at least 3000 higher than yours: You can make this card gain 3000 ATK. When this card destroys an opponent's monster by battle: You can detach any number of Xyz Materials from this card; destroy exactly that number of monsters your opponent controls.",0.05,0.4,2.99,0.2,,1st Edition,DRL3-EN005,Ultra Rare,DARK,Winged Beast,Xyz/Effect Monster,1000,1000
121459,The Tripper Mercury,The Tripper Mercury,https://tcgplayer-cdn.tcgplayer.com/product/121459_200w.jpg,2,1828,https://cpt.tcgcsv.com/cC-,2016-08-19T14:44:01.883,1,"When this card is Tribute Summoned: You can change all monsters on the field to face-up Attack Position. You can Tribute 3 monsters to Tribute Summon (but not Set) this card. If Summoned this way, while this card is on the field, all monsters your opponent controls lose ATK equal to their original ATK. This card can make a second attack during each Battle Phase.",0.14,0.5,5.24,0.31,,1st Edition,DRL3-EN006,Secret Rare,WATER,Aqua,Effect Monster,2000,2000
121460,The Blazing Mars,The Blazing Mars,https://tcgplayer-cdn.tcgplayer.com/product/121460_200w.jpg,2,1828,https://cpt.tcgcsv.com/dC-,2016-08-19T14:42:10.22,1,"While this card is in your hand or Graveyard: You can banish 3 other monsters from your Graveyard; Special Summon this card, also you cannot Special Summon other monsters for the rest of this turn. During your Main Phase 1: You can send all other monsters you control to the Graveyard; inflict 500 damage to your opponent for each monster sent to the Graveyard. You can only use each effect of ""The Blazing Mars"" once per turn.",0.15,0.45,69.0,0.29,,1st Edition,DRL3-EN007,Secret Rare,FIRE,Pyro,Effect Monster,2600,2500
121461,The Grand Jupiter,The Grand Jupiter,https://tcgplayer-cdn.tcgplayer.com/product/121461_200w.jpg,2,1828,https://cpt.tcgcsv.com/fC-,2016-08-19T14:42:49.937,1,"Once per turn: You can discard 2 cards, then target 1 face-up monster your opponent controls; equip that face-up monster to this card. This card gains ATK equal to the combined original ATK of the monsters equipped to it by this effect. Once per turn, during the End Phase: You can target 1 Monster Card equipped to this card by this card's effect; Special Summon it to your field.",0.14,0.49,4.99,0.41,,1st Edition,DRL3-EN008,Secret Rare,DARK,Warrior,Effect Monster,2500,2000
121462,The Despair Uranus,The Despair Uranus,https://tcgplayer-cdn.tcgplayer.com/product/121462_200w.jpg,2,1828,https://cpt.tcgcsv.com/gC-,2016-08-19T14:42:30.387,1,"When this card is Tribute Summoned while you control no Spell/Trap Cards: You can activate this effect; your opponent declares either Continuous Spell or Continuous Trap, then you Set 1 card of that type directly from your Deck. This card gains 300 ATK for each face-up Spell/Trap Card you control. Face-up cards in your Spell & Trap Zone cannot be destroyed by card effects.",0.13,0.46,5.04,0.32,,1st Edition,DRL3-EN009,Secret Rare,LIGHT,Rock,Effect Monster,2900,2300
121463,The Suppression Pluto,The Suppression Pluto,https://tcgplayer-cdn.tcgplayer.com/product/121463_200w.jpg,2,1828,https://cpt.tcgcsv.com/hC-,2016-08-19T14:44:03.43,1,"Once per turn: You can declare 1 card name; look at your opponent's hand, then if they have the declared card in their hand, apply 1 of these effects.
<br><b>-</b> Take control of 1 monster your opponent controls.
<br><b>-</b> Destroy 1 Spell/Trap Card your opponent controls, then you can Set the destroyed Spell/Trap Card on your field.",0.15,0.5,5.88,0.33,,1st Edition,DRL3-EN010,Secret Rare,DARK,Fiend,Effect Monster,2600,2000
121464,Cyber Petit Angel,Cyber Petit Angel,https://tcgplayer-cdn.tcgplayer.com/product/121464_200w.jpg,2,1828,https://cpt.tcgcsv.com/jC-,2016-08-19T14:26:13.703,1,"If this card is Summoned: You can add 1 ""Cyber Angel"" monster or ""Machine Angel Ritual"" from your Deck to your hand. You can only use this effect of ""Cyber Petit Angel"" once per turn.",0.18,0.49,4.0,0.41,,1st Edition,DRL3-EN011,Ultra Rare,LIGHT,Fairy,Effect Monster,300,200
121465,Cyber Angel Benten,Cyber Angel Benten,https://tcgplayer-cdn.tcgplayer.com/product/121465_200w.jpg,2,1828,https://cpt.tcgcsv.com/kC-,2019-04-30T20:35:56.567,1,"You can Ritual Summon this card with ""Machine Angel Ritual"". If this card destroys a monster by battle and sends it to the Graveyard: Inflict damage to your opponent equal to that monster's original DEF in the Graveyard. If this card is Tributed: You can add 1 LIGHT Fairy-Type monster from your Deck to your hand.",0.1,0.67,22.0,0.39,0.44,1st Edition,DRL3-EN012,Secret Rare,LIGHT,Fairy,Ritual/Effect Monster,1800,1500
121466,Cyber Angel Idaten,Cyber Angel Idaten,https://tcgplayer-cdn.tcgplayer.com/product/121466_200w.jpg,2,1828,https://cpt.tcgcsv.com/lC-,2016-08-19T14:25:39.083,1,"You can Ritual Summon this card with ""Machine Angel Ritual"". If this card is Ritual Summoned: You can add 1 Ritual Spell Card from your Deck or Graveyard to your hand. If this card is Tributed: You can make all Ritual Monsters you control gain 1000 ATK and DEF.",0.25,0.69,11.95,0.51,,1st Edition,DRL3-EN013,Secret Rare,LIGHT,Fairy,Ritual/Effect Monster,1600,2000
121467,Cyber Angel Dakini,Cyber Angel Dakini,https://tcgplayer-cdn.tcgplayer.com/product/121467_200w.jpg,2,1828,https://cpt.tcgcsv.com/mC-,2016-08-19T14:25:29.89,1,"You can Ritual Summon this card with ""Machine Angel Ritual"". If this card is Ritual Summoned: You can make your opponent send 1 monster they control to the Graveyard (their choice). If a Ritual Monster you control attacks a Defense Position monster, inflict piercing battle damage to your opponent. Once per turn, during your End Phase: You can target 1 Ritual Monster or 1 ""Machine Angel Ritual"" in your Graveyard; add it to your hand.",0.25,0.63,10.0,0.46,,1st Edition,DRL3-EN014,Secret Rare,LIGHT,Fairy,Ritual/Effect Monster,2700,2400
121468,Machine Angel Ritual,Machine Angel Ritual,https://tcgplayer-cdn.tcgplayer.com/product/121468_200w.jpg,2,1828,https://cpt.tcgcsv.com/nC-,2016-08-19T14:37:13.053,1,"This card can be used to Ritual Summon any ""Cyber Angel"" Ritual Monster. You must also Tribute monsters from your hand or field whose total Levels equal or exceed the Level of the Ritual Monster you Ritual Summon. If a LIGHT monster(s) you control would be destroyed by battle or card effect while this card is in your Graveyard, you can banish this card instead.",0.1,0.38,2.99,0.32,,1st Edition,DRL3-EN015,Ultra Rare,SPELL,,Normal Spell,,
121469,Ritual Sanctuary,Ritual Sanctuary,https://tcgplayer-cdn.tcgplayer.com/product/121469_200w.jpg,2,1828,https://cpt.tcgcsv.com/pC-,2016-08-19T14:43:43.233,1,"You can discard 1 Spell Card; add 1 LIGHT Ritual Monster or 1 Ritual Spell Card from your Deck to your hand. You can shuffle any number of Spell Cards from your Graveyard into the Deck, then target 1 LIGHT Fairy-Type monster in your Graveyard whose Level equals the number of cards you shuffled into the Deck; Special Summon it. You can only use each effect of ""Ritual Sanctuary"" once per turn.",1.65,2.88,16.95,2.88,1.99,1st Edition,DRL3-EN016,Secret Rare,SPELL,,Normal Spell,,
121470,Red Nova,Red Nova,https://tcgplayer-cdn.tcgplayer.com/product/121470_200w.jpg,2,1828,https://cpt.tcgcsv.com/qC-,2016-08-19T14:43:20.143,1,"If a Level 8 or higher Dragon-Type Synchro Monster is on the field, you can Special Summon this card (from your hand). You can only Special Summon ""Red Nova"" once per turn this way. If this card is sent to the Graveyard for a Synchro Summon that uses 2 or more Tuner monsters as Materials: You can Special Summon 1 FIRE Fiend-Type monster from your Deck in Defense Position.",5.99,9.16,49.99,7.13,,1st Edition,DRL3-EN017,Secret Rare,FIRE,Fairy,Tuner/Effect Monster,0,0
121471,Zushin the Sleeping Giant,Zushin the Sleeping Giant,https://tcgplayer-cdn.tcgplayer.com/product/121471_200w.jpg,2,1828,https://cpt.tcgcsv.com/rC-,2016-08-19T14:44:59.333,1,"Cannot be Normal Summoned/Set. Must be Special Summoned (from your hand) by Tributing a monster you control with 10 Zushin Counters, and cannot be Special Summoned by other ways. Once per turn: You can reveal this card in your hand, then target 1 Level 1 Normal Monster you control (keep this card revealed until the end of this turn); place 1 Zushin Counter on it. Unaffected by other cards' effects. If this card battles a monster, during damage calculation: ATK and DEF of this card become equal to the current ATK of the monster it is battling +1000, during that damage calculation only.",0.05,0.29,2.99,0.28,,1st Edition,DRL3-EN018,Ultra Rare,EARTH,Warrior,Effect Monster,0,0
121472,Hand-Holding Genie,Hand Holding Genie,https://tcgplayer-cdn.tcgplayer.com/product/121472_200w.jpg,2,1828,https://cpt.tcgcsv.com/sC-,2016-08-19T14:34:47.213,1,"Monsters your opponent controls cannot target monsters for attacks, except this one. This card gains DEF equal to the combined original DEF of all other face-up Defense Position monsters you control.",0.05,0.25,2.99,0.19,,1st Edition,DRL3-EN019,Ultra Rare,DARK,Fiend,Effect Monster,1000,1600
121473,Scrum Force,Scrum Force,https://tcgplayer-cdn.tcgplayer.com/product/121473_200w.jpg,2,1828,https://cpt.tcgcsv.com/tC-,2016-08-19T14:41:40.8,1,"While you control 2 or more face-up Defense Position monsters, your opponent cannot target Defense Position monsters you control with card effects, and they cannot be destroyed by your opponent's card effects. If this card would be destroyed by card effect, you can destroy 1 card in your Spell & Trap Zone instead.",0.05,0.27,2.99,0.2,,1st Edition,DRL3-EN020,Ultra Rare,TRAP,,Normal Trap,,
121474,Number 100: Numeron Dragon,Number 100 Numeron Dragon,https://tcgplayer-cdn.tcgplayer.com/product/121474_200w.jpg,2,1828,https://cpt.tcgcsv.com/vC-,2022-08-26T14:32:40.167,1,"2 ""Number"" Xyz Monsters with the same name and Rank
<br>Once per turn: You can detach 1 Xyz Material from this card; this card gains ATK equal to the combined Ranks of all Xyz Monsters currently on the field x 1000, until the end of your opponent's turn. When this card is destroyed by card effect: You can destroy as many monsters on the field as possible (min. 1), then each player Sets 1 Spell/Trap Card from their Graveyard to their field. When an opponent's monster declares an attack while this card is in your Graveyard and you have no cards in your hand or field: You can Special Summon this card.",0.05,0.5,31.0,0.42,,1st Edition,DRL3-EN021,Secret Rare,LIGHT,Dragon,Xyz/Effect Monster,0,0
121475,Number 24: Dragulas the Vampiric Dragon,Number 24 Dragulas the Vampiric Dragon,https://tcgplayer-cdn.tcgplayer.com/product/121475_200w.jpg,2,1828,https://cpt.tcgcsv.com/wC-,2016-08-19T14:37:48.517,1,"2 Level 6 monsters
<br>Once per turn, during either player's turn: You can detach 1 Xyz Material from this card, then target 1 face-up monster on the field that was Special Summoned from the Extra Deck; change it to face-down Defense Position. If this face-up card in its owner's control is sent to your Graveyard or banished by your opponent's card effect: You can Special Summon this card in face-down Defense Position. If this card is flipped face-up: Send 1 card on the field to the Graveyard.",0.81,1.97,25.0,1.5,1.78,1st Edition,DRL3-EN022,Secret Rare,DARK,Wyrm,Xyz/Effect Monster,2400,2800
121476,Number 45: Crumble Logos the Prophet of Demolition,Number 45 Crumble Logos the Prophet of Demolition,https://tcgplayer-cdn.tcgplayer.com/product/121476_200w.jpg,2,1828,https://cpt.tcgcsv.com/xC-,2023-03-12T05:16:52.613,1,"2 or more Level 2 monsters
<br>Once per turn: You can detach 1 Xyz Material from this card, then target 1 other face-up card on the field; while this monster is face-up on the field, that target has its effects negated. While that target is on the field, cards with the same name as that target, and their effects, cannot be activated.",0.75,1.42,29.99,0.85,3.14,1st Edition,DRL3-EN023,Secret Rare,EARTH,Zombie,Xyz/Effect Monster,2200,0
121477,Number 51: Finisher the Strong Arm,Number 51 Finisher the Strong Arm,https://tcgplayer-cdn.tcgplayer.com/product/121477_200w.jpg,2,1828,https://cpt.tcgcsv.com/zC-,2016-08-19T14:38:01.99,1,"3 Level 3 monsters
<br>Cannot be destroyed by battle. At the end of the Damage Step, if this card battled: You can detach 1 Xyz Material from this card; place 1 Counter on this card (max. 3). At the end of the Battle Phase, if this card battled, and has 3 of these Counters: You can destroy all cards your opponent controls.",0.15,0.5,25.0,0.5,,1st Edition,DRL3-EN024,Secret Rare,EARTH,Rock,Xyz/Effect Monster,2600,0
121478,Number 59: Crooked Cook,Number 59 Crooked Cook,https://tcgplayer-cdn.tcgplayer.com/product/121478_200w.jpg,2,1828,https://cpt.tcgcsv.com/BC-,2016-08-19T14:38:10.397,1,"2 Level 4 monsters
<br>While you control no other cards on the field, this card is unaffected by other cards' effects. Once per turn, during either player's turn: You can detach 1 Xyz Material from this card; destroy as many other cards you control as possible, then this card gains 300 ATK until the end of this turn for each monster destroyed by this effect and sent to the Graveyard.",0.6,1.31,15.0,1.25,,1st Edition,DRL3-EN025,Ultra Rare,FIRE,Warior,Xyz/Effect Monster,2300,200
121479,Number 78: Number Archive,Number 78 Number Archive,https://tcgplayer-cdn.tcgplayer.com/product/121479_200w.jpg,2,1828,https://cpt.tcgcsv.com/CC-,2016-08-19T14:38:17.343,1,"2 Level 1 monsters
<br>Once per turn, during either player's turn: You can detach 1 Xyz Material from this card; your opponent randomly chooses 1 card in your Extra Deck, and if it is a ""Number"" monster that has a number between ""1"" and ""99"" in its name, Special Summon it by using this face-up card you control as the Xyz Material, but banish that monster during the End Phase, also you cannot Special Summon for the rest of this turn. (This is treated as an Xyz Summon. Xyz Materials attached to this card also become Xyz Materials on the Summoned monster.)",0.1,0.41,10.0,0.33,,1st Edition,DRL3-EN026,Ultra Rare,LIGHT,Spellcaster,Xyz/Effect Monster,0,0
121480,Number 98: Antitopian,Number 98 Antitopian,https://tcgplayer-cdn.tcgplayer.com/product/121480_200w.jpg,2,1828,https://cpt.tcgcsv.com/DC-,2016-08-19T14:38:24.077,1,"2 Level 4 monsters
<br>When any player's monster declares an attack: You can detach 1 Xyz Material from this card; change that monster to Defense Position. During either player's turn, while this card is in your Graveyard: You can target 1 ""Utopia"" monster on the field; Special Summon this card in Defense Position, and if you do, attach that monster to this card as an Xyz Material. You can only use this effect of ""Number 98: Antitopian"" once per turn.",0.3,0.99,4.99,0.6,,1st Edition,DRL3-EN027,Secret Rare,DARK,Warior,Xyz/Effect Monster,2000,2500
121481,Cipher Wing,Cipher Wing,https://tcgplayer-cdn.tcgplayer.com/product/121481_200w.jpg,2,1828,https://cpt.tcgcsv.com/FC-,2016-08-19T14:25:08.58,1,"If you control a ""Cipher"" monster or ""Kinetic Soldier"" in your Monster Zone, you can Special Summon this card (from your hand). You can Tribute this card; increase the Levels of all ""Cipher"" monsters and ""Kinetic Soldier"" you currently control by 4 until the end of this turn.",0.05,0.25,2.99,0.14,,1st Edition,DRL3-EN028,Ultra Rare,LIGHT,Machine,Effect Monster,1400,1200
121482,Galaxy-Eyes Cipher Dragon,Galaxy Eyes Cipher Dragon,https://tcgplayer-cdn.tcgplayer.com/product/121482_200w.jpg,2,1828,https://cpt.tcgcsv.com/GC-,2016-08-19T14:28:24.863,1,"2 Level 8 monsters
<br>Once per turn: You can detach 1 Xyz Material from this card, then target 1 face-up monster your opponent controls; monsters you control cannot attack your opponent directly for the rest of this turn, except this card, also take control of the targeted monster until the End Phase, but while this effect is applied, it has its effects negated, its ATK becomes 3000, also its name becomes ""Galaxy-Eyes Cipher Dragon"".",1.25,3.02,20.0,2.07,,1st Edition,DRL3-EN029,Secret Rare,LIGHT,Dragon,Xyz/Effect Monster,3000,2500
121483,Galaxy Stealth Dragon,Galaxy Stealth Dragon,https://tcgplayer-cdn.tcgplayer.com/product/121483_200w.jpg,2,1828,https://cpt.tcgcsv.com/HC-,2016-08-19T14:28:17.903,1,"2 Level 4 Dragon-Type monsters
<br>Once per turn: You can detach 1 Xyz Material from this card; Special Summon 1 Dragon-Type monster from your hand. Your opponent cannot target other ""Galaxy"" cards you control with card effects, also those cards cannot be destroyed by your opponent's card effects.",0.4,1.15,25.0,1.14,5.0,1st Edition,DRL3-EN030,Secret Rare,DARK,Dragon,Xyz/Effect Monster,2000,1600
121484,Flower Cardian Pine,Flower Cardian Pine,https://tcgplayer-cdn.tcgplayer.com/product/121484_200w.jpg,2,1828,https://cpt.tcgcsv.com/JC-,2016-08-19T14:27:17.333,1,"If this card is Normal Summoned: Draw 1 card, show it, then send it to the Graveyard unless it is a ""Flower Cardian"" monster. You can only use this effect of ""Flower Cardian Pine"" once per turn. If this card is destroyed by battle and sent to the Graveyard, or if this card in your possession is destroyed by an opponent's card effect and sent to your Graveyard: You can draw 1 card.",0.18,0.51,4.99,0.49,,1st Edition,DRL3-EN031,Secret Rare,DARK,Warrior,Effect Monster,100,100
121485,Flower Cardian Zebra Grass,Flower Cardian Zebra Grass,https://tcgplayer-cdn.tcgplayer.com/product/121485_200w.jpg,2,1828,https://cpt.tcgcsv.com/KC-,2016-08-19T14:27:53.363,1,"While you control a Level 7 or lower ""Flower Cardian"" monster: You can Special Summon this card from your hand, also you cannot Normal or Special Summon monsters for the rest of this turn, except ""Flower Cardian"" monsters. If this card is Normal or Special Summoned: You can reveal any number of ""Flower Cardian"" monsters in your hand, shuffle them into the Deck, then draw the same number of cards.",0.14,0.46,2.99,0.26,,1st Edition,DRL3-EN032,Ultra Rare,DARK,Warrior,Effect Monster,100,100
121486,Flower Cardian Willow,Flower Cardian Willow,https://tcgplayer-cdn.tcgplayer.com/product/121486_200w.jpg,2,1828,https://cpt.tcgcsv.com/LC-,2016-08-19T14:27:34.113,1,"While you control a Level 10 or lower ""Flower Cardian"" monster: You can Special Summon this card from your hand, also you cannot Normal or Special Summon monsters for the rest of this turn, except ""Flower Cardian"" monsters. Once per turn: You can target 1 ""Flower Cardian"" monster in your Graveyard; shuffle it into your Deck, then draw 1 card.",0.19,0.38,3.9,0.37,,1st Edition,DRL3-EN033,Ultra Rare,DARK,Warrior,Effect Monster,100,100
121487,Flower Cardian Paulownia,Flower Cardian Paulownia,https://tcgplayer-cdn.tcgplayer.com/product/121487_200w.jpg,2,1828,https://cpt.tcgcsv.com/MC-,2016-08-19T14:27:01.237,1,"While you control a Level 11 or lower ""Flower Cardian"" monster: You can Special Summon this card from your hand, also you cannot Normal or Special Summon monsters for the rest of this turn, except ""Flower Cardian"" monsters. When this card is targeted for an attack: You can negate the attack, end the Battle Phase, then draw 1 card.",0.09,0.35,2.99,0.2,,1st Edition,DRL3-EN034,Ultra Rare,DARK,Warrior,Effect Monster,100,100
121488,Flower Cardian Pine with Crane,Flower Cardian Pine with Crane,https://tcgplayer-cdn.tcgplayer.com/product/121488_200w.jpg,2,1828,https://cpt.tcgcsv.com/NC-,2016-08-19T14:27:27.91,1,"Cannot be Normal Summoned/Set. Must first be Special Summoned (from your hand) by Tributing 1 Level 1 ""Flower Cardian"" monster, except ""Flower Cardian Pine with Crane"". If this card is Special Summoned: Draw 1 card, and if you do, show it, then you can Special Summon it if it is a ""Flower Cardian"" monster. Otherwise, send it to the Graveyard. At the end of the Battle Phase, if this card battled: Draw 1 card.",0.05,0.3,2.99,0.2,,1st Edition,DRL3-EN035,Ultra Rare,DARK,Warrior,Effect Monster,2000,2000
121489,Flower Cardian Zebra Grass with Moon,Flower Cardian Zebra Grass with Moon,https://tcgplayer-cdn.tcgplayer.com/product/121489_200w.jpg,2,1828,https://cpt.tcgcsv.com/PC-,2016-08-19T14:28:00.697,1,"Cannot be Normal Summoned/Set. Must first be Special Summoned (from your hand) by Tributing 1 Level 8 ""Flower Cardian"" monster, except ""Flower Cardian Zebra Grass with Moon"". If this card is Special Summoned: Draw 1 card, and if you do, show it, then you can Special Summon it if it is a ""Flower Cardian"" monster. Otherwise, send it to the Graveyard. Once per turn, if this card destroys an opponent's monster by battle: You can draw 1 card.",0.1,0.37,2.99,0.37,,1st Edition,DRL3-EN036,Ultra Rare,DARK,Warrior,Effect Monster,2000,2000
121490,Flower Cardian Willow with Calligrapher,Flower Cardian Willow with Calligrapher,https://tcgplayer-cdn.tcgplayer.com/product/121490_200w.jpg,2,1828,https://cpt.tcgcsv.com/QC-,2016-08-19T14:27:45.34,1,"Cannot be Normal Summoned/Set. Must first be Special Summoned (from your hand) by Tributing 1 Level 11 ""Flower Cardian"" monster, except ""Flower Cardian Willow with Calligrapher"". If this card is Special Summoned: Draw 1 card and reveal it, then if it is a ""Flower Cardian"" monster, you can Special Summon it. Otherwise, send it to the Graveyard. When using this card as a Synchro Material, you can treat this card and all the other Synchro Materials as Level 2 monsters.",0.1,0.38,2.99,0.23,,1st Edition,DRL3-EN037,Ultra Rare,DARK,Warrior,Tuner/Effect Monster,2000,2000
121491,Flower Cardian Paulownia with Phoenix,Flower Cardian Paulownia with Phoenix,https://tcgplayer-cdn.tcgplayer.com/product/121491_200w.jpg,2,1828,https://cpt.tcgcsv.com/RC-,2016-08-19T14:27:09.123,1,"Cannot be Normal Summoned/Set. Must first be Special Summoned (from your hand) by Tributing 1 Level 12 ""Flower Cardian"" monster, except ""Flower Cardian Paulownia with Phoenix"". If this card is Special Summoned: Draw 1 card and reveal it, then if it is a ""Flower Cardian"" monster, you can Special Summon it. Otherwise, send it to the Graveyard. Once per turn, when this card inflicts battle damage to your opponent: You can draw 1 card.",0.07,0.27,2.99,0.21,,1st Edition,DRL3-EN038,Ultra Rare,DARK,Warrior,Effect Monster,2000,2000
121492,Flower Cardian Lightshower,Flower Cardian Lightshower,https://tcgplayer-cdn.tcgplayer.com/product/121492_200w.jpg,2,1828,https://cpt.tcgcsv.com/SC-,2016-08-19T14:26:54.373,1,"1 Tuner + 3 non-Tuner monsters
Your opponent cannot target ""Flower Cardian"" monsters you control with card effects, also those monsters cannot be destroyed by card effects. During your opponent's Draw Phase, if they draw a card(s) for their normal draw: Inflict 1500 damage to your opponent. Once per turn, during your opponent's End Phase: Activate 1 of these effects;
<br><b>-</b> Skip the Draw Phase of your next turn.
<br><b>-</b> This card has its other effects negated until your opponent's next Standby Phase.",0.11,0.86,20.0,0.75,,1st Edition,DRL3-EN039,Secret Rare,DARK,Warrior,Synchro/Effect Monster,3000,3000
121493,Flower Gathering,Flower Gathering,https://tcgplayer-cdn.tcgplayer.com/product/121493_200w.jpg,2,1828,https://cpt.tcgcsv.com/TC-,2016-08-19T14:28:08.023,1,"Special Summon 4 ""Flower Cardian"" monsters with 100 ATK and different names from your Deck in Attack Position, but their effects are negated, also they cannot be Tributed for a Tribute Summon. You can only activate 1 ""Flower Gathering"" per turn. You cannot Normal or Special Summon monsters during the turn you activate this card, except ""Flower Cardian"" monsters.",0.05,0.38,4.99,0.32,0.32,1st Edition,DRL3-EN040,Ultra Rare,SPELL,,Normal Spell,,
121494,Legendary Knight Timaeus,Legendary Knight Timaeus,https://tcgplayer-cdn.tcgplayer.com/product/121494_200w.jpg,2,1828,https://cpt.tcgcsv.com/VC-,2016-08-19T14:36:16.853,1,"Cannot be Normal Summoned/Set. Must be Special Summoned with ""Legend of Heart"", and cannot be Special Summoned by other ways. When this card is Special Summoned: You can target 1 face-up Spell/Trap Card on the field; banish that target. When this card is targeted for an attack: You can target 1 Spell Card in your Graveyard; Set that target.",0.2,0.49,2.99,0.39,,1st Edition,DRL3-EN041,Ultra Rare,LIGHT,Warrior,Effect Monster,2800,1800
121495,Kuribandit,Kuribandit,https://tcgplayer-cdn.tcgplayer.com/product/121495_200w.jpg,2,1828,https://cpt.tcgcsv.com/WC-,2016-08-19T14:34:49.363,1,"During the End Phase, if this card was Normal Summoned this turn: You can Tribute this card; excavate the top 5 cards of your Deck, you can add 1 excavated Spell/Trap Card to your hand, also send the remaining cards to the Graveyard.",0.1,0.42,5.0,0.3,,1st Edition,DRL3-EN042,Ultra Rare,DARK,Fiend,Effect Monster,1000,700
121496,Amulet Dragon,Amulet Dragon,https://tcgplayer-cdn.tcgplayer.com/product/121496_200w.jpg,2,1828,https://cpt.tcgcsv.com/XC-,2016-08-19T14:24:56.293,1,"""Dark Magician"" + 1 Dragon-Type monster
<br>Must be Fusion Summoned with the above Fusion Material Monsters or with ""The Eye of Timaeus"", and cannot be Special Summoned by other ways. If this card is Special Summoned: Target any number of Spell Cards in any Graveyard(s) (min. 1); banish those targets, and if you do, this card gains 100 ATK for each card banished by this effect. If this card is destroyed: You can target 1 Spellcaster-Type monster in your Graveyard; Special Summon that target.",0.5,1.02,10.0,1.02,0.98,1st Edition,DRL3-EN043,Ultra Rare,DARK,Dragon,Fusion/Effect Monster,2900,2500
121497,Dark Magician Girl the Dragon Knight,Dark Magician Girl the Dragon Knight,https://tcgplayer-cdn.tcgplayer.com/product/121497_200w.jpg,2,1828,https://cpt.tcgcsv.com/ZC-,2023-05-22T19:59:49.557,1,"""Dark Magician Girl"" + 1 Dragon-Type monster
<br>Must be Fusion Summoned with the above Fusion Material Monsters or with ""The Eye of Timaeus"", and cannot be Special Summoned by other ways. Once per turn, during either player's turn: You can send 1 card from your hand to the Graveyard, then target 1 face-up card on the field; destroy that target.",1.9,4.61,20.0,3.94,,1st Edition,DRL3-EN044,Ultra Rare,DARK,Dragon,Fusion/Effect Monster,2600,1700
121498,The Eye of Timaeus,The Eye of Timaeus,https://tcgplayer-cdn.tcgplayer.com/product/121498_200w.jpg,2,1828,https://cpt.tcgcsv.com/-C-,2016-08-19T14:42:33.99,1,"(This card is also always treated as ""Legendary Dragon Timaeus"".)
<br>Target 1 ""Dark Magician"" monster you control; Fusion Summon 1 Fusion Monster from your Extra Deck that lists that monster on the field as a Fusion Material Monster, using it as the Fusion Material. You can only activate 1 ""The Eye of Timaeus"" per turn.",1.29,4.67,13.0,2.89,5.99,1st Edition,DRL3-EN045,Ultra Rare,SPELL,,Normal Spell,,
121499,Legend of Heart,Legend of Heart,https://tcgplayer-cdn.tcgplayer.com/product/121499_200w.jpg,2,1828,https://cpt.tcgcsv.com/_C-,2016-08-19T14:34:59.4,1,"Pay 2000 Life Points and Tribute 1 Warrior-Type monster; banish up to 3 ""Legendary Dragon"" Spell Cards with different names from your hand and/or Graveyard, and if you do, Special Summon that many ""Legendary Knight"" monsters with different names from your hand, Deck, and/or Graveyard. You can only activate 1 ""Legend of Heart"" per turn.",0.2,0.6,2.99,0.43,,1st Edition,DRL3-EN046,Ultra Rare,SPELL,,Normal Spell,,
121500,Berserker Soul,Berserker Soul,https://tcgplayer-cdn.tcgplayer.com/product/121500_200w.jpg,2,1828,https://cpt.tcgcsv.com/0D-,2016-08-19T14:25:02.61,1,"When a monster you control inflicts 1500 or less damage to your opponent by a direct attack: Discard your entire hand (min.1); excavate the top card of your Deck, and if it is a Monster Card, send it to the Graveyard, and if you do that, inflict 500 damage to your opponent, then repeat this effect up to 7 more times or until you excavate a non-Monster Card. If a non-Monster Card is excavated, place it on the top of your Deck. You can only activate 1 ""Berserker Soul"" per turn.",0.04,0.3,2.99,0.23,,1st Edition,DRL3-EN047,Ultra Rare,SPELL,,Normal Spell,,
121501,Relay Soul,Relay Soul,https://tcgplayer-cdn.tcgplayer.com/product/121501_200w.jpg,2,1828,https://cpt.tcgcsv.com/2D-,2016-08-19T14:41:21.2,1,"Special Summon 1 monster from your hand. While it is face-up on your side of the field, you take no damage. When it leaves the field, your opponent wins the Duel.",0.05,0.25,2.99,0.19,,1st Edition,DRL3-EN048,Ultra Rare,TRAP,,Normal Trap,,
121502,Guardian Dreadscythe,Guardian Dreadscythe,https://tcgplayer-cdn.tcgplayer.com/product/121502_200w.jpg,2,1828,https://cpt.tcgcsv.com/3D-,2016-08-19T14:28:38.08,1,"Cannot be Normal Summoned/Set. Must be Special Summoned by its own effect, and cannot be Special Summoned by other ways. If a ""Guardian Eatos"" is destroyed by battle or by card effect and sent to your Graveyard: You can Special Summon this card from your hand. When this card is Special Summoned: You can equip 1 ""Reaper Scythe - Dreadscythe"" from your Deck to this card. You cannot Normal or Special Summon monsters (but you can Normal Set). When this card is sent from the field to the Graveyard: Send 1 card from your hand to the Graveyard, and if you do, Special Summon this card from the Graveyard.",0.14,0.4,2.99,0.39,,1st Edition,DRL3-EN049,Ultra Rare,DARK,Fiend,Effect Monster,2500,2000
121503,Reaper Scythe - Dreadscythe,Reaper Scythe Dreadscythe,https://tcgplayer-cdn.tcgplayer.com/product/121503_200w.jpg,2,1828,https://cpt.tcgcsv.com/5D-,2016-08-19T14:39:28.127,1,"Equip only to ""Guardian Dreadscythe"". It gains 500 ATK for each monster in the Graveyards.",0.02,0.37,2.99,0.36,,1st Edition,DRL3-EN050,Ultra Rare,SPELL,,Normal Spell,,
121504,Soul Charge,Soul Charge,https://tcgplayer-cdn.tcgplayer.com/product/121504_200w.jpg,2,1828,https://cpt.tcgcsv.com/6D-,2016-08-19T14:41:58.93,1,"Target any number of monsters in your Graveyard; Special Summon them, and if you do, you lose 1000 LP for each monster Special Summoned by this effect. You cannot conduct your Battle Phase the turn you activate this card. You can only activate 1 ""Soul Charge"" per turn.",0.88,2.04,13.75,1.93,,1st Edition,DRL3-EN051,Ultra Rare,SPELL,,Normal Spell,,
121505,Ra's Disciple,Ras Disciple,https://tcgplayer-cdn.tcgplayer.com/product/121505_200w.jpg,2,1828,https://cpt.tcgcsv.com/7D-,2022-10-29T17:15:48.703,1,"When this card is Summoned: You can Special Summon up to 2 ""Ra's Disciple"" from your hand and/or Deck. Cannot be Tributed, except for the Tribute Summon of ""Slifer the Sky Dragon"", ""Obelisk the Tormentor"", or ""The Winged Dragon of Ra"". You cannot Special Summon monsters, except by the effect of ""Ra's Disciple"".",0.15,0.5,9.99,0.4,,1st Edition,DRL3-EN052,Ultra Rare,LIGHT,Fairy,Effect Monster,1100,600
121506,Mound of the Bound Creator,Mound of the Bound Creator,https://tcgplayer-cdn.tcgplayer.com/product/121506_200w.jpg,2,1828,https://cpt.tcgcsv.com/8D-,2016-08-19T14:37:25.81,1,Level 10 or higher monsters on the field cannot be targeted or destroyed by card effects. If a Level 10 or higher monster on the field destroys a monster by battle and sends it to the Graveyard: The player who controlled the destroyed monster takes 1000 damage. When this card on the field is destroyed by a card effect and sent to the Graveyard: You can add 1 DIVINE monster from your Deck to your hand.,0.75,1.0,5.0,0.96,,1st Edition,DRL3-EN053,Ultra Rare,SPELL,,Normal Spell,,
121507,Wiretap,Wiretap,https://tcgplayer-cdn.tcgplayer.com/product/121507_200w.jpg,2,1828,https://cpt.tcgcsv.com/9D-,2016-08-19T14:44:52.083,1,"When a Trap Card is activated: Negate the activation, and if you do, shuffle that card into the Deck.",0.25,0.5,2.99,0.49,,1st Edition,DRL3-EN054,Ultra Rare,TRAP,,Normal Trap,,
121508,Timaeus the Knight of Destiny,Timaeus the Knight of Destiny,https://tcgplayer-cdn.tcgplayer.com/product/121508_200w.jpg,2,1828,https://cpt.tcgcsv.com/bD-,2016-08-19T14:44:10.683,1,"""Legendary Knight Timaeus"" + ""Legendary Knight Critias"" + ""Legendary Knight Hermos""
<br>Must be Special Summoned (from your Extra Deck) by sending the above cards you control to the Graveyard, and cannot be Special Summoned by other ways. (You do not use ""Polymerization"".) This card is unaffected by other cards' effects. Once per battle, if this card attacks or is attacked, during damage calculation (in either player's turn): You can make this card's ATK and DEF become equal to the ATK of the monster on the field with the highest ATK (your choice, if tied). When this card is destroyed by battle: You can Special Summon 3 ""Legendary Knight"" monsters from your hand, Deck, and/or Graveyard, ignoring their Summoning conditions.",0.1,0.45,2.99,0.36,,1st Edition,DRL3-EN055,Ultra Rare,LIGHT,Warrior,Fusion/Effect Monster,0,0
121509,Legendary Knight Critias,Legendary Knight Critias,https://tcgplayer-cdn.tcgplayer.com/product/121509_200w.jpg,2,1828,https://cpt.tcgcsv.com/cD-,2016-08-19T14:36:07.26,1,"Cannot be Normal Summoned/Set. Must be Special Summoned with ""Legend of Heart"", and cannot be Special Summoned by other ways. When this card is Special Summoned: You can target 1 face-up Spell/Trap Card on the field; banish that target. When this card is targeted for an attack: You can target 1 Trap Card in your Graveyard; Set that target. That Set card can be activated during this turn.",0.13,0.32,2.99,0.28,,1st Edition,DRL3-EN056,Ultra Rare,LIGHT,Warrior,Effect Monster,2800,1800
121510,Doom Virus Dragon,Doom Virus Dragon,https://tcgplayer-cdn.tcgplayer.com/product/121510_200w.jpg,2,1828,https://cpt.tcgcsv.com/dD-,2016-08-19T14:26:25.887,1,"Must be Special Summoned with ""The Fang of Critias"", using ""Crush Card Virus"", and cannot be Special Summoned by other ways. If this card is Special Summoned: Check your opponent's hand, all monsters they control, and all cards they draw until the end of their 3rd turn after this effect's activation, and destroy all those monsters with 1500 or more ATK.",0.1,0.38,3.97,0.31,,1st Edition,DRL3-EN057,Ultra Rare,DARK,Dragon,Fusion/Effect Monster,1900,1500
121511,Tyrant Burst Dragon,Tyrant Burst Dragon,https://tcgplayer-cdn.tcgplayer.com/product/121511_200w.jpg,2,1828,https://cpt.tcgcsv.com/fD-,2016-08-19T14:44:41.267,1,"Must be Special Summoned with ""The Fang of Critias"", using ""Tyrant Wing"", and cannot be Special Summoned by other ways. This card can attack all monsters your opponent controls, once each. You can target 1 face-up monster you control; equip this monster to that target. It gains 400 ATK and DEF, also it can make 3 attacks during each Battle Phase.",0.1,0.3,5.0,0.23,,1st Edition,DRL3-EN058,Ultra Rare,LIGHT,Dragon,Fusion/Effect Monster,2900,2500
121512,Mirror Force Dragon,Mirror Force Dragon,https://tcgplayer-cdn.tcgplayer.com/product/121512_200w.jpg,2,1828,https://cpt.tcgcsv.com/gD-,2016-08-19T14:37:19.227,1,"Must be Special Summoned with ""The Fang of Critias"", using ""Mirror Force"", and cannot be Special Summoned by other ways. When a monster(s) you control is targeted for an attack or by an opponent's card effect (except during the Damage Step): You can destroy all cards your opponent controls.",0.25,0.5,5.0,0.42,,1st Edition,DRL3-EN059,Ultra Rare,LIGHT,Dragon,Fusion/Effect Monster,2800,1200
121513,The Fang of Critias,The Fang of Critias,https://tcgplayer-cdn.tcgplayer.com/product/121513_200w.jpg,2,1828,https://cpt.tcgcsv.com/hD-,2016-08-19T14:42:47.387,1,"(This card is also always treated as ""Legendary Dragon Critias"".)
<br>Send 1 Trap Card from your hand or your side of the field to the Graveyard, that is listed on a Fusion Monster that can only be Special Summoned with ""The Fang of Critias"" (if that card is Set, reveal it), then Special Summon that Fusion Monster from your Extra Deck. You can only activate 1 ""The Fang of Critias"" per turn.",0.35,0.75,2.99,0.59,,1st Edition,DRL3-EN060,Ultra Rare,SPELL,,Normal Spell,,
121514,Tyrant Wing,Tyrant Wing,https://tcgplayer-cdn.tcgplayer.com/product/121514_200w.jpg,2,1828,https://cpt.tcgcsv.com/jD-,2016-08-19T14:44:29.363,1,"Target 1 Dragon-Type monster on the field; equip this card to it. It gains 400 ATK and DEF, also it can make up to 2 attacks on monsters during each Battle Phase. During the End Phase, if the monster equipped with this card by this effect attacked an opponent's monster: Destroy this card.",0.06,0.36,2.99,0.32,,1st Edition,DRL3-EN061,Ultra Rare,TRAP,,Normal Trap,,
121515,Legendary Knight Hermos,Legendary Knight Hermos,https://tcgplayer-cdn.tcgplayer.com/product/121515_200w.jpg,2,1828,https://cpt.tcgcsv.com/kD-,2016-08-19T14:36:03.137,1,"Cannot be Normal Summoned/Set. Must be Special Summoned with ""Legend of Heart"", and cannot be Special Summoned by other ways. When this card is Special Summoned: You can target 1 face-up Spell/Trap Card on the field; banish that target. Once per turn, when this card is targeted for an attack: You can target 1 Effect Monster in your Graveyard; until the End Phase of your next turn, this card's name becomes that target's, and replace this effect with that target's original effects.",0.11,0.39,2.99,0.36,,1st Edition,DRL3-EN062,Ultra Rare,LIGHT,Warrior,Effect Monster,2800,1800
121516,Time Magic Hammer,Time Magic Hammer,https://tcgplayer-cdn.tcgplayer.com/product/121516_200w.jpg,2,1828,https://cpt.tcgcsv.com/lD-,2016-08-19T14:44:18.99,1,"Must be Special Summoned with ""The Claw of Hermos"", using a Spellcaster-Type monster, and cannot be Special Summoned by other ways. If this card is Special Summoned: Target 1 other face-up monster on the field; equip this card to it. At the start of the Damage Step, if it battles an opponent's monster: You can roll a six-sided die, and banish that opponent's monster until the Standby Phase of the Nth turn after this effect's activation (N = the result).",0.1,0.3,2.99,0.28,,1st Edition,DRL3-EN063,Ultra Rare,LIGHT,Spellcaster,Fusion/Effect Monster,500,400
121517,Rocket Hermos Cannon,Rocket Hermos Cannon,https://tcgplayer-cdn.tcgplayer.com/product/121517_200w.jpg,2,1828,https://cpt.tcgcsv.com/mD-,2016-08-19T14:41:34.79,1,"Must be Special Summoned with ""The Claw of Hermos"", using a Warrior-Type monster, and cannot be Special Summoned by other ways. If this card is Special Summoned: Target 1 other face-up monster on the field; equip this card to it. It can make a second attack during each Battle Phase, also, if it attacks a Defense Position monster, inflict piercing battle damage to your opponent.",0.1,0.3,2.99,0.25,,1st Edition,DRL3-EN064,Ultra Rare,LIGHT,Warrior,Fusion/Effect Monster,1500,1300
121518,Goddess Bow,Goddess Bow,https://tcgplayer-cdn.tcgplayer.com/product/121518_200w.jpg,2,1828,https://cpt.tcgcsv.com/nD-,2022-09-08T13:28:56.16,1,"Must be Special Summoned with ""The Claw of Hermos"", using a Warrior-Type monster, and cannot be Special Summoned by other ways. If this card is Special Summoned: Target 1 other face-up monster on the field; equip this card to it. While this card is equipped to a monster by this effect, negate the first effect activated by your opponent during each Battle Phase, also, after that, the equipped monster can make a second attack during this Battle Phase.",0.03,0.28,3.0,0.19,,1st Edition,DRL3-EN065,Ultra Rare,LIGHT,Warrior,Fusion/Effect Monster,1500,1600
121519,Red-Eyes Black Dragon Sword,Red Eyes Black Dragon Sword,https://tcgplayer-cdn.tcgplayer.com/product/121519_200w.jpg,2,1828,https://cpt.tcgcsv.com/pD-,2016-08-19T14:41:17.753,1,"Must be Special Summoned with ""The Claw of Hermos"", using a Dragon-Type monster, and cannot be Special Summoned by other ways. If this card is Special Summoned: Target 1 other face-up monster on the field; equip this card to it. It gains 1000 ATK, and 500 ATK and DEF for each Dragon-Type monster on the field and in the Graveyards.",0.53,0.76,2.99,0.68,,1st Edition,DRL3-EN066,Ultra Rare,DARK,Dragon,Fusion/Effect Monster,2400,2000
121520,The Claw of Hermos,The Claw of Hermos,https://tcgplayer-cdn.tcgplayer.com/product/121520_200w.jpg,2,1828,https://cpt.tcgcsv.com/qD-,2016-08-19T14:42:28.76,1,"(This card is also always treated as ""Legendary Dragon Hermos"".)
<br>Send 1 monster from your hand or your side of the field to the Graveyard, of the Type that is listed on a Fusion Monster that can only be Special Summoned with ""The Claw of Hermos"" (if that card is Set, reveal it), then Special Summon that Fusion Monster from your Extra Deck. You can only activate 1 ""The Claw of Hermos"" per turn.",0.6,1.1,2.99,1.05,,1st Edition,DRL3-EN067,Ultra Rare,SPELL,,Normal Spell,,
121521,Lord of the Red,Lord of the Red,https://tcgplayer-cdn.tcgplayer.com/product/121521_200w.jpg,2,1828,https://cpt.tcgcsv.com/rD-,2016-08-19T14:36:22.99,1,"You can Ritual Summon this card with ""Red-Eyes Transmigration"". Once per turn, during either player's turn, when a card or effect is activated, except ""Lord of the Red"": You can target 1 monster on the field; destroy it. Once per turn, during either player's turn, when a card or effect is activated, except ""Lord of the Red"": You can target 1 Spell/Trap Card on the field; destroy it.",0.44,0.69,2.99,0.69,,1st Edition,DRL3-EN068,Ultra Rare,FIRE,Dragon,Ritual/Effect Monster,2400,2100
121522,Red-Eyes Transmigration,Red Eyes Transmigration,https://tcgplayer-cdn.tcgplayer.com/product/121522_200w.jpg,2,1828,https://cpt.tcgcsv.com/sD-,2016-08-19T14:41:19.383,1,"This card is used to Ritual Summon ""Lord of the Red"". You must also Tribute monsters from your hand or field, and/or banish ""Red-Eyes"" monsters from your Graveyard, except ""Red-Eyes B. Chick"", whose total Levels equal 8 or more.",0.24,0.49,2.99,0.49,,1st Edition,DRL3-EN069,Ultra Rare,SPELL,,Normal Spell,,
121523,The Seal of Orichalcos,The Seal of Orichalcos,https://tcgplayer-cdn.tcgplayer.com/product/121523_200w.jpg,2,1828,https://cpt.tcgcsv.com/tD-,2023-02-18T16:54:23.53,1,"All monsters you control gain 500 ATK. Once per turn, this card cannot be destroyed by card effects. While you control 2 or more face-up Attack Position monsters, your opponent cannot target your monster(s) with the lowest ATK for an attack. If this card is activated: Destroy all Special Summoned monsters you control. You cannot Special Summon monsters from the Extra Deck. You can only activate ""The Seal of Orichalcos"" once per Duel.",0.69,0.95,5.97,0.93,,1st Edition,DRL3-EN070,Ultra Rare,SPELL,,Normal Spell,,
121524,Snow Plow Hustle Rustle,Snow Plow Hustle Rustle,https://tcgplayer-cdn.tcgplayer.com/product/121524_200w.jpg,2,1828,https://cpt.tcgcsv.com/vD-,2016-08-19T14:41:48.837,1,"When your opponent's monster declares a direct attack, if you control a card(s) in your Spell & Trap Card Zone: You can Special Summon this card from your hand, then destroy as many cards in your Spell & Trap Card Zone as possible, and if you do, inflict 200 damage to your opponent for each destroyed card. You cannot Special Summon any monsters, except Machine-Type monsters.",0.08,0.25,2.99,0.15,,1st Edition,DRL3-EN071,Ultra Rare,EARTH,Machine,Effect Monster,2500,3000
121525,Night Express Knight,Night Express Knight,https://tcgplayer-cdn.tcgplayer.com/product/121525_200w.jpg,2,1828,https://cpt.tcgcsv.com/wD-,2016-08-19T14:37:32.177,1,"Cannot be Special Summoned from the Deck. You can Normal Summon this card without Tributing, but its original ATK becomes 0.",0.18,0.52,2.99,0.44,,1st Edition,DRL3-EN072,Ultra Rare,EARTH,Machine,Effect Monster,3000,3000
121526,Special Schedule,Special Schedule,https://tcgplayer-cdn.tcgplayer.com/product/121526_200w.jpg,2,1828,https://cpt.tcgcsv.com/xD-,2016-08-19T14:42:11.93,1,"Target 1 Machine-Type monster with 3000 or more ATK in your Graveyard; Special Summon that target in face-up Defense Position. You can only activate 1 ""Special Schedule"" per turn. If this Set card is sent from the field to the Graveyard: You can target 1 Level 10 Machine-Type monster in your Graveyard; add that target to your hand.",0.08,0.3,2.99,0.19,,1st Edition,DRL3-EN073,Ultra Rare,SPELL,,Normal Spell,,
