productId,name,cleanName,imageUrl,categoryId,groupId,url,modifiedOn,imageCount,extNumber,extRarity,extAttribute,extMonsterType,extCardType,extAttack,extDefense,extDescription,lowPrice,midPrice,highPrice,marketPrice,directLowPrice,subTypeName,extUPC
543034,Red-Eyes B. Dragon,Red Eyes B Dragon,https://tcgplayer-cdn.tcgplayer.com/product/543034_200w.jpg,2,23469,https://cpt.tcgcsv.com/Jdm6,2024-03-15T04:03:12.62,0,LDK2-ENJ01,Common,DARK,Dragon,Normal Monster,2400,2000,"<em>A ferocious dragon with a deadly attack.</em><br>
<em>(Disclaimer: This card features a 2020 Copyright date.)</em>",0.16,0.23,0.89,0.19,,Unlimited,
543035,Red-Eyes Black Flare Dragon,Red Eyes Black Flare Dragon,https://tcgplayer-cdn.tcgplayer.com/product/543035_200w.jpg,2,23469,https://cpt.tcgcsv.com/Kdm6,2024-03-15T04:03:12.62,0,LDK2-ENJ02,Common,DARK,Dragon,Gemini/Effect Monster,2400,2000,"This card is treated as a Normal Monster while face-up on the field or in the Graveyard. While this card is a Normal Monster on the field, you can Normal Summon it to have it become an Effect Monster with this effect.<br>
<br>
• If damage calculation is performed involving this card, at the end of the Battle Phase: You can inflict damage to your opponent equal to this card's original ATK. You can only use this effect of ""Red-Eyes Black Flare Dragon"" once per turn.<br>
<em>(Disclaimer: This card features a 2020 Copyright date.)</em>",0.1,0.35,1.7,0.28,,Unlimited,
543036,Red-Eyes Archfiend of Lightning,Red Eyes Archfiend of Lightning,https://tcgplayer-cdn.tcgplayer.com/product/543036_200w.jpg,2,23469,https://cpt.tcgcsv.com/Ldm6,2024-03-15T04:03:12.62,0,LDK2-ENJ03,Common,DARK,Fiend,Gemini/Effect Monster,2500,1200,"This card is treated as a Normal Monster while face-up on the field or in the Graveyard. While this card is a Normal Monster on the field, you can Normal Summon it to have it become an Effect Monster with this effect.<br>
<br>
• Once per turn: You can destroy all face-up monsters your opponent controls with DEF lower than this card's ATK.<br>
<em>(Disclaimer: This card features a 2020 Copyright date.)</em>",0.2,0.49,1.16,0.25,,Unlimited,
543037,Red-Eyes Retro Dragon,Red Eyes Retro Dragon,https://tcgplayer-cdn.tcgplayer.com/product/543037_200w.jpg,2,23469,https://cpt.tcgcsv.com/Mdm6,2024-03-15T04:03:12.62,0,LDK2-ENJ04,Common,DARK,Dragon,Effect Monster,1700,1600,"If a Level 7 or lower ""Red-Eyes"" monster(s) you control, except ""Red-Eyes B. Chick"", is destroyed by your opponent's attack or card effect and sent to your Graveyard, while this card is in your hand: You can Special Summon this card in Defense Position, and if you do, Special Summon as many of those destroyed monsters as possible in the same position they were in when destroyed. You can Tribute this card; you can Normal Summon 1 ""Red-Eyes"" monster during your Main Phase this turn, except ""Red-Eyes B. Chick"", in addition to your Normal Summon/Set. (You can only gain this effect once per turn.)<br>
<em>(Disclaimer: This card features a 2020 Copyright date.)</em>",0.1,0.2,0.74,0.2,,Unlimited,
543038,The Black Stone of Legend,The Black Stone of Legend,https://tcgplayer-cdn.tcgplayer.com/product/543038_200w.jpg,2,23469,https://cpt.tcgcsv.com/Ndm6,2024-03-15T04:03:12.62,0,LDK2-ENJ05,Ultra Rare,DARK,Dragon,Effect Monster,0,0,"You can Tribute this card; Special Summon 1 Level 7 or lower ""Red-Eyes"" monster from your Deck, except ""Red-Eyes B. Chick"". If this card is in your Graveyard: You can target 1 Level 7 or lower ""Red-Eyes"" monster in your Graveyard, except ""Red-Eyes B. Chick""; shuffle it into the Deck, and if you do, add this card to your hand. You can only use 1 ""The Black Stone of Legend"" effect per turn, and only once that turn.<br>
<em>(Disclaimer: This card features a 2020 Copyright date.)</em>",0.76,1.25,19.0,0.9,,Unlimited,
543039,Black Metal Dragon,Black Metal Dragon,https://tcgplayer-cdn.tcgplayer.com/product/543039_200w.jpg,2,23469,https://cpt.tcgcsv.com/Pdm6,2024-03-15T04:03:12.62,0,LDK2-ENJ06,Common,DARK,Dragon,Effect Monster,600,600,"You can target 1 ""Red-Eyes"" monster you control, except ""Red-Eyes B. Chick""; equip this monster from your hand or field to that target. It gains 600 ATK. If this card is sent from the field to the Graveyard: You can add 1 ""Red-Eyes"" card from your Deck to your hand, except ""Red-Eyes B. Chick"".<br>
<em>(Disclaimer: This card features a 2020 Copyright date.)</em>",0.45,0.95,2.99,0.81,,Unlimited,
543040,Axe Raider,Axe Raider,https://tcgplayer-cdn.tcgplayer.com/product/543040_200w.jpg,2,23469,https://cpt.tcgcsv.com/Qdm6,2024-03-15T04:03:12.62,0,LDK2-ENJ07,Common,EARTH,Warrior,Normal Monster,1700,1150,"<em>An axe-wielding monster of tremendous strength and agility.<br>
<em>(Disclaimer: This card features a 2020 Copyright date.)</em>",0.02,0.12,1.5,0.11,,Unlimited,
543041,Alligator's Sword,Alligators Sword,https://tcgplayer-cdn.tcgplayer.com/product/543041_200w.jpg,2,23469,https://cpt.tcgcsv.com/Rdm6,2024-03-15T04:03:12.62,0,LDK2-ENJ08,Common,EARTH,,Normal Monster,1500,1200,"<em>'ey, dis mighty lissard man can swing his sword so fast, dat it's more dan da speed a sound!<br>
<em>(Disclaimer: This card features a 2020 Copyright date.)</em>",0.06,0.13,1.5,0.1,,Unlimited,
543042,Baby Dragon,Baby Dragon,https://tcgplayer-cdn.tcgplayer.com/product/543042_200w.jpg,2,23469,https://cpt.tcgcsv.com/Sdm6,2024-03-15T04:03:12.62,0,LDK2-ENJ09,Common,WIND,Dragon,Normal Monster,1200,700,"<em>Much more than just a child, this dragon is gifted with untapped power.<br>
<em>(Disclaimer: This card features a 2020 Copyright date.)</em>",0.08,0.14,2.5,0.1,,Unlimited,
543043,Jinzo,Jinzo,https://tcgplayer-cdn.tcgplayer.com/product/543043_200w.jpg,2,23469,https://cpt.tcgcsv.com/Tdm6,2024-03-15T04:03:12.62,0,LDK2-ENJ10,Common,DARK,Machine,Effect Monster,2400,1500,"Trap Cards, and their effects on the field, cannot be activated. Negate all Trap Card effects on the field.<br>
<em>(Disclaimer: This card features a 2020 Copyright date.)</em>",0.15,0.23,0.79,0.23,,Unlimited,
543044,Goblin Attack Force,Goblin Attack Force,https://tcgplayer-cdn.tcgplayer.com/product/543044_200w.jpg,2,23469,https://cpt.tcgcsv.com/Vdm6,2024-03-15T04:03:12.62,0,LDK2-ENJ11,Common,EARTH,Warrior,Effect Monster,2300,0,"If this card attacks, it is changed to Defense Position at the end of the Battle Phase, and its battle position cannot be changed until the End Phase of your next turn.<br>
<em>(Disclaimer: This card features a 2020 Copyright date.)</em>",0.05,0.15,0.74,0.13,,Unlimited,
543045,Gearfried the Iron Knight,Gearfried the Iron Knight,https://tcgplayer-cdn.tcgplayer.com/product/543045_200w.jpg,2,23469,https://cpt.tcgcsv.com/Wdm6,2024-03-15T04:03:12.62,0,LDK2-ENJ12,Common,EARTH,Warrior,Effect Monster,1800,1600,"When an Equip Card(s) is equipped to this card: Destroy that Equip Card(s).<br>
<em>(Disclaimer: This card features a 2020 Copyright date.)</em>",0.03,0.12,1.5,0.1,,Unlimited,
543046,Rocket Warrior,Rocket Warrior,https://tcgplayer-cdn.tcgplayer.com/product/543046_200w.jpg,2,23469,https://cpt.tcgcsv.com/Xdm6,2024-03-15T04:03:12.62,0,LDK2-ENJ13,Common,LIGHT,Warrior,Effect Monster,1500,1300,"During your Battle Phase, this cannot be destroyed by battle and you take no battle damage from attacks involving this card. If this card attacks a monster, after damage calculation: That attack target loses 500 ATK until the end of this turn.<br>
<em>(Disclaimer: This card features a 2020 Copyright date.)</em>",0.05,0.14,1.5,0.07,,Unlimited,
543047,Blue Flame Swordsman,Blue Flame Swordsman,https://tcgplayer-cdn.tcgplayer.com/product/543047_200w.jpg,2,23469,https://cpt.tcgcsv.com/Zdm6,2024-03-15T04:03:12.62,0,LDK2-ENJ14,Common,FIRE,Warrior,Effect Monster,1800,1600,"Once per turn, during either player's Battle Phase: You can target 1 other Warrior-Type monster you control; this card loses exactly 600 ATK, and if it does, that monster gains 600 ATK. When this card you control is destroyed by your opponent's card (by battle or card effect) and sent to your Graveyard: You can banish this card from your Graveyard, then target 1 FIRE Warrior-Type monster in your Graveyard; Special Summon that target.<br>
<em>(Disclaimer: This card features a 2020 Copyright date.)</em>",0.11,0.19,1.99,0.14,,Unlimited,
543048,Time Wizard,Time Wizard,https://tcgplayer-cdn.tcgplayer.com/product/543048_200w.jpg,2,23469,https://cpt.tcgcsv.com/-dm6,2024-03-15T04:03:12.62,0,LDK2-ENJ15,Common,LIGHT,Spellcaster,Effect Monster,500,400,"Once per turn: You can toss a coin and call it. If you call it right, destroy all monsters your opponent controls. If you call it wrong, destroy as many monsters you control as possible, and if you do, you take damage equal to half the total ATK those destroyed monsters had on the field.<br>
<em>(Disclaimer: This card features a 2020 Copyright date.)</em>",0.16,0.24,1.05,0.2,,Unlimited,
543049,Phoenix Gearfried,Phoenix Gearfried,https://tcgplayer-cdn.tcgplayer.com/product/543049_200w.jpg,2,23469,https://cpt.tcgcsv.com/_dm6,2024-03-15T04:03:12.62,0,LDK2-ENJ16,Common,FIRE,Warrior,Gemini/Effect Monster,2800,2200,"This card is treated as a Normal Monster while face-up on the field or in the Graveyard. While this card is face-up on the field, you can Normal Summon it to have it become an Effect Monster with this effect.<br>
<br>
• If your opponent activates a Spell Card: You can target 1 Gemini monster in your Graveyard; Special Summon that target. During either player's turn, when a Spell/Trap Card is activated that targets a monster(s) on the field: You can send 1 face-up Equip Card you control to the Graveyard; negate the activation, and if you do, destroy it.<br>
<em>(Disclaimer: This card features a 2020 Copyright date.)</em>",0.05,0.14,1.5,0.07,,Unlimited,
543050,Gemini Summoner,Gemini Summoner,https://tcgplayer-cdn.tcgplayer.com/product/543050_200w.jpg,2,23469,https://cpt.tcgcsv.com/0fm6,2024-03-15T04:03:12.62,0,LDK2-ENJ17,Common,WATER,Spellcaster,Effect Monster,1500,0,"Once per turn, during your opponent's End Phase, you can pay 500 Life Points to Normal Summon or Set 1 Gemini monster from your hand, or Normal Summon 1 face-up Gemini monster you control. Once per turn, if this card would be destroyed by battle, it is not destroyed.<br>
<em>(Disclaimer: This card features a 2020 Copyright date.)</em>",0.03,0.14,1.99,0.08,,Unlimited,
543051,Blazewing Butterfly,Blazewing Butterfly,https://tcgplayer-cdn.tcgplayer.com/product/543051_200w.jpg,2,23469,https://cpt.tcgcsv.com/2fm6,2024-03-15T04:03:12.62,0,LDK2-ENJ18,Common,FIRE,Insect,Gemini/Effect Monster,1500,1500,"This card is treated as a Normal Monster while face-up on the field or in the Graveyard. While this card is face-up on the field, you can Normal Summon it to have it be treated as an Effect Monster with this effect:<br>
<br>
• You can Tribute this card to Special Summon 1 Gemini monster from your Graveyard, except ""Blazewing Butterfly"". A Gemini monster Special Summoned by this effect is treated as an Effect Monster, and gains its effect.<br>
<em>(Disclaimer: This card features a 2020 Copyright date.)</em>",0.04,0.15,1.5,0.07,,Unlimited,
543052,Dark Valkyria,Dark Valkyria,https://tcgplayer-cdn.tcgplayer.com/product/543052_200w.jpg,2,23469,https://cpt.tcgcsv.com/3fm6,2024-03-15T04:03:12.62,0,LDK2-ENJ19,Common,DARK,Fairy,Gemini/Effect Monster,1800,1050,"This card is treated as a Normal Monster while face-up on the field or in the Graveyard. While this card is a Normal Monster on the field, you can Normal Summon it to have it become an Effect Monster with this effect.<br>
<br>
• Once, while this card is face-up on the field: You can place 1 Spell Counter on it. This card gains 300 ATK for each Spell Counter on it. You can remove 1 Spell Counter from this card, then target 1 monster on the field; destroy that target.<br>
<em>(Disclaimer: This card features a 2020 Copyright date.)</em>",0.1,0.14,1.5,0.14,,Unlimited,
543053,Command Knight,Command Knight,https://tcgplayer-cdn.tcgplayer.com/product/543053_200w.jpg,2,23469,https://cpt.tcgcsv.com/5fm6,2024-03-15T04:03:12.62,0,LDK2-ENJ20,Common,FIRE,Warrior,Effect Monster,1200,1900,"All Warrior-Type monsters you control gain 400 ATK. If you control another monster, monsters your opponent controls cannot target this card for an attack.<br>
<em>(Disclaimer: This card features a 2020 Copyright date.)</em>",0.05,0.15,1.5,0.05,,Unlimited,
543054,Valkyrian Knight,Valkyrian Knight,https://tcgplayer-cdn.tcgplayer.com/product/543054_200w.jpg,2,23469,https://cpt.tcgcsv.com/6fm6,2024-03-15T04:03:12.62,0,LDK2-ENJ21,Common,FIRE,Warrior,Effect Monster,1900,1200,"Monsters your opponent controls cannot target face-up Warrior-Type monsters for attacks, except ""Valkyrian Knight"". When this card is destroyed by battle and sent to the Graveyard: You can banish 1 Warrior-Type monster and this card from your Graveyard, then target 1 Level 5 or higher Warrior-Type monster in your Graveyard; Special Summon that target.<br>
<em>(Disclaimer: This card features a 2020 Copyright date.)</em>",0.05,0.15,2.99,0.1,,Unlimited,
543055,Keeper of the Shrine,Keeper of the Shrine,https://tcgplayer-cdn.tcgplayer.com/product/543055_200w.jpg,2,23469,https://cpt.tcgcsv.com/7fm6,2024-03-15T04:03:12.62,0,LDK2-ENJ22,Common,DARK,Dragon,Effect Monster,0,2100,"This card can be treated as 2 Tributes for the Tribute Summon of a Dragon-Type monster. While this card is in your hand or Graveyard, if a face-up Dragon-Type monster on the field, except ""Keeper of the Shrine"", is sent to the Graveyard by a card effect or because it was destroyed by battle: You can Special Summon this card, then, if that monster sent to the Graveyard is a Normal Monster, you can add 1 Dragon-Type Normal Monster from your Graveyard to your hand. You can only use this effect of ""Keeper of the Shrine"" once per turn.<br>
<em>(Disclaimer: This card features a 2020 Copyright date.)</em>",0.05,0.14,2.99,0.08,,Unlimited,
543056,Inferno Fire Blast,Inferno Fire Blast,https://tcgplayer-cdn.tcgplayer.com/product/543056_200w.jpg,2,23469,https://cpt.tcgcsv.com/8fm6,2024-03-15T04:03:12.62,0,LDK2-ENJ23,Common,SPELL,,Normal Spell,,,"Target 1 face-up ""Red-Eyes B. Dragon"" you control; inflict damage to your opponent equal to its original ATK. ""Red-Eyes B. Dragon"" cannot attack the turn you activate this card.<br>
<em>(Disclaimer: This card features a 2020 Copyright date.)</em>",0.1,0.19,2.99,0.18,,Unlimited,
543057,Red-Eyes Fusion,Red Eyes Fusion,https://tcgplayer-cdn.tcgplayer.com/product/543057_200w.jpg,2,23469,https://cpt.tcgcsv.com/9fm6,2024-03-15T04:03:12.62,0,LDK2-ENJ24,Common,SPELL,,Normal Spell,,,"Fusion Summon 1 Fusion Monster that lists a ""Red-Eyes"" monster as Material from your Extra Deck, using monsters from your hand, Deck, or field as Fusion Materials, and if you do, its name becomes ""Red-Eyes B. Dragon"". You cannot Normal or Special Summon other monsters the turn you activate this card. You can only activate 1 ""Red-Eyes Fusion"" per turn.<br>
<em>(Disclaimer: This card features a 2020 Copyright date.)</em>",0.45,0.6,1.46,0.59,,Unlimited,
543058,Cards of the Red Stone,Cards of the Red Stone,https://tcgplayer-cdn.tcgplayer.com/product/543058_200w.jpg,2,23469,https://cpt.tcgcsv.com/bfm6,2024-03-15T04:03:12.62,0,LDK2-ENJ25,Common,SPELL,,Normal Spell,,,"Send 1 Level 7 ""Red-Eyes"" monster from your hand to the Graveyard; draw 2 cards, then you can send 1 Level 7 ""Red-Eyes"" monster from your Deck to the Graveyard. You can only activate 1 ""Cards of the Red Stone"" per turn.<br>
<em>(Disclaimer: This card features a 2020 Copyright date.)</em>",0.12,0.2,2.99,0.12,,Unlimited,
543059,Polymerization (J),Polymerization J,https://tcgplayer-cdn.tcgplayer.com/product/543059_200w.jpg,2,23469,https://cpt.tcgcsv.com/cfm6,2024-03-15T04:03:12.62,0,LDK2-ENJ26,Common,SPELL,,Normal Spell,,,"Fusion Summon 1 Fusion Monster from your Extra Deck, using monsters from your hand or field as Fusion Materials.<br>
<em>(Disclaimer: This card features a 2020 Copyright date.)</em>",0.1,0.24,1.05,0.26,,Unlimited,
543060,Salamandra,Salamandra,https://tcgplayer-cdn.tcgplayer.com/product/543060_200w.jpg,2,23469,https://cpt.tcgcsv.com/dfm6,2024-03-15T04:03:12.62,0,LDK2-ENJ27,Common,SPELL,,Normal Spell,,,"Equip only to a FIRE monster. It gains 700 ATK.<br>
<em>(Disclaimer: This card features a 2020 Copyright date.)</em>",0.1,0.15,2.99,0.1,,Unlimited,
543061,Scapegoat,Scapegoat,https://tcgplayer-cdn.tcgplayer.com/product/543061_200w.jpg,2,23469,https://cpt.tcgcsv.com/ffm6,2024-03-15T04:03:12.62,0,LDK2-ENJ28,Common,SPELL,,Normal Spell,,,"Special Summon 4 ""Sheep Tokens"" (Beast-Type/EARTH/Level 1/ATK 0/DEF 0) in Defense Position. These Tokens cannot be Tributed for a Tribute Summon. You cannot Summon other monsters the turn you activate this card (but you can Normal Set).<br>
<em>(Disclaimer: This card features a 2020 Copyright date.)</em>",0.06,0.2,1.99,0.14,,Unlimited,
543062,Foolish Burial,Foolish Burial,https://tcgplayer-cdn.tcgplayer.com/product/543062_200w.jpg,2,23469,https://cpt.tcgcsv.com/gfm6,2024-03-15T04:03:12.62,0,LDK2-ENJ29,Common,SPELL,,Normal Spell,,,"Send 1 monster from your Deck to the Graveyard.<br>
<em>(Disclaimer: This card features a 2020 Copyright date.)</em>",0.17,0.29,1.16,0.21,,Unlimited,
543063,Roulette Spider,Roulette Spider,https://tcgplayer-cdn.tcgplayer.com/product/543063_200w.jpg,2,23469,https://cpt.tcgcsv.com/hfm6,2024-03-15T04:03:12.62,0,LDK2-ENJ30,Common,SPELL,,Normal Spell,,,"When an opponent's monster declares an attack: Roll a six-sided die and apply the result.<br>
<br>
1: Halve your LP.<br>
<br>
2: Make that attack a direct attack.<br>
<br>
3: Choose 1 monster you control, change the attack target to it, and perform damage calculation.<br>
<br>
4: Choose 1 other monster your opponent controls, change the attack target to it, and perform damage calculation.<br>
<br>
5: Negate the attack, and if you do, inflict damage to your opponent equal to that monster's ATK.<br>
<br>
6: Destroy that opponent's monster.<br>
<em>(Disclaimer: This card features a 2020 Copyright date.)</em>",0.03,0.15,1.99,0.13,,Unlimited,
543064,Supervise,Supervise,https://tcgplayer-cdn.tcgplayer.com/product/543064_200w.jpg,2,23469,https://cpt.tcgcsv.com/jfm6,2024-03-15T04:03:12.62,0,LDK2-ENJ31,Common,SPELL,,Normal Spell,,,"Equip only to a Gemini monster. It becomes an Effect Monster, and gains its effects. If this face-up card is sent from the field to the Graveyard: Target 1 Normal Monster in your Graveyard; Special Summon it.<br>
<em>(Disclaimer: This card features a 2020 Copyright date.)</em>",0.05,0.17,0.74,0.13,,Unlimited,
543065,Mystical Space Typhoon,Mystical Space Typhoon,https://tcgplayer-cdn.tcgplayer.com/product/543065_200w.jpg,2,23469,https://cpt.tcgcsv.com/kfm6,2024-03-15T04:03:12.62,0,LDK2-ENJ32,Common,SPELL,,Normal Spell,,,"Target 1 Spell/Trap Card on the field; destroy that target.<br>
<em>(Disclaimer: This card features a 2020 Copyright date.)</em>",0.15,0.25,0.89,0.26,,Unlimited,
543066,Symbols of Duty,Symbols of Duty,https://tcgplayer-cdn.tcgplayer.com/product/543066_200w.jpg,2,23469,https://cpt.tcgcsv.com/lfm6,2024-03-15T04:03:12.62,0,LDK2-ENJ33,Common,SPELL,,Normal Spell,,,"Send 1 Normal Monster you control to the Graveyard, then target 1 monster in either player's Graveyard; Special Summon it, and if you do, equip it with this card. When this card leaves the field, destroy the equipped monster.<br>
<em>(Disclaimer: This card features a 2020 Copyright date.)</em>",0.01,0.14,1.99,0.04,,Unlimited,
543067,Return of the Red-Eyes,Return of the Red Eyes,https://tcgplayer-cdn.tcgplayer.com/product/543067_200w.jpg,2,23469,https://cpt.tcgcsv.com/mfm6,2024-03-15T04:03:12.62,0,LDK2-ENJ34,Ultra Rare,TRAP,,Normal Trap,,,"If you control a ""Red-Eyes"" monster, except ""Red-Eyes B. Chick"": You can target 1 Normal Monster in your Graveyard; Special Summon it. If this card in your possession is destroyed by an opponent's card effect and sent to your Graveyard: You can target 1 ""Red-Eyes"" monster in your Graveyard, except ""Red-Eyes B. Chick""; Special Summon it. You can only use each effect of ""Return of the Red-Eyes"" once per turn.<br>
<em>(Disclaimer: This card features a 2020 Copyright date.)</em>",0.15,0.25,2.0,0.21,,Unlimited,
543068,Red-Eyes Spirit,Red Eyes Spirit,https://tcgplayer-cdn.tcgplayer.com/product/543068_200w.jpg,2,23469,https://cpt.tcgcsv.com/nfm6,2024-03-15T04:03:12.62,0,LDK2-ENJ35,Common,TRAP,,Normal Trap,,,"Target 1 ""Red-Eyes"" monster in your Graveyard, except ""Red-Eyes B. Chick""; Special Summon it.<br>
<em>(Disclaimer: This card features a 2020 Copyright date.)</em>",0.14,0.31,1.0,0.31,,Unlimited,
543069,Kunai with Chain,Kunai with Chain,https://tcgplayer-cdn.tcgplayer.com/product/543069_200w.jpg,2,23469,https://cpt.tcgcsv.com/pfm6,2024-03-15T04:03:12.62,0,LDK2-ENJ36,Common,TRAP,,Normal Trap,,,"Activate 1 or both of these effects (simultaneously).<br>
<br>
• When an opponent's monster declares an attack: Target the attacking monster; change that target to Defense Position.<br>
<br>
• Target 1 face-up monster you control; equip this card to that target. It gains 500 ATK.<br>
<em>(Disclaimer: This card features a 2020 Copyright date.)</em>",0.04,0.14,1.99,0.06,,Unlimited,
543070,Call of the Haunted,Call of the Haunted,https://tcgplayer-cdn.tcgplayer.com/product/543070_200w.jpg,2,23469,https://cpt.tcgcsv.com/qfm6,2024-03-15T04:03:12.62,0,LDK2-ENJ37,Common,TRAP,,Normal Trap,,,"Activate this card by targeting 1 monster in your Graveyard; Special Summon that target in Attack Position. When this card leaves the field, destroy that target. When that target is destroyed, destroy this card.<br>
<em>(Disclaimer: This card features a 2020 Copyright date.)</em>",0.1,0.25,1.99,0.11,,Unlimited,
543071,Torrential Tribute,Torrential Tribute,https://tcgplayer-cdn.tcgplayer.com/product/543071_200w.jpg,2,23469,https://cpt.tcgcsv.com/rfm6,2024-03-15T04:03:12.62,0,LDK2-ENJ38,Common,TRAP,,Normal Trap,,,"When a monster(s) is Summoned: Destroy all monsters on the field.<br>
<em>(Disclaimer: This card features a 2020 Copyright date.)</em>",0.13,0.25,1.22,0.18,,Unlimited,
543072,Burst Breath,Burst Breath,https://tcgplayer-cdn.tcgplayer.com/product/543072_200w.jpg,2,23469,https://cpt.tcgcsv.com/sfm6,2024-03-15T04:03:12.62,0,LDK2-ENJ39,Common,TRAP,,Normal Trap,,,"Tribute 1 Dragon-Type monster; destroy all face-up monsters on the field whose DEF is less than or equal to the ATK the Tributed monster had on the field.<br>
<em>(Disclaimer: This card features a 2020 Copyright date.)</em>",0.01,0.11,1.99,0.07,,Unlimited,
543073,Curse of Anubis,Curse of Anubis,https://tcgplayer-cdn.tcgplayer.com/product/543073_200w.jpg,2,23469,https://cpt.tcgcsv.com/tfm6,2024-03-15T04:03:12.62,0,LDK2-ENJ40,Common,TRAP,,Normal Trap,,,"Change all Effect Monsters on the field to Defense Position. Until the end of this turn, the original DEF of those monsters becomes 0, also their battle positions cannot be changed.<br>
<em>(Disclaimer: This card features a 2020 Copyright date.)</em>",0.01,0.13,1.99,0.07,,Unlimited,
543074,Red-Eyes Flare Metal Dragon,Red Eyes Flare Metal Dragon,https://tcgplayer-cdn.tcgplayer.com/product/543074_200w.jpg,2,23469,https://cpt.tcgcsv.com/vfm6,2024-03-15T04:03:12.62,0,LDK2-ENJ41,Ultra Rare,DARK,Dragon,Xyz/Effect Monster,2800,2400,"2 Level 7 monsters<br>
<br>
Cannot be destroyed by card effects while it has Xyz Material. While this card has Xyz Material, each time your opponent activates a card or effect, inflict 500 damage to your opponent immediately after it resolves. Once per turn, during either player's turn: You can detach 1 Xyz Material from this card, then target 1 ""Red-Eyes"" Normal Monster in your Graveyard; Special Summon it.<br>
<em>(Disclaimer: This card features a 2020 Copyright date.)</em>",0.25,0.5,2.5,0.34,,Unlimited,
543075,Archfiend Black Skull Dragon,Archfiend Black Skull Dragon,https://tcgplayer-cdn.tcgplayer.com/product/543075_200w.jpg,2,23469,https://cpt.tcgcsv.com/wfm6,2024-03-15T04:03:12.62,0,LDK2-ENJ42,Common,DARK,Dragon,Fusion/Effect Monster,3200,2500,"1 Level 6 ""Archfiend"" Normal Monster + 1 ""Red-Eyes"" Normal Monster<br>
<br>
You can only Special Summon ""Archfiend Black Skull Dragon(s)"" once per turn. If this card battles, your opponent's cards or effects cannot be activated until the end of the Damage Step. If damage calculation is performed involving this Fusion Summoned card, at the end of the Battle Phase: You can target 1 ""Red-Eyes"" Normal Monster in your Graveyard; inflict damage to your opponent equal to its ATK in the Graveyard, then shuffle it into the Deck.<br>
<em>(Disclaimer: This card features a 2020 Copyright date.)</em>",0.13,0.25,1.29,0.21,,Unlimited,
543076,Alligator's Sword Dragon,Alligators Sword Dragon,https://tcgplayer-cdn.tcgplayer.com/product/543076_200w.jpg,2,23469,https://cpt.tcgcsv.com/xfm6,2024-03-15T04:03:12.62,0,LDK2-ENJ43,Common,WIND,Dragon,Fusion/Effect Monster,1700,1500,"""Baby Dragon"" + ""Alligator's Sword""<br>
<br>
This card can attack your opponent directly if the only face-up monsters they control are EARTH, WATER, or FIRE.<br>
<em>(Disclaimer: This card features a 2020 Copyright date.)</em>",0.04,0.15,1.99,0.06,,Unlimited,
543077,Blue-Eyes White Dragon (Version 2),Blue Eyes White Dragon Version 2,https://tcgplayer-cdn.tcgplayer.com/product/543077_200w.jpg,2,23469,https://cpt.tcgcsv.com/zfm6,2024-04-08T18:57:40.14,0,LDK2-ENK01,Common,LIGHT,Dragon,Normal Monster,3000,2500,"<em>This legendary dragon is a powerful engine of destruction. Virtually invincible, very few have faced this awesome creature and lived to tell the tale.<br>
<em>(Disclaimer: This card features a 2020 Copyright date.)</em>",2.5,4.66,7.19,4.37,,Unlimited,
543078,Blue-Eyes White Dragon (Version 4),Blue Eyes White Dragon Version 4,https://tcgplayer-cdn.tcgplayer.com/product/543078_200w.jpg,2,23469,https://cpt.tcgcsv.com/Bfm6,2024-04-08T18:57:13.817,0,LDK2-ENK01,Common,LIGHT,Dragon,Normal Monster,3000,2500,"<em>This legendary dragon is a powerful engine of destruction. Virtually invincible, very few have faced this awesome creature and lived to tell the tale.<br>
<em>(Disclaimer: This card features a 2020 Copyright date.)</em>",0.08,0.33,1.0,0.19,,Unlimited,
543079,Blue-Eyes White Dragon (Version 1),Blue Eyes White Dragon Version 1,https://tcgplayer-cdn.tcgplayer.com/product/543079_200w.jpg,2,23469,https://cpt.tcgcsv.com/Cfm6,2024-03-15T04:03:12.62,0,LDK2-ENK01,Common,LIGHT,Dragon,Normal Monster,3000,2500,"<em>This legendary dragon is a powerful engine of destruction. Virtually invincible, very few have faced this awesome creature and lived to tell the tale.<br>
<em>(Disclaimer: This card features a 2020 Copyright date.)</em>",0.03,0.32,1.0,0.15,,Unlimited,
543080,Dragon Spirit of White,Dragon Spirit of White,https://tcgplayer-cdn.tcgplayer.com/product/543080_200w.jpg,2,23469,https://cpt.tcgcsv.com/Dfm6,2024-03-15T04:03:12.62,0,LDK2-ENK02,Common,LIGHT,Dragon,Effect Monster,2500,2000,"(This card is always treated as a ""Blue-Eyes"" card.)<br>
<br>
This card is treated as a Normal Monster while in the hand or Graveyard. When this card is Normal or Special Summoned: You can target 1 Spell/Trap Card your opponent controls; banish it. During either player's turn, if your opponent controls a monster: You can Tribute this card; Special Summon 1 ""Blue-Eyes White Dragon"" from your hand.<br>
<em>(Disclaimer: This card features a 2020 Copyright date.)</em>",0.08,0.17,1.0,0.12,,Unlimited,
543081,Kaibaman,Kaibaman,https://tcgplayer-cdn.tcgplayer.com/product/543081_200w.jpg,2,23469,https://cpt.tcgcsv.com/Ffm6,2024-03-15T04:03:12.62,0,LDK2-ENK03,Common,LIGHT,Warrior,Effect Monster,200,700,"You can Tribute this card; Special Summon 1 ""Blue-Eyes White Dragon"" from your hand.<br>
<em>(Disclaimer: This card features a 2020 Copyright date.)</em>",0.01,0.13,0.74,0.09,,Unlimited,
543082,The White Stone of Legend,The White Stone of Legend,https://tcgplayer-cdn.tcgplayer.com/product/543082_200w.jpg,2,23469,https://cpt.tcgcsv.com/Gfm6,2024-03-15T04:03:12.62,0,LDK2-ENK04,Common,LIGHT,Dragon,Tuner/Effect Monster,300,250,"If this card is sent to the Graveyard: Add 1 ""Blue-Eyes White Dragon"" from your Deck to your hand.<br>
<em>(Disclaimer: This card features a 2020 Copyright date.)</em>",0.05,0.19,1.5,0.12,,Unlimited,
543083,The White Stone of Ancients,The White Stone of Ancients,https://tcgplayer-cdn.tcgplayer.com/product/543083_200w.jpg,2,23469,https://cpt.tcgcsv.com/Hfm6,2024-03-15T04:03:12.62,0,LDK2-ENK05,Common,LIGHT,Dragon,Tuner/Effect Monster,600,500,"Once per turn, during the End Phase, if this card is in the Graveyard because it was sent there this turn: You can Special Summon 1 ""Blue-Eyes"" monster from your Deck. You can banish this card from your Graveyard, then target 1 ""Blue-Eyes"" monster in your Graveyard; add it to your hand. You can only use this effect of ""The White Stone of Ancients"" once per turn.<br>
<em>(Disclaimer: This card features a 2020 Copyright date.)</em>",0.13,0.47,1.94,0.47,,Unlimited,
543084,Maiden with Eyes of Blue,Maiden with Eyes of Blue,https://tcgplayer-cdn.tcgplayer.com/product/543084_200w.jpg,2,23469,https://cpt.tcgcsv.com/Jfm6,2024-03-15T04:03:12.62,0,LDK2-ENK06,Ultra Rare,LIGHT,Spellcaster,Tuner/Effect Monster,0,0,"When this card is targeted for an attack: You can negate the attack, and if you do, change the battle position of this card, then you can Special Summon 1 ""Blue-Eyes White Dragon"" from your hand, Deck, or Graveyard. During either player's turn, when a card or effect is activated that targets this face-up card (except during the Damage Step): You can Special Summon 1 ""Blue-Eyes White Dragon"" from your hand, Deck, or Graveyard. You can only use 1 ""Maiden with Eyes of Blue"" effect per turn, and only once that turn.<br>
<em>(Disclaimer: This card features a 2020 Copyright date.)</em>",0.15,0.25,1.99,0.18,,Unlimited,
543085,Protector with Eyes of Blue,Protector with Eyes of Blue,https://tcgplayer-cdn.tcgplayer.com/product/543085_200w.jpg,2,23469,https://cpt.tcgcsv.com/Kfm6,2024-03-15T04:03:12.62,0,LDK2-ENK07,Common,LIGHT,Spellcaster,Tuner/Effect Monster,800,1300,"When this card is Normal Summoned: You can Special Summon 1 Level 1 LIGHT Tuner monster from your hand. You can target 1 Effect Monster you control; send it to the Graveyard, and if you do, Special Summon 1 ""Blue-Eyes"" monster from your hand. You can only use this effect of ""Protector with Eyes of Blue"" once per turn.<br>
<em>(Disclaimer: This card features a 2020 Copyright date.)</em>",0.05,0.15,1.3,0.09,,Unlimited,
543086,Master with Eyes of Blue,Master with Eyes of Blue,https://tcgplayer-cdn.tcgplayer.com/product/543086_200w.jpg,2,23469,https://cpt.tcgcsv.com/Lfm6,2024-03-15T04:03:12.62,0,LDK2-ENK08,Common,LIGHT,Spellcaster,Tuner/Effect Monster,300,1200,"When this card is Normal Summoned: You can target 1 Level 1 LIGHT Tuner monster in your Graveyard; add it to your hand. You can shuffle this card from your Graveyard into the Deck, then target 1 Effect Monster you control; send it to the Graveyard, and if you do, Special Summon 1 ""Blue-Eyes"" monster from your Graveyard, other than the sent monster. You can only use this effect of ""Master with Eyes of Blue"" once per turn.<br>
<em>(Disclaimer: This card features a 2020 Copyright date.)</em>",0.08,0.15,0.74,0.08,,Unlimited,
543087,Battle Ox,Battle Ox,https://tcgplayer-cdn.tcgplayer.com/product/543087_200w.jpg,2,23469,https://cpt.tcgcsv.com/Mfm6,2024-03-15T04:03:12.62,0,LDK2-ENK09,Common,EARTH,Beast-Warrior,Normal Monster,1700,1000,"<em>A monster with tremendous power, it destroys enemies with a swing of its axe.<br>
<em>(Disclaimer: This card features a 2020 Copyright date.)</em>",0.08,0.14,0.74,0.1,,Unlimited,
543088,La Jinn the Mystical Genie of the Lamp,La Jinn the Mystical Genie of the Lamp,https://tcgplayer-cdn.tcgplayer.com/product/543088_200w.jpg,2,23469,https://cpt.tcgcsv.com/Nfm6,2024-03-15T04:03:12.62,0,LDK2-ENK10,Common,DARK,Fiend,Normal Monster,1800,1000,"<em>A genie of the lamp that is at the beck and call of its master.<br>
<em>(Disclaimer: This card features a 2020 Copyright date.)</em>",0.05,0.14,0.74,0.08,,Unlimited,
543089,Vorse Raider,Vorse Raider,https://tcgplayer-cdn.tcgplayer.com/product/543089_200w.jpg,2,23469,https://cpt.tcgcsv.com/Pfm6,2024-03-15T04:03:12.62,0,LDK2-ENK11,Common,DARK,Beast-Warrior,Normal Monster,1900,1200,"<em> This wicked Beast-Warrior does every horrid thing imaginable, and loves it! His axe bears the marks of his countless victims.<br>
<em>(Disclaimer: This card features a 2020 Copyright date.)</em>",0.06,0.14,0.74,0.1,,Unlimited,
543090,Alexandrite Dragon,Alexandrite Dragon,https://tcgplayer-cdn.tcgplayer.com/product/543090_200w.jpg,2,23469,https://cpt.tcgcsv.com/Qfm6,2024-03-15T04:03:12.62,0,LDK2-ENK12,Common,LIGHT,Dragon,Normal Monster,2000,100,"<em>Many of the czars' lost jewels can be found in the scales of this priceless dragon. Its creator remains a mystery, along with how they acquired the imperial treasures. But whosoever finds this dragon has hit the jackpot... whether they know it or not.<br>
<em>(Disclaimer: This card features a 2020 Copyright date.)</em>",0.09,0.15,1.99,0.13,,Unlimited,
543091,Blade Knight,Blade Knight,https://tcgplayer-cdn.tcgplayer.com/product/543091_200w.jpg,2,23469,https://cpt.tcgcsv.com/Rfm6,2024-03-15T04:03:12.62,0,LDK2-ENK13,Common,LIGHT,Warrior,Effect Monster,1600,1000,"While you have 1 or less cards in your hand, this card gains 400 ATK. If you control no other monsters, negate the effects of Flip monsters destroyed by battle with this card.<br>
<em>(Disclaimer: This card features a 2020 Copyright date.)</em>",0.34,0.4,0.74,0.39,,Unlimited,
543092,Ancient Lamp,Ancient Lamp,https://tcgplayer-cdn.tcgplayer.com/product/543092_200w.jpg,2,23469,https://cpt.tcgcsv.com/Sfm6,2024-03-15T04:03:12.62,0,LDK2-ENK14,Common,WIND,Spellcaster,Effect Monster,900,1400,"During your Main Phase: You can Special Summon ""La Jinn the Mystical Genie of the Lamp"" from your hand. This card must be face-up on the field to activate and to resolve this effect. Before damage calculation, if this card is being attacked by an opponent's monster, and was face-down at the start of the Damage Step: You can target 1 monster your opponent controls, except the attacking monster; the attacking monster attacks it instead, and you proceed to damage calculation.<br>
<em>(Disclaimer: This card features a 2020 Copyright date.)</em>",0.02,0.14,0.74,0.09,,Unlimited,
543093,Tiger Dragon,Tiger Dragon,https://tcgplayer-cdn.tcgplayer.com/product/543093_200w.jpg,2,23469,https://cpt.tcgcsv.com/Tfm6,2024-03-15T04:03:12.62,0,LDK2-ENK15,Common,EARTH,Dragon,Effect Monster,2400,1800,"When this card is Tribute Summoned by Tributing a Dragon-Type monster: You can target up to 2 face-down Spell/Trap Cards your opponent controls; destroy those targets.<br>
<em>(Disclaimer: This card features a 2020 Copyright date.)</em>",0.03,0.12,0.74,0.05,,Unlimited,
543094,Kidmodo Dragon,Kidmodo Dragon,https://tcgplayer-cdn.tcgplayer.com/product/543094_200w.jpg,2,23469,https://cpt.tcgcsv.com/Vfm6,2024-03-15T04:03:12.62,0,LDK2-ENK16,Common,EARTH,Dragon,Effect Monster,100,200,"If this card is sent to the Graveyard: You can Special Summon 1 Dragon-Type monster from your hand. You cannot Special Summon monsters, except Dragon-Type monsters, nor conduct your Battle Phase, the turn you activate this effect. You can only use this effect of ""Kidmodo Dragon"" once per turn.<br>
<em>(Disclaimer: This card features a 2020 Copyright date.)</em>",0.05,0.15,0.74,0.1,,Unlimited,
543095,King of the Swamp,King of the Swamp,https://tcgplayer-cdn.tcgplayer.com/product/543095_200w.jpg,2,23469,https://cpt.tcgcsv.com/Wfm6,2024-03-15T04:03:12.62,0,LDK2-ENK17,Common,WATER,Aqua,Effect Monster,500,1100,"You can substitute this card for any 1 Fusion Material Monster, but the other Fusion Material Monster(s) must be correct. You can discard this card to the Graveyard: Add 1 ""Polymerization"" from your Deck to your hand.<br>
<em>(Disclaimer: This card features a 2020 Copyright date.)</em>",0.36,0.74,2.16,0.72,,Unlimited,
543096,Rider of the Storm Winds,Rider of the Storm Winds,https://tcgplayer-cdn.tcgplayer.com/product/543096_200w.jpg,2,23469,https://cpt.tcgcsv.com/Xfm6,2024-03-15T04:03:12.62,0,LDK2-ENK18,Common,LIGHT,Dragon,Tuner/Effect Monster,500,200,"You can target 1 Dragon-Type Normal Monster you control; equip this monster from your hand or your side of the field to that target. If a monster equipped with this card attacks a Defense Position monster, inflict piercing battle damage to your opponent. If a monster equipped with this card would be destroyed, destroy this card instead.<br>
<em>(Disclaimer: This card features a 2020 Copyright date.)</em>",0.03,0.1,0.74,0.04,,Unlimited,
543097,Burst Stream of Destruction,Burst Stream of Destruction,https://tcgplayer-cdn.tcgplayer.com/product/543097_200w.jpg,2,23469,https://cpt.tcgcsv.com/Zfm6,2024-03-15T04:03:12.62,0,LDK2-ENK19,Common,SPELL,,Normal Spell,,,"If you control a ""Blue-Eyes White Dragon"": Destroy all monsters your opponent controls. ""Blue-Eyes White Dragons"" cannot attack the turn you activate this card.<br>
<em>(Disclaimer: This card features a 2020 Copyright date.)</em>",0.03,0.15,1.5,0.06,,Unlimited,
543098,Beacon of White,Beacon of White,https://tcgplayer-cdn.tcgplayer.com/product/543098_200w.jpg,2,23469,https://cpt.tcgcsv.com/-fm6,2024-03-15T04:03:12.62,0,LDK2-ENK20,Common,SPELL,,Normal Spell,,,"If you do not control another ""Beacon of White"", and you have 3 or more ""Blue-Eyes"" monsters in your Graveyard: Target 1 of them; Special Summon it, but its effects are negated, also equip it with this card. When this card leaves the field, banish the equipped monster. Other monsters you control cannot attack, also if you have any number of ""Blue-Eyes"" monster(s) in your Graveyard, the equipped monster can attack up to that number of times during each Battle Phase.<br>
<em>(Disclaimer: This card features a 2020 Copyright date.)</em>",0.02,0.13,1.5,0.05,,Unlimited,
543099,Mausoleum of White,Mausoleum of White,https://tcgplayer-cdn.tcgplayer.com/product/543099_200w.jpg,2,23469,https://cpt.tcgcsv.com/_fm6,2024-03-15T04:03:12.62,0,LDK2-ENK21,Common,SPELL,,Normal Spell,,,"During your Main Phase, you can Normal Summon 1 Level 1 LIGHT Tuner monster in addition to your Normal Summon/Set. (You can only gain this effect once per turn.) Once per turn: You can target 1 face-up monster you control; send 1 Normal Monster from your hand or Deck to the Graveyard, and if you do, the targeted monster gains ATK and DEF equal to the Level of the monster sent to the Graveyard x 100, until the end of this turn (even if this card leaves the field). You can banish this card from your Graveyard; add 1 ""Burst Stream of Destruction"" from your Deck to your hand.<br>
<em>(Disclaimer: This card features a 2020 Copyright date.)</em>",0.1,0.15,0.74,0.13,,Unlimited,
543100,Polymerization (K),Polymerization K,https://tcgplayer-cdn.tcgplayer.com/product/543100_200w.jpg,2,23469,https://cpt.tcgcsv.com/0gm6,2024-03-15T04:03:12.62,0,LDK2-ENK22,Common,SPELL,,Normal Spell,,,"Fusion Summon 1 Fusion Monster from your Extra Deck, using monsters from your hand or your side of the field as Fusion Materials.<br>
<em>(Disclaimer: This card features a 2020 Copyright date.)</em>",0.11,0.2,2.99,0.2,,Unlimited,
543101,Enemy Controller,Enemy Controller,https://tcgplayer-cdn.tcgplayer.com/product/543101_200w.jpg,2,23469,https://cpt.tcgcsv.com/2gm6,2024-03-15T04:03:12.62,0,LDK2-ENK23,Common,SPELL,,Normal Spell,,,"Activate 1 of these effects.<br>
<br>
• Target 1 face-up monster your opponent controls; change that target's battle position.<br>
<br>
• Tribute 1 monster, then target 1 face-up monster your opponent controls; take control of that target until the End Phase.<br>
<em>(Disclaimer: This card features a 2020 Copyright date.)</em>",0.05,0.15,1.55,0.08,,Unlimited,
543102,Shrink,Shrink,https://tcgplayer-cdn.tcgplayer.com/product/543102_200w.jpg,2,23469,https://cpt.tcgcsv.com/3gm6,2024-03-15T04:03:12.62,0,LDK2-ENK24,Common,SPELL,,Normal Spell,,,"Target 1 face-up monster on the field; the original ATK of that monster is halved until the end of this turn.<br>
<em>(Disclaimer: This card features a 2020 Copyright date.)</em>",0.09,0.2,1.5,0.1,,Unlimited,
543103,Silent Doom,Silent Doom,https://tcgplayer-cdn.tcgplayer.com/product/543103_200w.jpg,2,23469,https://cpt.tcgcsv.com/5gm6,2024-03-15T04:03:12.62,0,LDK2-ENK25,Common,SPELL,,Normal Spell,,,"Target 1 Normal Monster in your Graveyard; Special Summon it in face-up Defense Position. It cannot attack.<br>
<em>(Disclaimer: This card features a 2020 Copyright date.)</em>",0.05,0.13,1.5,0.06,,Unlimited,
543104,The Melody of Awakening Dragon,The Melody of Awakening Dragon,https://tcgplayer-cdn.tcgplayer.com/product/543104_200w.jpg,2,23469,https://cpt.tcgcsv.com/6gm6,2024-03-15T04:03:12.62,0,LDK2-ENK26,Ultra Rare,SPELL,,Normal Spell,,,"Discard 1 card; add up to 2 Dragon-Type monsters with 3000 or more ATK and 2500 or less DEF from your Deck to your hand.<br>
<em>(Disclaimer: This card features a 2020 Copyright date.)</em>",0.18,0.33,1.99,0.31,,Unlimited,
543105,Ancient Rules,Ancient Rules,https://tcgplayer-cdn.tcgplayer.com/product/543105_200w.jpg,2,23469,https://cpt.tcgcsv.com/7gm6,2024-03-15T04:03:12.62,0,LDK2-ENK27,Common,SPELL,,Normal Spell,,,"Special Summon 1 Level 5 or higher Normal Monster from your hand.<br>
<em>(Disclaimer: This card features a 2020 Copyright date.)</em>",0.11,0.19,1.5,0.14,,Unlimited,
543106,Trade-In,Trade In,https://tcgplayer-cdn.tcgplayer.com/product/543106_200w.jpg,2,23469,https://cpt.tcgcsv.com/8gm6,2024-03-15T04:03:12.62,0,LDK2-ENK28,Common,SPELL,,Normal Spell,,,"Discard 1 Level 8 monster; draw 2 cards.<br>
<em>(Disclaimer: This card features a 2020 Copyright date.)</em>",0.07,0.19,1.0,0.15,,Unlimited,
543107,Where Arf Thou?,Where Arf Thou,https://tcgplayer-cdn.tcgplayer.com/product/543107_200w.jpg,2,23469,https://cpt.tcgcsv.com/9gm6,2024-03-15T04:03:12.62,0,LDK2-ENK29,Common,SPELL,,Normal Spell,,,"If you control a face-up Level 1 monster: Add 1 Level 1 monster from your Deck to your hand. During the End Phase of this turn, take 2000 damage if you did not Normal Summon the added monster, or a card with the same name, after activating this card.<br>
<em>(Disclaimer: This card features a 2020 Copyright date.)</em>",0.1,0.21,0.74,0.21,,Unlimited,
543108,Pot of Dichotomy,Pot of Dichotomy,https://tcgplayer-cdn.tcgplayer.com/product/543108_200w.jpg,2,23469,https://cpt.tcgcsv.com/bgm6,2024-03-15T04:03:12.62,0,LDK2-ENK30,Common,SPELL,,Normal Spell,,,"At the start of your Main Phase 1: Target 3 monsters with different Types in your Graveyard; Shuffle all 3 into the Deck, then draw 2 cards. You cannot conduct your Battle Phase the turn you activate this card.<br>
<em>(Disclaimer: This card features a 2020 Copyright date.)</em>",0.1,0.19,0.79,0.14,,Unlimited,
543109,Fusion Substitute,Fusion Substitute,https://tcgplayer-cdn.tcgplayer.com/product/543109_200w.jpg,2,23469,https://cpt.tcgcsv.com/cgm6,2024-03-15T04:03:12.62,0,LDK2-ENK31,Common,SPELL,,Normal Spell,,,"(This card's name is always treated as ""Polymerization"".)<br>
<br>
Fusion Summon 1 Fusion Monster from your Extra Deck, using monsters you control as Fusion Materials. You can banish this card from your Graveyard, then target 1 Fusion Monster in your Graveyard; return it to the Extra Deck, then draw 1 card.<br>
<em>(Disclaimer: This card features a 2020 Copyright date.)</em>",0.05,0.14,1.5,0.13,,Unlimited,
543110,Unexpected Dai,Unexpected Dai,https://tcgplayer-cdn.tcgplayer.com/product/543110_200w.jpg,2,23469,https://cpt.tcgcsv.com/dgm6,2024-03-15T04:03:12.62,0,LDK2-ENK32,Common,SPELL,,Normal Spell,,,"If you control no monsters: Special Summon 1 Level 4 or lower Normal Monster from the Deck.<br>
<em>(Disclaimer: This card features a 2020 Copyright date.)</em>",0.2,0.27,1.5,0.26,,Unlimited,
543111,Negate Attack,Negate Attack,https://tcgplayer-cdn.tcgplayer.com/product/543111_200w.jpg,2,23469,https://cpt.tcgcsv.com/fgm6,2024-03-15T04:03:12.62,0,LDK2-ENK33,Common,TRAP,,Normal Trap,,,"When an opponent's monster declares an attack: Target the attacking monster; negate the attack, then end the Battle Phase.<br>
<em>(Disclaimer: This card features a 2020 Copyright date.)</em>",0.12,0.22,0.74,0.12,,Unlimited,
543112,Final Attack Orders,Final Attack Orders,https://tcgplayer-cdn.tcgplayer.com/product/543112_200w.jpg,2,23469,https://cpt.tcgcsv.com/ggm6,2024-03-15T04:03:12.62,0,LDK2-ENK34,Common,TRAP,,Normal Trap,,,"All face-up monsters on the field are changed to Attack Position and their battle positions cannot be changed.<br>
<em>(Disclaimer: This card features a 2020 Copyright date.)</em>",0.06,0.15,1.5,0.1,,Unlimited,
543113,Shadow Spell,Shadow Spell,https://tcgplayer-cdn.tcgplayer.com/product/543113_200w.jpg,2,23469,https://cpt.tcgcsv.com/hgm6,2024-03-15T04:03:12.62,0,LDK2-ENK35,Common,TRAP,,Normal Trap,,,"Activate this card by targeting 1 face-up monster your opponent controls; it loses 700 ATK, also it cannot attack or change its battle position. When it leaves the field, destroy this card.<br>
<em>(Disclaimer: This card features a 2020 Copyright date.)</em>",0.05,0.15,1.5,0.1,,Unlimited,
543114,Cloning,Cloning,https://tcgplayer-cdn.tcgplayer.com/product/543114_200w.jpg,2,23469,https://cpt.tcgcsv.com/jgm6,2024-03-15T04:03:12.62,0,LDK2-ENK36,Common,TRAP,,Normal Trap,,,"When your opponent Normal or Flip Summons a monster that has a Level: Target that face-up monster; Special Summon 1 ""Clone Token"", with the same original Type, Attribute, Level, ATK, and DEF as that target. When that target is destroyed and sent to the Graveyard, destroy this Token.<br>
<em>(Disclaimer: This card features a 2020 Copyright date.)</em>",0.01,0.14,1.5,0.01,,Unlimited,
543115,Fusion Reserve,Fusion Reserve,https://tcgplayer-cdn.tcgplayer.com/product/543115_200w.jpg,2,23469,https://cpt.tcgcsv.com/kgm6,2024-03-15T04:03:12.62,0,LDK2-ENK37,Common,TRAP,,Normal Trap,,,"Reveal 1 Fusion Monster in your Extra Deck, add 1 of the Fusion Materials listed on that card from your Deck to your hand, then you can add 1 ""Polymerization"" from your Graveyard to your hand.<br>
<em>(Disclaimer: This card features a 2020 Copyright date.)</em>",0.05,0.14,1.5,0.09,,Unlimited,
543116,Jar of Avarice,Jar of Avarice,https://tcgplayer-cdn.tcgplayer.com/product/543116_200w.jpg,2,23469,https://cpt.tcgcsv.com/lgm6,2024-03-15T04:03:12.62,0,LDK2-ENK38,Common,TRAP,,Normal Trap,,,"Target 5 cards in your Graveyard, except ""Jar of Avarice""; shuffle all 5 into the Deck, then draw 1 card. You can only activate 1 ""Jar of Avarice"" per turn.<br>
<em>(Disclaimer: This card features a 2020 Copyright date.)</em>",0.1,0.2,0.74,0.14,,Unlimited,
543117,Azure-Eyes Silver Dragon,Azure Eyes Silver Dragon,https://tcgplayer-cdn.tcgplayer.com/product/543117_200w.jpg,2,23469,https://cpt.tcgcsv.com/mgm6,2024-03-15T04:03:12.62,0,LDK2-ENK39,Common,LIGHT,Dragon,Synchro/Effect Monster,2500,3000,"1 Tuner + 1 or more non-Tuner Normal Monsters<br>
<br>
If this card is Special Summoned: Dragon-Type monsters you currently control cannot be targeted or destroyed by card effects until the end of the next turn. Once per turn, during your Standby Phase: You can target 1 Normal Monster in your Graveyard; Special Summon that target.<br>
<em>(Disclaimer: This card features a 2020 Copyright date.)</em>",0.08,0.17,0.74,0.12,,Unlimited,
543118,Blue-Eyes Ultimate Dragon,Blue Eyes Ultimate Dragon,https://tcgplayer-cdn.tcgplayer.com/product/543118_200w.jpg,2,23469,https://cpt.tcgcsv.com/ngm6,2024-03-15T04:03:12.62,0,LDK2-ENK40,Ultra Rare,LIGHT,Dragon,Fusion Monster,4500,3800,"""Blue-Eyes White Dragon"" + ""Blue-Eyes White Dragon"" + ""Blue-Eyes White Dragon""<br>
<em>(Disclaimer: This card features a 2020 Copyright date.)</em>",0.45,0.9,3.19,0.79,,Unlimited,
543119,First of the Dragons,First of the Dragons,https://tcgplayer-cdn.tcgplayer.com/product/543119_200w.jpg,2,23469,https://cpt.tcgcsv.com/pgm6,2024-03-15T04:03:12.62,0,LDK2-ENK41,Common,DARK,Dragon,Fusion/Effect Monster,2700,2000,"2 Normal Monsters<br>
<br>
Must be Fusion Summoned and cannot be Special Summoned by other ways. You can only control 1 ""First of the Dragons"". This card cannot be destroyed by battle, except by battle with a Normal Monster, and is unaffected by other monsters' effects.<br>
<em>(Disclaimer: This card features a 2020 Copyright date.)</em>",0.09,0.19,2.0,0.15,,Unlimited,
543120,Slifer the Sky Dragon,Slifer the Sky Dragon,https://tcgplayer-cdn.tcgplayer.com/product/543120_200w.jpg,2,23469,https://cpt.tcgcsv.com/qgm6,2024-03-15T04:03:12.62,0,LDK2-ENS01,Ultra Rare,DIVINE,Divine-Beast,Effect Monster,0,0,"Requires 3 Tributes to Normal Summon (cannot be Normal Set). This card's Normal Summon cannot be negated. When Normal Summoned, cards and effects cannot be activated. Once per turn, during the End Phase, if this card was Special Summoned: Send it to the Graveyard. This card gains 1000 ATK and DEF for each card in your hand. If a monster(s) is Normal or Special Summoned to your opponent's field in face-up Attack Position: That monster(s) loses 2000 ATK, then if its ATK has been reduced to 0 as a result, destroy it.<br>
<em>(Disclaimer: This card features a 2020 Copyright date.)</em>",0.24,0.52,2.39,0.43,,Limited,
543121,Obelisk the Tormentor,Obelisk the Tormentor,https://tcgplayer-cdn.tcgplayer.com/product/543121_200w.jpg,2,23469,https://cpt.tcgcsv.com/rgm6,2024-03-15T04:03:12.62,0,LDK2-ENS02,Ultra Rare,DIVINE,Divine-Beast,Effect Monster,4000,4000,"Requires 3 Tributes to Normal Summon (cannot be Normal Set). This card's Normal Summon cannot be negated. When Normal Summoned, cards and effects cannot be activated. Cannot be targeted by Spells, Traps, or card effects. Once per turn, during the End Phase, if this card was Special Summoned: Send it to the Graveyard. You can Tribute 2 monsters; destroy all monsters your opponent controls. This card cannot declare an attack the turn this effect is activated.<br>
<em>(Disclaimer: This card features a 2020 Copyright date.)</em>",0.25,0.5,1.79,0.37,,Limited,
543122,The Winged Dragon of Ra,The Winged Dragon of Ra,https://tcgplayer-cdn.tcgplayer.com/product/543122_200w.jpg,2,23469,https://cpt.tcgcsv.com/sgm6,2024-03-15T04:03:12.62,0,LDK2-ENS03,Ultra Rare,DIVINE,Divine-Beast,Effect Monster,0,0,"Cannot be Special Summoned. Requires 3 Tributes to Normal Summon (cannot be Normal Set). This card's Normal Summon cannot be negated. When Normal Summoned, other cards and effects cannot be activated. When this card is Normal Summoned: You can pay Life Points so that you only have 100 left; this card gains ATK and DEF equal to the amount of Life Points paid. You can pay 1000 Life Points, then target 1 monster on the field; destroy that target.<br>
<em>(Disclaimer: This card features a 2020 Copyright date.)</em>",0.42,1.12,5.13,0.87,,Limited,
543123,Dark Burning Attack,Dark Burning Attack,https://tcgplayer-cdn.tcgplayer.com/product/543123_200w.jpg,2,23469,https://cpt.tcgcsv.com/tgm6,2024-03-15T04:03:12.62,0,LDK2-ENS04,Secret Rare,SPELL,,Normal Spell,,,"If you control a ""Dark Magician Girl"" monster: Destroy all face-up monsters your opponent controls.<br>
<em>(Disclaimer: This card features a 2020 Copyright date.)</em>",0.15,0.4,3.19,0.21,,Limited,
543124,Dark Burning Magic,Dark Burning Magic,https://tcgplayer-cdn.tcgplayer.com/product/543124_200w.jpg,2,23469,https://cpt.tcgcsv.com/vgm6,2024-03-15T04:03:12.62,0,LDK2-ENS05,Secret Rare,SPELL,,Normal Spell,,,"If you control monsters whose original names are ""Dark Magician"" and ""Dark Magician Girl"": Destroy all cards your opponent controls.<br>
<em>(Disclaimer: This card features a 2020 Copyright date.)</em>",0.25,0.48,3.19,0.38,,Limited,
543125,Eternal Soul,Eternal Soul,https://tcgplayer-cdn.tcgplayer.com/product/543125_200w.jpg,2,23469,https://cpt.tcgcsv.com/wgm6,2024-03-15T04:03:12.62,0,LDK2-ENS06,Secret Rare,TRAP,,Normal Trap,,,"Every ""Dark Magician"" in your Monster Zone is unaffected by your opponent's card effects. If this face-up card leaves the field: Destroy all monsters you control. You can only use the following effect of ""Eternal Soul"" once per turn. You can activate 1 of these effects;<br>
<br>
• Special Summon 1 ""Dark Magician"" from your hand or Graveyard.<br>
<br>
• Add 1 ""Dark Magic Attack"" or ""Thousand Knives"" from your Deck to your hand.<br>
<em>(Disclaimer: This card features a 2020 Copyright date.)</em>",0.32,0.73,5.0,0.65,,Limited,
543126,Token: Yugi,Token Yugi,https://tcgplayer-cdn.tcgplayer.com/product/543126_200w.jpg,2,23469,https://cpt.tcgcsv.com/xgm6,2024-03-15T04:03:12.62,0,LDK2-ENT01,Ultra Rare,,,Token,,,"This card can be used as any Token.<br>
<em>(Disclaimer: This card features a 2020 Copyright date.)</em>",0.2,0.4,1.5,0.47,,Limited,
543127,Token: Kaiba,Token Kaiba,https://tcgplayer-cdn.tcgplayer.com/product/543127_200w.jpg,2,23469,https://cpt.tcgcsv.com/zgm6,2024-03-15T04:03:12.62,0,LDK2-ENT02,Ultra Rare,,,Token,,,"This card can be used as any Token.<br>
<em>(Disclaimer: This card features a 2020 Copyright date.)</em>",0.22,0.44,1.17,0.45,,Limited,
543128,Token: Joey,Token Joey,https://tcgplayer-cdn.tcgplayer.com/product/543128_200w.jpg,2,23469,https://cpt.tcgcsv.com/Bgm6,2024-03-15T04:03:12.62,0,LDK2-ENT03,Ultra Rare,,,Token,,,"This card can be used as any Token.<br>
<em>(Disclaimer: This card features a 2020 Copyright date.)</em>",0.24,0.35,1.88,0.35,,Limited,
543129,The Legendary Exodia Incarnate,The Legendary Exodia Incarnate,https://tcgplayer-cdn.tcgplayer.com/product/543129_200w.jpg,2,23469,https://cpt.tcgcsv.com/Cgm6,2024-03-15T04:03:12.62,0,LDK2-ENY01,Ultra Rare,DARK,Spellcaster,Effect Monster,0,0,"Cannot be Normal Summoned/Set. Must be Special Summoned (from your hand) by Tributing 1 ""Forbidden One"" monster, and cannot be Special Summoned by other ways. This card gains 1000 ATK for each ""Forbidden One"" monster in your Graveyard. Unaffected by other cards' effects. Once per turn, during your End Phase: Add 1 ""Forbidden One"" monster from your Graveyard to your hand. When this card is destroyed by battle and sent to the Graveyard: You can reveal any number of ""Forbidden One"" monsters in your hand, and if you do, draw 1 card for each.<br>
<em>(Disclaimer: This card features a 2020 Copyright date.)</em>",0.19,0.44,2.5,0.32,,Unlimited,
543130,Ties of the Brethren,Ties of the Brethren,https://tcgplayer-cdn.tcgplayer.com/product/543130_200w.jpg,2,23469,https://cpt.tcgcsv.com/Dgm6,2024-03-15T04:03:12.62,0,LDK2-ENY02,Ultra Rare,SPELL,,Normal Spell,,,"Pay 2000 LP, then target 1 Level 4 or lower monster you control; for the rest of this turn after this card resolves, you cannot Special Summon monsters, also Special Summon 2 monsters from your Deck, with the same Type, Attribute, and Level as that monster, but with different names from each other and that monster. You cannot conduct your Battle Phase the turn you activate this card.<br>
<em>(Disclaimer: This card features a 2020 Copyright date.)</em>",0.04,0.24,1.99,0.12,,Unlimited,
543131,Obliterate!!!,Obliterate,https://tcgplayer-cdn.tcgplayer.com/product/543131_200w.jpg,2,23469,https://cpt.tcgcsv.com/Fgm6,2024-03-15T04:03:12.62,0,LDK2-ENY03,Ultra Rare,TRAP,,Normal Trap,,,"You can target 1 monster on the field; send 1 ""Forbidden One"" monster or ""Exodia"" card from your hand or Deck to the Graveyard, and if you do, return that target to the hand. If this card is sent from the Spell & Trap Zone to the Graveyard: You can target 1 ""Forbidden One"" monster or ""Exodia"" card in your Graveyard; add it to your hand. You can only use 1 ""Obliterate!!!"" effect per turn, and only once that turn.<br>
<em>(Disclaimer: This card features a 2020 Copyright date.)</em>",0.25,0.54,4.0,0.54,,Unlimited,
543132,Exodia the Forbidden One,Exodia the Forbidden One,https://tcgplayer-cdn.tcgplayer.com/product/543132_200w.jpg,2,23469,https://cpt.tcgcsv.com/Ggm6,2024-03-15T04:03:12.62,0,LDK2-ENY04,Common,DARK,Spellcaster,Effect Monster,1000,1000,"If you have ""Right Leg of the Forbidden One"", ""Left Leg of the Forbidden One"", ""Right Arm of the Forbidden One"" and ""Left Arm of the Forbidden One"" in addition to this card in your hand, you win the Duel.<br>
<em>(Disclaimer: This card features a 2020 Copyright date.)</em>",0.58,1.29,2.55,1.06,,Unlimited,
543133,Right Arm of the Forbidden One,Right Arm of the Forbidden One,https://tcgplayer-cdn.tcgplayer.com/product/543133_200w.jpg,2,23469,https://cpt.tcgcsv.com/Hgm6,2024-03-15T04:03:12.62,0,LDK2-ENY05,Common,DARK,Spellcaster,Normal Monster,200,300,"<em>A forbidden right arm sealed by magic. Whosoever breaks this seal will know infinite power.<br>
<em>(Disclaimer: This card features a 2020 Copyright date.)</em>",1.92,2.13,3.4,2.02,,Unlimited,
543134,Left Arm of the Forbidden One,Left Arm of the Forbidden One,https://tcgplayer-cdn.tcgplayer.com/product/543134_200w.jpg,2,23469,https://cpt.tcgcsv.com/Jgm6,2024-03-15T04:03:12.62,0,LDK2-ENY06,Common,DARK,Spellcaster,Normal Monster,200,300,"<em>A forbidden left arm sealed by magic. Whosoever breaks this seal will know infinite power.<br>
<em>(Disclaimer: This card features a 2020 Copyright date.)</em>",1.25,1.84,3.35,1.74,,Unlimited,
543135,Right Leg of the Forbidden One,Right Leg of the Forbidden One,https://tcgplayer-cdn.tcgplayer.com/product/543135_200w.jpg,2,23469,https://cpt.tcgcsv.com/Kgm6,2024-03-15T04:03:12.62,0,LDK2-ENY07,Common,DARK,Spellcaster,Normal Monster,200,300,"<em>A forbidden right leg sealed by magic. Whosoever breaks this seal will know infinite power.<br>
<em>(Disclaimer: This card features a 2020 Copyright date.)</em>",2.08,2.47,3.58,2.16,,Unlimited,
543136,Left Leg of the Forbidden One,Left Leg of the Forbidden One,https://tcgplayer-cdn.tcgplayer.com/product/543136_200w.jpg,2,23469,https://cpt.tcgcsv.com/Lgm6,2024-03-15T04:03:12.62,0,LDK2-ENY08,Common,DARK,Spellcaster,Normal Monster,200,300,"<em>A forbidden left leg sealed by magic. Whosoever breaks this seal will know infinite power.<br>
<em>(Disclaimer: This card features a 2020 Copyright date.)</em>",1.0,1.98,3.42,1.81,,Unlimited,
543137,Exodia Necross,Exodia Necross,https://tcgplayer-cdn.tcgplayer.com/product/543137_200w.jpg,2,23469,https://cpt.tcgcsv.com/Mgm6,2024-03-15T04:03:12.62,0,LDK2-ENY09,Common,DARK,Spellcaster,Effect Monster,1800,0,"This card cannot be Normal Summoned or Set. This card cannot be Special Summoned except by the effect of ""Contract with Exodia"". This card is not destroyed as a result of battle or by the effects of Spell or Trap Cards, and during each of your Standby Phases, increase the ATK of this card by 500 points. This card is destroyed when any of ""Exodia the Forbidden One"", ""Right Arm of the Forbidden One"", ""Left Arm of the Forbidden One"", ""Right Leg of the Forbidden One"" or ""Left Leg of the Forbidden One"" is not in your Graveyard.<br>
<em>(Disclaimer: This card features a 2020 Copyright date.)</em>",0.09,0.23,3.01,0.17,,Unlimited,
543138,Dark Magician,Dark Magician,https://tcgplayer-cdn.tcgplayer.com/product/543138_200w.jpg,2,23469,https://cpt.tcgcsv.com/Ngm6,2024-03-15T04:03:12.62,0,LDK2-ENY10,Common,DARK,Spellcaster,Normal Monster,2500,2100,"<em>The ultimate wizard in terms of attack and defense.<br>
<em>(Disclaimer: This card features a 2020 Copyright date.)</em>",0.23,0.37,1.75,0.23,,Unlimited,
543139,Dark Magician Girl,Dark Magician Girl,https://tcgplayer-cdn.tcgplayer.com/product/543139_200w.jpg,2,23469,https://cpt.tcgcsv.com/Pgm6,2024-03-15T04:03:12.62,0,LDK2-ENY11,Common,DARK,Spellcaster,Effect Monster,2000,1700,"This card gains 300 ATK for every ""Dark Magician"" or ""Magician of Black Chaos"" in either player's Graveyard.<br>
<em>(Disclaimer: This card features a 2020 Copyright date.)</em>",0.17,0.25,1.17,0.21,,Unlimited,
543140,Buster Blader,Buster Blader,https://tcgplayer-cdn.tcgplayer.com/product/543140_200w.jpg,2,23469,https://cpt.tcgcsv.com/Qgm6,2024-03-15T04:03:12.62,0,LDK2-ENY12,Common,EARTH,Warrior,Effect Monster,2600,2300,"This card gains 500 ATK for each Dragon-Type monster your opponent controls or is in their Graveyard.<br>
<em>(Disclaimer: This card features a 2020 Copyright date.)</em>",0.1,0.2,1.99,0.12,,Unlimited,
543141,Silent Magician LV8,Silent Magician LV8,https://tcgplayer-cdn.tcgplayer.com/product/543141_200w.jpg,2,23469,https://cpt.tcgcsv.com/Rgm6,2024-03-15T04:03:12.62,0,LDK2-ENY13,Common,LIGHT,Spellcaster,Effect Monster,3500,1000,"Cannot be Normal Summoned/Set. Must be Special Summoned by ""Silent Magician LV4"" and cannot be Special Summoned by other ways. Unaffected by your opponent's Spell effects.<br>
<em>(Disclaimer: This card features a 2020 Copyright date.)</em>",0.05,0.15,0.74,0.11,,Unlimited,
543142,Silent Magician LV4,Silent Magician LV4,https://tcgplayer-cdn.tcgplayer.com/product/543142_200w.jpg,2,23469,https://cpt.tcgcsv.com/Sgm6,2024-03-15T04:03:12.62,0,LDK2-ENY14,Common,LIGHT,Spellcaster,Effect Monster,1000,1000,"Each time your opponent draws a card(s), place 1 Spell Counter on this card (max. 5). This card gains 500 ATK for each Spell Counter on it. During the Standby Phase of your next turn after the 5th Spell Counter is placed on this card: You can send this face-up card with 5 Spell Counters on it to the Graveyard; Special Summon 1 ""Silent Magician LV8"" from your hand or Deck.<br>
<em>(Disclaimer: This card features a 2020 Copyright date.)</em>",0.05,0.15,2.99,0.12,,Unlimited,
543143,The Tricky,The Tricky,https://tcgplayer-cdn.tcgplayer.com/product/543143_200w.jpg,2,23469,https://cpt.tcgcsv.com/Tgm6,2024-03-15T04:03:12.62,0,LDK2-ENY15,Common,WIND,Spellcaster,Effect Monster,2000,1200,"You can Special Summon this card (from your hand) by discarding 1 card.<br>
<em>(Disclaimer: This card features a 2020 Copyright date.)</em>",0.05,0.15,0.74,0.07,,Unlimited,
543144,Big Shield Gardna,Big Shield Gardna,https://tcgplayer-cdn.tcgplayer.com/product/543144_200w.jpg,2,23469,https://cpt.tcgcsv.com/Vgm6,2024-03-15T04:03:12.62,0,LDK2-ENY16,Common,EARTH,Warrior,Effect Monster,100,2600,"During either player's turn, when this face-down card (and no other cards) is targeted by a Spell Card: Change this card to face-up Defense Position, and if you do, negate the Spell Card's activation. If this card is attacked, change it to Attack Position at the end of the Damage Step.<br>
<em>(Disclaimer: This card features a 2020 Copyright date.)</em>",0.08,0.26,1.5,0.3,,Unlimited,
543145,Magician's Valkyria,Magicians Valkyria,https://tcgplayer-cdn.tcgplayer.com/product/543145_200w.jpg,2,23469,https://cpt.tcgcsv.com/Wgm6,2024-03-15T04:03:12.62,0,LDK2-ENY17,Common,LIGHT,Spellcaster,Effect Monster,1600,1800,"Your opponent cannot target face-up Spellcaster-Type monsters for attacks, except this one.<br>
<em>(Disclaimer: This card features a 2020 Copyright date.)</em>",0.1,0.2,1.72,0.19,,Unlimited,
543146,Blast Magician,Blast Magician,https://tcgplayer-cdn.tcgplayer.com/product/543146_200w.jpg,2,23469,https://cpt.tcgcsv.com/Xgm6,2024-03-15T04:03:12.62,0,LDK2-ENY18,Common,FIRE,Spellcaster,Effect Monster,1400,1700,"Each time a Spell Card is activated, place 1 Spell Counter on this card when that Spell Card resolves. You can remove any number of Spell Counters from this card, then target 1 face-up monster on the field with ATK less than or equal to the number of counters you removed x 700; destroy that target.<br>
<em>(Disclaimer: This card features a 2020 Copyright date.)</em>",0.04,0.14,1.35,0.1,,Unlimited,
543147,Blockman,Blockman,https://tcgplayer-cdn.tcgplayer.com/product/543147_200w.jpg,2,23469,https://cpt.tcgcsv.com/Zgm6,2024-03-15T04:03:12.62,0,LDK2-ENY19,Common,EARTH,Rock,Effect Monster,1000,1500,"You can Tribute this card; Special Summon in Defense Position, a number of ""Block Tokens"" (Rock-Type/EARTH/Level 4/ATK 1000/DEF 1500) equal to the number of your turns this card has been face-up on your side of the field. These Tokens cannot declare an attack.<br>
<em>(Disclaimer: This card features a 2020 Copyright date.)</em>",0.05,0.14,1.5,0.05,,Unlimited,
543148,Marshmallon,Marshmallon,https://tcgplayer-cdn.tcgplayer.com/product/543148_200w.jpg,2,23469,https://cpt.tcgcsv.com/-gm6,2024-03-15T04:03:12.62,0,LDK2-ENY20,Common,LIGHT,Fairy,Effect Monster,300,500,"After damage calculation, if this card was attacked, and was face-down at the start of the Damage Step: The attacking player takes 1000 damage. Cannot be destroyed by battle.<br>
<em>(Disclaimer: This card features a 2020 Copyright date.)</em>",0.12,0.17,0.74,0.15,,Unlimited,
543149,Sangan,Sangan,https://tcgplayer-cdn.tcgplayer.com/product/543149_200w.jpg,2,23469,https://cpt.tcgcsv.com/_gm6,2024-03-15T04:03:12.62,0,LDK2-ENY21,Common,DARK,Fiend,Effect Monster,1000,600,"If this card is sent from the field to the Graveyard: Add 1 monster with 1500 or less ATK from your Deck to your hand, but you cannot activate cards, or the effects of cards, with that name for the rest of this turn. You can only use this effect of ""Sangan"" once per turn.<br>
<em>(Disclaimer: This card features a 2020 Copyright date.)</em>",0.19,0.3,0.74,0.2,,Unlimited,
543150,Gold Sarcophagus,Gold Sarcophagus,https://tcgplayer-cdn.tcgplayer.com/product/543150_200w.jpg,2,23469,https://cpt.tcgcsv.com/0hm6,2024-03-15T04:03:12.62,0,LDK2-ENY22,Common,SPELL,,Normal Spell,,,"Banish 1 card from your Deck, face-up. During your second Standby Phase after this card's activation, add that card to your hand.<br>
<em>(Disclaimer: This card features a 2020 Copyright date.)</em>",0.08,0.2,0.99,0.17,,Unlimited,
543151,Swords of Revealing Light,Swords of Revealing Light,https://tcgplayer-cdn.tcgplayer.com/product/543151_200w.jpg,2,23469,https://cpt.tcgcsv.com/2hm6,2024-03-15T04:03:12.62,0,LDK2-ENY23,Common,SPELL,,Normal Spell,,,"Flip all monsters your opponent controls face-up. This card remains on the field for 3 of your opponent's turns. While this card is face-up on the field, monsters your opponent controls cannot declare an attack.<br>
<em>(Disclaimer: This card features a 2020 Copyright date.)</em>",0.1,0.22,1.99,0.12,,Unlimited,
543152,Magical Dimension,Magical Dimension,https://tcgplayer-cdn.tcgplayer.com/product/543152_200w.jpg,2,23469,https://cpt.tcgcsv.com/3hm6,2024-03-15T04:03:12.62,0,LDK2-ENY24,Common,SPELL,,Normal Spell,,,"If you control a Spellcaster-Type monster: Target 1 monster you control; Tribute that target, then Special Summon 1 Spellcaster-Type monster from your hand, then you can destroy 1 monster on the field.<br>
<em>(Disclaimer: This card features a 2020 Copyright date.)</em>",0.05,0.2,1.99,0.17,,Unlimited,
543153,Magicians Unite,Magicians Unite,https://tcgplayer-cdn.tcgplayer.com/product/543153_200w.jpg,2,23469,https://cpt.tcgcsv.com/5hm6,2024-03-15T04:03:12.62,0,LDK2-ENY25,Common,SPELL,,Normal Spell,,,"If you control 2 or more Attack Position Spellcaster-Type monsters: Target 1 of them; its ATK becomes 3000 until the end of this turn, but other Spellcaster-Type monsters you control cannot attack this turn.<br>
<em>(Disclaimer: This card features a 2020 Copyright date.)</em>",0.03,0.13,1.5,0.1,,Unlimited,
543154,Tricky Spell 4,Tricky Spell 4,https://tcgplayer-cdn.tcgplayer.com/product/543154_200w.jpg,2,23469,https://cpt.tcgcsv.com/6hm6,2024-03-15T04:03:12.62,0,LDK2-ENY26,Common,SPELL,,Normal Spell,,,"Send 1 face-up ""The Tricky"" you control to the Graveyard; Special Summon ""Tricky Tokens"" (Spellcaster-Type/WIND/Level 5/ATK 2000/DEF 1200) in Defense Position, equal to the number of monsters your opponent controls. ""Tricky Tokens"" cannot declare an attack.<br>
<em>(Disclaimer: This card features a 2020 Copyright date.)</em>",0.01,0.12,1.5,0.04,,Unlimited,
543155,Thousand Knives,Thousand Knives,https://tcgplayer-cdn.tcgplayer.com/product/543155_200w.jpg,2,23469,https://cpt.tcgcsv.com/7hm6,2024-03-15T04:03:12.62,0,LDK2-ENY27,Common,SPELL,,Normal Spell,,,"If you control ""Dark Magician"": Target 1 monster your opponent controls; destroy that target.<br>
<em>(Disclaimer: This card features a 2020 Copyright date.)</em>",0.1,0.2,1.99,0.18,,Unlimited,
543156,Dark Magic Attack,Dark Magic Attack,https://tcgplayer-cdn.tcgplayer.com/product/543156_200w.jpg,2,23469,https://cpt.tcgcsv.com/8hm6,2024-03-15T04:03:12.62,0,LDK2-ENY28,Common,SPELL,,Normal Spell,,,"If you control ""Dark Magician"": Destroy all Spell and Trap Cards your opponent controls.<br>
<em>(Disclaimer: This card features a 2020 Copyright date.)</em>",0.2,0.27,1.99,0.23,,Unlimited,
543157,Contract with Exodia,Contract with Exodia,https://tcgplayer-cdn.tcgplayer.com/product/543157_200w.jpg,2,23469,https://cpt.tcgcsv.com/9hm6,2024-03-15T04:03:12.62,0,LDK2-ENY29,Common,SPELL,,Normal Spell,,,"You can only activate this card when you have ""Exodia the Forbidden One"", ""Right Arm of the Forbidden One"", ""Left Arm of the Forbidden One"", ""Right Leg of the Forbidden One"", and ""Left Leg of the Forbidden One"" in your Graveyard. Special Summon 1 ""Exodia Necross"" from your hand.<br>
<em>(Disclaimer: This card features a 2020 Copyright date.)</em>",0.1,0.2,1.99,0.16,,Unlimited,
543158,Messenger of Peace,Messenger of Peace,https://tcgplayer-cdn.tcgplayer.com/product/543158_200w.jpg,2,23469,https://cpt.tcgcsv.com/bhm6,2024-03-15T04:03:12.62,0,LDK2-ENY30,Common,SPELL,,Normal Spell,,,"Monsters with 1500 or more ATK cannot declare an attack. Once per turn, during your Standby Phase, pay 100 LP or destroy this card.<br>
<em>(Disclaimer: This card features a 2020 Copyright date.)</em>",0.38,0.55,3.5,0.46,,Unlimited,
543159,Dark Factory of Mass Production,Dark Factory of Mass Production,https://tcgplayer-cdn.tcgplayer.com/product/543159_200w.jpg,2,23469,https://cpt.tcgcsv.com/chm6,2024-03-15T04:03:12.62,0,LDK2-ENY31,Common,SPELL,,Normal Spell,,,"Target 2 Normal Monsters in your Graveyard; add those targets to your hand.<br>
<em>(Disclaimer: This card features a 2020 Copyright date.)</em>",0.07,0.16,1.99,0.11,,Unlimited,
543160,Monster Reincarnation,Monster Reincarnation,https://tcgplayer-cdn.tcgplayer.com/product/543160_200w.jpg,2,23469,https://cpt.tcgcsv.com/dhm6,2024-03-15T04:03:12.62,0,LDK2-ENY32,Common,SPELL,,Normal Spell,,,"Discard 1 card, then target 1 monster in your Graveyard; add it to your hand.<br>
<em>(Disclaimer: This card features a 2020 Copyright date.)</em>",0.14,0.21,1.99,0.21,,Unlimited,
543161,Secret Village of the Spellcasters,Secret Village of the Spellcasters,https://tcgplayer-cdn.tcgplayer.com/product/543161_200w.jpg,2,23469,https://cpt.tcgcsv.com/fhm6,2024-03-15T04:03:12.62,0,LDK2-ENY33,Common,SPELL,,Normal Spell,,,"If you control a Spellcaster-Type monster and your opponent does not, your opponent cannot activate Spell Cards. If you control no Spellcaster-Type monsters, you cannot activate Spell Cards.<br>
<em>(Disclaimer: This card features a 2020 Copyright date.)</em>",0.24,0.37,3.3,0.26,,Unlimited,
543162,Pot of Duality,Pot of Duality,https://tcgplayer-cdn.tcgplayer.com/product/543162_200w.jpg,2,23469,https://cpt.tcgcsv.com/ghm6,2024-03-15T04:03:12.62,0,LDK2-ENY34,Common,SPELL,,Normal Spell,,,"Excavate the top 3 cards of your Deck, add 1 of them to your hand, also, after that, shuffle the rest back into your Deck. You can only activate 1 ""Pot of Duality"" per turn. You cannot Special Summon during the turn you activate this card.<br>
<em>(Disclaimer: This card features a 2020 Copyright date.)</em>",0.1,0.3,1.46,0.18,,Unlimited,
543163,Mirror Force,Mirror Force,https://tcgplayer-cdn.tcgplayer.com/product/543163_200w.jpg,2,23469,https://cpt.tcgcsv.com/hhm6,2024-03-15T04:03:12.62,0,LDK2-ENY35,Common,TRAP,,Normal Trap,,,"When an opponent's monster declares an attack: Destroy all Attack Position monsters your opponent controls.<br>
<em>(Disclaimer: This card features a 2020 Copyright date.)</em>",0.75,0.94,1.23,0.86,,Unlimited,
543164,Magical Hats,Magical Hats,https://tcgplayer-cdn.tcgplayer.com/product/543164_200w.jpg,2,23469,https://cpt.tcgcsv.com/jhm6,2024-03-15T04:03:12.62,0,LDK2-ENY36,Common,TRAP,,Normal Trap,,,"During your opponent's Battle Phase: Choose 2 Spell/Trap Cards from your Deck and 1 monster you control. Special Summon them as Normal Monsters (ATK 0/DEF 0) in face-down Defense Position, Set the chosen monster if it is face-up, and shuffle them on the field. The 2 cards chosen from your Deck are destroyed at the end of the Battle Phase, and cannot remain on the field except during this Battle Phase.<br>
<em>(Disclaimer: This card features a 2020 Copyright date.)</em>",0.1,0.16,0.74,0.11,,Unlimited,
543165,Magic Cylinder,Magic Cylinder,https://tcgplayer-cdn.tcgplayer.com/product/543165_200w.jpg,2,23469,https://cpt.tcgcsv.com/khm6,2024-03-15T04:03:12.62,0,LDK2-ENY37,Common,TRAP,,Normal Trap,,,"When an opponent's monster declares an attack: Target the attacking monster; negate the attack, and if you do, inflict damage to your opponent equal to its ATK.<br>
<em>(Disclaimer: This card features a 2020 Copyright date.)</em>",0.28,0.38,3.29,0.31,,Unlimited,
543166,Magician's Circle,Magicians Circle,https://tcgplayer-cdn.tcgplayer.com/product/543166_200w.jpg,2,23469,https://cpt.tcgcsv.com/lhm6,2024-03-15T04:03:12.62,0,LDK2-ENY38,Common,TRAP,,Normal Trap,,,"When a Spellcaster-Type monster declares an attack: Each player Special Summons 1 Spellcaster-Type monster with 2000 or less ATK from their Deck in Attack Position.<br>
<em>(Disclaimer: This card features a 2020 Copyright date.)</em>",0.02,0.2,0.74,0.07,,Unlimited,
543167,Backup Soldier,Backup Soldier,https://tcgplayer-cdn.tcgplayer.com/product/543167_200w.jpg,2,23469,https://cpt.tcgcsv.com/mhm6,2024-03-15T04:03:12.62,0,LDK2-ENY39,Common,TRAP,,Normal Trap,,,"While there are 5 or more monsters in your Graveyard: Target up to 3 non-Effect Monsters with 1500 or less ATK in your Graveyard; add them to your hand.<br>
<em>(Disclaimer: This card features a 2020 Copyright date.)</em>",0.08,0.15,1.5,0.09,,Unlimited,
543168,Gravity Bind,Gravity Bind,https://tcgplayer-cdn.tcgplayer.com/product/543168_200w.jpg,2,23469,https://cpt.tcgcsv.com/nhm6,2024-03-15T04:03:12.62,0,LDK2-ENY40,Common,TRAP,,Normal Trap,,,"Level 4 or higher monsters cannot attack.<br>
<em>(Disclaimer: This card features a 2020 Copyright date.)</em>",0.28,0.4,2.99,0.4,,Unlimited,
543169,Legendary Decks II Collector's Set [Unlimited Edition] (2024 Reprint),Legendary Decks II Collectors Set Unlimited Edition 2024 Reprint,https://tcgplayer-cdn.tcgplayer.com/product/543169_200w.jpg,2,23469,https://cpt.tcgcsv.com/phm6,2024-03-15T04:03:12.62,1,,,,,,,,"Each Legendary Decks II Collector's Set contains:
<br>
<br>• 43-card Deck based on Yugi and his ""Exodia the Forbidden One"", including the 3 playable versions of the Egyptian God cards.
<br>• 43-card Deck based on Kaiba and his ""Blue-Eyes White Dragon"".
<br>• 43-card Deck based on Joey and his ""Red-Eyes B. Dragon"", including ""Red-Eyes Black Flare Dragon"" and ""Red-Eyes Archfiend of Lightning"".
<br>• 3 new Secret Rare cards: ""Eternal Soul"", ""Dark Burning Attack"", and ""Dark Burning Magic"".
<br>• 3 Ultra Rare Token cards.
<br>
<br>Each of the three decks include 3 Ultra Rares and 40 commons.
<br><em>(Disclaimer: This sealed product features a 2020 Copyright date.)</em>",30.0,34.72,34.95,32.04,,Normal,083717845010
