productId,name,cleanName,imageUrl,categoryId,groupId,url,modifiedOn,imageCount,extDescription,lowPrice,midPrice,highPrice,marketPrice,directLowPrice,subTypeName,extNumber,extRarity,extAttribute,extMonsterType,extCardType,extAttack,extLinkRating,extLinkArrows,extDefense
176846,Legendary Hero Decks Collector's Set,Legendary Hero Decks Collectors Set,https://tcgplayer-cdn.tcgplayer.com/product/176846_200w.jpg,2,2336,https://cpt.tcgcsv.com/XLq2,2018-09-19T17:29:48.073,1,"Get ready to dispense some Dueling justice this holiday season when the Yu-Gi-Oh! TRADING CARD GAME presents Legendary Hero Decks! This box set comes with 3 unique Decks featuring the kind of monsters you’d want on your side if the fate of the world depended on the outcome of a Duel!
<br><br>Each Legendary Hero Decks box set contains 150 cards:
<br>
<br>• Three 40-card Decks with 10-card Extra Decks.
<br>• Each Deck has 5 Ultra Rares and 45 Commons.
<br><em>(Set content subject to change.)</em>",43.2,48.02,100.0,46.57,,Normal,,,,,,,,,
177586,Xtra HERO Dread Decimator,Xtra HERO Dread Decimator,https://tcgplayer-cdn.tcgplayer.com/product/177586_200w.jpg,2,2336,https://cpt.tcgcsv.com/L2r2,2023-06-22T19:20:53.987,1,"2+ ""HERO"" monsters
<br>This card, also any ""HERO"" monsters it points to, gains 100 ATK for each ""HERO"" monster with different names in your GY. If this card attacks a Defense Position monster, inflict piercing battle damage.",0.1,0.99,5.0,0.8,1.95,1st Edition,LEHD-ENA00,Ultra Rare,DARK,Warrior,Link/Effect Monster,2500,3,Bottom-Right;Bottom;Bottom-Left,
177587,Destiny HERO - Dogma,Destiny HERO Dogma,https://tcgplayer-cdn.tcgplayer.com/product/177587_200w.jpg,2,2336,https://cpt.tcgcsv.com/M2r2,2025-09-20T00:30:49.05,1,"Cannot be Normal Summoned/Set. Must be Special Summoned (from your hand) by Tributing 3 monsters, including at least 1 ""Destiny HERO"" monster. Once per turn, if you still control this face-up card during your opponent's next Standby Phase after you Special Summoned it this way: Halve your opponent's LP.",0.03,0.24,1.49,0.15,0.13,1st Edition,LEHD-ENA01,Common,DARK,Warrior,Effect Monster,3400,,,2400
177588,Destiny HERO - Plasma,Destiny HERO Plasma,https://tcgplayer-cdn.tcgplayer.com/product/177588_200w.jpg,2,2336,https://cpt.tcgcsv.com/N2r2,2024-08-12T19:55:30.823,1,Cannot be Normal Summoned/Set. Must be Special Summoned (from your hand) by Tributing 3 monsters. Negate the effects of face-up monsters while your opponent controls them. Once per turn: You can target 1 monster your opponent controls; equip that target to this card (max. 1). This card gains ATK equal to half the original ATK of the monster equipped to it by this effect.,0.19,0.3,2.23,0.22,0.2,1st Edition,LEHD-ENA02,Common,DARK,Warrior,Effect Monster,1900,,,600
177589,Destiny HERO - Dreadmaster,Destiny HERO Dreadmaster,https://tcgplayer-cdn.tcgplayer.com/product/177589_200w.jpg,2,2336,https://cpt.tcgcsv.com/P2r2,2018-10-08T15:37:17.523,1,"If this card is Special Summoned by ""Clock Tower Prison"": Destroy all monsters you control, except ""Destiny HERO"" monsters, also, after that, you can Special Summon up to 2 ""Destiny HERO"" monsters from your GY. After this card is Special Summoned, for the rest of this turn, ""Destiny HERO"" monsters you control cannot be destroyed, also you take no battle damage when they battle. The ATK/DEF of this card are equal to the combined original ATK of all other ""Destiny HERO"" monsters you control.",0.08,0.26,1.49,0.27,0.16,1st Edition,LEHD-ENA03,Common,DARK,Warrior,Effect Monster,,,,
177590,Destiny HERO - Malicious,Destiny HERO Malicious,https://tcgplayer-cdn.tcgplayer.com/product/177590_200w.jpg,2,2336,https://cpt.tcgcsv.com/Q2r2,2022-07-02T18:47:56.6,1,"You can banish this card from your GY; Special Summon 1 ""Destiny HERO - Malicious"" from your Deck.",0.14,0.96,6.97,0.94,0.91,1st Edition,LEHD-ENA04,Common,DARK,Warrior,Effect Monster,800,,,800
177591,Destiny HERO - Malicious (UR),Destiny HERO Malicious UR,https://tcgplayer-cdn.tcgplayer.com/product/177591_200w.jpg,2,2336,https://cpt.tcgcsv.com/R2r2,2024-04-16T12:01:05.677,1,"You can banish this card from your GY; Special Summon 1 ""Destiny HERO - Malicious"" from your Deck.",0.1,0.5,8.99,0.38,0.24,1st Edition,LEHD-ENA04,Ultra Rare,DARK,Warrior,Effect Monster,800,,,800
177592,Destiny HERO - Celestial,Destiny HERO Celestial,https://tcgplayer-cdn.tcgplayer.com/product/177592_200w.jpg,2,2336,https://cpt.tcgcsv.com/S2r2,2024-08-12T19:55:30.887,1,"When this card declares an attack: You can target 1 face-up Spell your opponent controls; destroy it, and if you do, inflict 500 damage to your opponent. While you have no cards in your hand, except the turn this card was sent to the GY: You can banish this card and 1 ""Destiny HERO"" monster from your GY; draw 2 cards. You can only use this effect of ""Destiny HERO - Celestial"" once per turn.",0.05,0.35,2.29,0.19,0.17,1st Edition,LEHD-ENA05,Common,DARK,Warrior,Effect Monster,1600,,,1400
177593,Destiny HERO - Diamond Dude,Destiny HERO Diamond Dude,https://tcgplayer-cdn.tcgplayer.com/product/177593_200w.jpg,2,2336,https://cpt.tcgcsv.com/T2r2,2023-05-28T11:14:59.377,1,"Once per turn: You can excavate the top card of your Deck, and if it is a Normal Spell, send it to the GY, otherwise place it on the bottom of your Deck. During the Main Phase of your next turn, you can activate the effect of that Spell in your GY (even if you no longer control this face-up card).",0.09,0.22,1.49,0.14,0.11,1st Edition,LEHD-ENA06,Common,DARK,Warrior,Effect Monster,1400,,,1600
177594,Destiny HERO - Dread Servant,Destiny HERO Dread Servant,https://tcgplayer-cdn.tcgplayer.com/product/177594_200w.jpg,2,2336,https://cpt.tcgcsv.com/V2r2,2018-10-08T15:41:28.863,1,"If this card is Normal Summoned: Place 1 Clock Counter on each ""Clock Tower Prison"". When this card is destroyed by battle and sent to the GY: You can target 1 Spell/Trap you control; destroy that target.",0.05,0.24,1.49,0.22,0.11,1st Edition,LEHD-ENA07,Common,DARK,Warrior,Effect Monster,400,,,700
177595,Destiny HERO - Disk Commander,Destiny HERO Disk Commander,https://tcgplayer-cdn.tcgplayer.com/product/177595_200w.jpg,2,2336,https://cpt.tcgcsv.com/W2r2,2024-08-12T19:55:30.933,1,"Cannot be Special Summoned from the GY the turn this card was sent to the GY. If this card is Special Summoned from the GY: You can draw 2 cards. You can only use this effect of ""Destiny HERO - Disk Commander"" once per Duel.",0.06,0.34,2.99,0.19,0.16,1st Edition,LEHD-ENA08,Ultra Rare,DARK,Warrior,Effect Monster,300,,,300
177596,Destiny HERO - Dark Angel,Destiny HERO Dark Angel,https://tcgplayer-cdn.tcgplayer.com/product/177596_200w.jpg,2,2336,https://cpt.tcgcsv.com/X2r2,2025-05-31T20:26:38.647,1,"If you have 3 or more ""Destiny HERO"" monsters in your GY: You can discard this card, then target 1 ""Destiny HERO"" monster in your GY; Special Summon it to your opponent's field in Defense Position. When a Spell Card or effect you activate resolves, negate that effect, and if you do, or if it did not have an effect, destroy that card. During your Standby Phase: You can banish this card and 1 ""Destiny HERO"" monster from your GY; each player chooses 1 Normal Spell from their Deck, and places it on top of their Deck.",0.19,0.46,1.56,0.44,0.33,1st Edition,LEHD-ENA09,Common,DARK,Warrior,Effect Monster,0,,,0
177597,Destiny HERO - Dynatag,Destiny HERO Dynatag,https://tcgplayer-cdn.tcgplayer.com/product/177597_200w.jpg,2,2336,https://cpt.tcgcsv.com/Z2r2,2024-08-12T19:55:31.05,1,"During damage calculation, when you would take battle damage (Quick Effect): You can discard this card; make yourself take no battle damage from that battle, and if you do, each player takes 1000 damage. You can banish this card from your GY, then target 1 ""Destiny HERO"" monster you control; it gains 1000 ATK until the end of your opponent's next turn.",0.1,0.31,1.49,0.38,0.24,1st Edition,LEHD-ENA10,Common,DARK,Warrior,Effect Monster,1000,,,1000
177598,Destiny HERO - Drilldark,Destiny HERO Drilldark,https://tcgplayer-cdn.tcgplayer.com/product/177598_200w.jpg,2,2336,https://cpt.tcgcsv.com/-2r2,2024-08-12T19:55:31.127,1,"If this card is Normal or Special Summoned: You can Special Summon 1 ""Destiny HERO"" monster from your hand with ATK less than or equal to this card's ATK on the field. You can only use this effect of ""Destiny HERO - Drilldark"" once per turn. If this card attacks a Defense Position monster, inflict piercing battle damage to your opponent.",0.05,0.25,1.49,0.22,0.16,1st Edition,LEHD-ENA11,Common,DARK,Warrior,Effect Monster,1600,,,1200
177599,Destiny HERO - Decider,Destiny HERO Decider,https://tcgplayer-cdn.tcgplayer.com/product/177599_200w.jpg,2,2336,https://cpt.tcgcsv.com/_2r2,2024-08-12T19:55:31.207,1,"Level 6 or higher monsters your opponent controls cannot target this card for attacks. You can only use each of the following effects of ""Destiny HERO - Decider"" once per Duel.
<br>• If this card is Normal or Special Summoned: You can add 1 ""HERO"" monster from your GY to your hand during the End Phase of this turn.
<br>• When a card or effect is activated that would inflict damage to you, while this card is in your GY (Quick Effect): Return this card to your hand, and if you do, make that effect damage to you 0.",0.1,0.34,1.49,0.32,0.19,1st Edition,LEHD-ENA12,Common,DARK,Warrior,Effect Monster,1600,,,1000
177600,Destiny HERO - Dreamer,Destiny HERO Dreamer,https://tcgplayer-cdn.tcgplayer.com/product/177600_200w.jpg,2,2336,https://cpt.tcgcsv.com/03r2,2024-08-12T19:55:31.283,1,"During damage calculation, if your ""Destiny HERO"" monster battles and this card is in your GY: You can Special Summon this card, and if you do, your monster cannot be destroyed by that battle, also you take no battle damage from that battle. If Summoned this way, banish this card when it leaves the field. You can only use this effect of ""Destiny HERO - Dreamer"" once per turn.",0.08,0.25,1.49,0.13,,1st Edition,LEHD-ENA13,Common,DARK,Warrior,Effect Monster,0,,,600
177601,D Cubed,D Cubed,https://tcgplayer-cdn.tcgplayer.com/product/177601_200w.jpg,2,2336,https://cpt.tcgcsv.com/23r2,2018-10-08T15:45:42.38,1,"If this card is Normal Summoned: It is also treated as a ""Destiny HERO"" monster while face-up on the field. You can only use each of the following effects of ""D Cubed"" once per turn.
<br>• You can discard up to 2 cards; Special Summon ""D Cubed"" from your hand, Deck, and/or GY, equal to the number discarded, also for the rest of this turn, you cannot Normal or Special Summon other monsters, except ""Destiny HERO"" monsters.
<br>• If this card is destroyed by battle or card effect: You can send 1 ""Destiny HERO"" monster from your Deck to the GY.",0.01,0.2,1.49,0.17,0.1,1st Edition,LEHD-ENA14,Common,DARK,Machine,Effect Monster,0,,,600
177602,Elemental HERO Shadow Mist,Elemental HERO Shadow Mist,https://tcgplayer-cdn.tcgplayer.com/product/177602_200w.jpg,2,2336,https://cpt.tcgcsv.com/33r2,2024-07-23T13:19:05,1,"If this card is Special Summoned: You can add 1 ""Change"" Quick-Play Spell Card from your Deck to your hand. If this card is sent to the GY: You can add 1 ""HERO"" monster from your Deck to your hand, except ""Elemental HERO Shadow Mist"". You can only use 1 ""Elemental HERO Shadow Mist"" effect per turn, and only once that turn.",1.94,2.94,7.5,2.69,4.5,1st Edition,LEHD-ENA15,Common,DARK,Warrior,Effect Monster,1000,,,1500
177603,Elemental HERO Blazeman,Elemental HERO Blazeman,https://tcgplayer-cdn.tcgplayer.com/product/177603_200w.jpg,2,2336,https://cpt.tcgcsv.com/53r2,2018-10-08T15:47:10.673,1,"If this card is Normal or Special Summoned: You can add 1 ""Polymerization"" from your Deck to your hand. During your Main Phase: You can activate this effect; you cannot Special Summon monsters for the rest of this turn, except Fusion Monsters, also send 1 ""Elemental HERO"" monster from your Deck to the GY, except ""Elemental HERO Blazeman"", and if you do, this card's Attribute and ATK/DEF become the same as the monster sent to the GY, until the end of this turn. You can only use 1 ""Elemental HERO Blazeman"" effect per turn, and only once that turn.",0.23,0.98,2.99,0.71,0.79,1st Edition,LEHD-ENA16,Common,FIRE,Warrior,Effect Monster,1200,,,1800
177604,Destiny Draw,Destiny Draw,https://tcgplayer-cdn.tcgplayer.com/product/177604_200w.jpg,2,2336,https://cpt.tcgcsv.com/63r2,2024-08-12T19:55:31.37,1,"Discard 1 ""Destiny HERO"" card; draw 2 cards.",0.09,0.28,1.49,0.19,0.1,1st Edition,LEHD-ENA17,Common,SPELL,,Normal Spell,,,,
177605,Destiny Draw (UR),Destiny Draw UR,https://tcgplayer-cdn.tcgplayer.com/product/177605_200w.jpg,2,2336,https://cpt.tcgcsv.com/73r2,2024-08-12T19:55:31.433,1,"Discard 1 ""Destiny HERO"" card; draw 2 cards.",0.03,0.35,5.0,0.21,0.14,1st Edition,LEHD-ENA17,Ultra Rare,SPELL,,Normal Spell,,,,
177606,Over Destiny,Over Destiny,https://tcgplayer-cdn.tcgplayer.com/product/177606_200w.jpg,2,2336,https://cpt.tcgcsv.com/83r2,2024-08-12T19:55:31.533,1,"Target 1 ""Destiny HERO"" monster in your GY; Special Summon 1 ""Destiny HERO"" monster from your Deck whose Level is less than or equal to half of that target's Level, but destroy it during the End Phase of this turn.",0.01,0.21,1.49,0.12,0.1,1st Edition,LEHD-ENA18,Common,SPELL,,Normal Spell,,,,
177607,Clock Tower Prison,Clock Tower Prison,https://tcgplayer-cdn.tcgplayer.com/product/177607_200w.jpg,2,2336,https://cpt.tcgcsv.com/93r2,2024-08-12T19:55:31.643,1,"Once per turn, during your opponent's Standby Phase: Place 1 Clock Counter on this card. While there are 4 or more Clock Counters on this card, you do not take any battle damage. If this card with 4 or more Clock Counters is destroyed and sent to the GY: Special Summon 1 ""Destiny HERO - Dreadmaster"" from your hand or Deck.",0.1,0.28,1.53,0.36,0.2,1st Edition,LEHD-ENA19,Common,SPELL,,Field Spell,,,,
177608,Dark City,Dark City,https://tcgplayer-cdn.tcgplayer.com/product/177608_200w.jpg,2,2336,https://cpt.tcgcsv.com/b3r2,2018-10-08T15:50:41.803,1,"When a ""Destiny HERO"" monster attacks, if its ATK is lower than the ATK of the attack target, the attacking monster gains 1000 ATK during damage calculation only.",0.05,0.23,1.49,0.23,0.1,1st Edition,LEHD-ENA20,Common,SPELL,,Field Spell,,,,
177609,Mask Change,Mask Change,https://tcgplayer-cdn.tcgplayer.com/product/177609_200w.jpg,2,2336,https://cpt.tcgcsv.com/c3r2,2024-08-12T19:55:32.03,1,"Target 1 ""HERO"" monster you control; send it to the GY, also, after that, if it left the field by this effect, Special Summon 1 ""Masked HERO"" monster from your Extra Deck with the same Attribute that the sent monster had when it was on the field (its original Attribute, if face-down).",0.17,0.4,1.57,0.23,0.21,1st Edition,LEHD-ENA21,Common,SPELL,,Quick-Play Spell,,,,
177610,Polymerization,Polymerization,https://tcgplayer-cdn.tcgplayer.com/product/177610_200w.jpg,2,2336,https://cpt.tcgcsv.com/d3r2,2022-01-20T17:49:11.51,1,"Fusion Summon 1 Fusion Monster from your Extra Deck, using monsters from your hand or field as Fusion Material.",0.24,0.5,3.38,0.41,,1st Edition,LEHD-ENA22,Common,SPELL,,Normal Spell,,,,
177611,Monster Reborn (A),Monster Reborn A,https://tcgplayer-cdn.tcgplayer.com/product/177611_200w.jpg,2,2336,https://cpt.tcgcsv.com/f3r2,2024-08-12T19:55:32.14,1,Target 1 monster in either player's GY; Special Summon it.,0.13,0.39,1.5,0.23,0.25,1st Edition,LEHD-ENA23,Common,SPELL,,Normal Spell,,,,
177612,Monster Reborn (B),Monster Reborn B,https://tcgplayer-cdn.tcgplayer.com/product/177612_200w.jpg,2,2336,https://cpt.tcgcsv.com/g3r2,2018-10-08T21:51:13.057,1,Target 1 monster in either player's GY; Special Summon it.,0.05,0.31,1.49,0.29,0.27,1st Edition,LEHD-ENB19,Common,SPELL,,Normal Spell,,,,
177613,Monster Reborn (C),Monster Reborn C,https://tcgplayer-cdn.tcgplayer.com/product/177613_200w.jpg,2,2336,https://cpt.tcgcsv.com/h3r2,2024-09-27T08:18:01.073,1,Target 1 monster in either player's GY; Special Summon it.,0.11,0.3,2.0,0.27,0.25,1st Edition,LEHD-ENC16,Common,SPELL,,Normal Spell,,,,
177614,Magical Stone Excavation,Magical Stone Excavation,https://tcgplayer-cdn.tcgplayer.com/product/177614_200w.jpg,2,2336,https://cpt.tcgcsv.com/j3r2,2018-10-08T21:09:18.593,1,"Discard 2 cards, then target 1 Spell in your GY; add it to your hand.",0.2,0.48,1.99,0.43,0.48,1st Edition,LEHD-ENA24,Common,SPELL,,Normal Spell,,,,
177615,Terraforming,Terraforming,https://tcgplayer-cdn.tcgplayer.com/product/177615_200w.jpg,2,2336,https://cpt.tcgcsv.com/k3r2,2024-08-12T19:55:32.28,1,Add 1 Field Spell from your Deck to your hand.,0.16,0.4,1.69,0.39,0.29,1st Edition,LEHD-ENA25,Common,SPELL,,Normal Spell,,,,
177616,A Feather of the Phoenix,A Feather of the Phoenix,https://tcgplayer-cdn.tcgplayer.com/product/177616_200w.jpg,2,2336,https://cpt.tcgcsv.com/l3r2,2025-03-03T14:45:14.837,1,"Discard 1 card, then target 1 card in your GY; return that target to the top of your Deck.",0.08,0.31,2.15,0.32,0.2,1st Edition,LEHD-ENA26,Common,SPELL,,Normal Spell,,,,
177617,Destiny Signal,Destiny Signal,https://tcgplayer-cdn.tcgplayer.com/product/177617_200w.jpg,2,2336,https://cpt.tcgcsv.com/m3r2,2018-10-08T21:10:51.81,1,"When a monster you control is destroyed by battle and sent to the GY: Special Summon 1 Level 4 or lower ""Destiny HERO"" monster from your hand or Deck.",0.03,0.24,1.49,0.24,0.11,1st Edition,LEHD-ENA27,Common,TRAP,,Normal Trap,,,,
177618,D - Time,D Time,https://tcgplayer-cdn.tcgplayer.com/product/177618_200w.jpg,2,2336,https://cpt.tcgcsv.com/n3r2,2024-08-12T19:55:32.483,1,"When a face-up ""Elemental HERO"" monster you control leaves the field: Add 1 ""Destiny HERO"" monster from your Deck to your hand whose Level is less than or equal to that ""Elemental HERO"" monster's original Level.",0.01,0.21,1.49,0.17,,1st Edition,LEHD-ENA28,Common,TRAP,,Normal Trap,,,,
177619,Eternal Dread,Eternal Dread,https://tcgplayer-cdn.tcgplayer.com/product/177619_200w.jpg,2,2336,https://cpt.tcgcsv.com/p3r2,2018-10-08T21:11:31.067,1,"Place 2 Clock Counters on each ""Clock Tower Prison"".",0.05,0.22,1.49,0.22,,1st Edition,LEHD-ENA29,Common,TRAP,,Normal Trap,,,,
177620,D-Fusion,D Fusion,https://tcgplayer-cdn.tcgplayer.com/product/177620_200w.jpg,2,2336,https://cpt.tcgcsv.com/q3r2,2024-08-12T19:55:32.537,1,"Fusion Summon 1 Fusion Monster from your Extra Deck, using monsters you control as Fusion Material, and if you do, it cannot be destroyed by battle or card effects this turn. Only ""Destiny HERO"" monsters can be used as Fusion Material for a Fusion Summon using this card's effect.",0.1,0.25,1.49,0.18,0.15,1st Edition,LEHD-ENA30,Common,TRAP,,Normal Trap,,,,
177621,Destiny End Dragoon,Destiny End Dragoon,https://tcgplayer-cdn.tcgplayer.com/product/177621_200w.jpg,2,2336,https://cpt.tcgcsv.com/r3r2,2024-08-12T19:55:32.583,1,"""Destiny HERO - Plasma"" + ""Destiny HERO - Dogma""
<br>A Fusion Summon of this card can only be done with the above Fusion Materials. Once per turn: You can target 1 monster your opponent controls; destroy that target, and if it was face-up, inflict damage to your opponent equal to the ATK it had on the field. You cannot conduct your Battle Phase the turn you activate this effect. Once per turn, during your Standby Phase, if this card is in your GY: You can banish 1 ""Destiny HERO"" card from your GY; Special Summon this card.",0.05,0.25,1.49,0.23,,1st Edition,LEHD-ENA31,Common,DARK,Warrior,Fusion/Effect Monster,3000,,,3000
177622,Destiny HERO - Dusktopia,Destiny HERO Dusktopia,https://tcgplayer-cdn.tcgplayer.com/product/177622_200w.jpg,2,2336,https://cpt.tcgcsv.com/s3r2,2024-08-12T19:55:32.663,1,"1 ""Destiny HERO"" Fusion Monster + 1 ""Destiny HERO"" monster
<br>If this card is Fusion Summoned: You can Fusion Summon 1 Fusion Monster from your Extra Deck, using monsters from your hand or field as Fusion Material. Once per turn (Quick Effect): You can target 1 monster on the field; make it unable to be destroyed by battle or card effects, and if you do, neither player takes any battle damage from attacks involving that monster (these effects last until the end of this turn).",0.02,0.21,1.49,0.18,0.11,1st Edition,LEHD-ENA32,Common,DARK,Warrior,Fusion/Effect Monster,3000,,,3000
177623,Destiny HERO - Dystopia,Destiny HERO Dystopia,https://tcgplayer-cdn.tcgplayer.com/product/177623_200w.jpg,2,2336,https://cpt.tcgcsv.com/t3r2,2024-08-12T19:55:32.703,1,"2 ""Destiny HERO"" monsters
<br>If this card is Special Summoned: You can target 1 Level 4 or lower ""Destiny HERO"" monster in your GY; inflict damage to your opponent equal to that target's ATK. If this card's current ATK is different from its original ATK (except during the Damage Step) (Quick Effect): You can target 1 card on the field; destroy it, and if you do, this card's ATK becomes equal to this card's original ATK. You can only use each effect of ""Destiny HERO - Dystopia"" once per turn.",0.14,0.33,2.5,0.32,0.23,1st Edition,LEHD-ENA33,Common,DARK,Warrior,Fusion/Effect Monster,2800,,,2400
177624,Destiny HERO - Dangerous,Destiny HERO Dangerous,https://tcgplayer-cdn.tcgplayer.com/product/177624_200w.jpg,2,2336,https://cpt.tcgcsv.com/v3r2,2024-08-12T19:55:32.763,1,"1 ""Destiny HERO"" monster + 1 DARK Effect Monster
<br>(Quick Effect): You can discard 1 card; send 1 ""Destiny HERO"" monster from your hand or Deck to the GY, and if you do, ""Destiny HERO"" monsters you control gain 200 ATK for each ""Destiny HERO"" monster in your GY until the end of this turn. You can only use this effect of ""Destiny HERO - Dangerous"" once per turn.",0.01,0.25,1.99,0.12,,1st Edition,LEHD-ENA34,Common,DARK,Warrior,Fusion/Effect Monster,2000,,,2600
177625,Masked HERO Dark Law,Masked HERO Dark Law,https://tcgplayer-cdn.tcgplayer.com/product/177625_200w.jpg,2,2336,https://cpt.tcgcsv.com/w3r2,2024-08-12T19:55:32.873,1,"Must be Special Summoned by ""Mask Change"". Any card sent to your opponent's GY is banished instead. Once per turn, if your opponent adds a card(s) from their Deck to their hand (except during the Draw Phase or the Damage Step): You can banish 1 random card from your opponent's hand.",0.07,0.49,5.0,0.12,,1st Edition,LEHD-ENA35,Common,DARK,Warrior,Fusion/Effect Monster,2400,,,1800
177626,Masked HERO Anki,Masked HERO Anki,https://tcgplayer-cdn.tcgplayer.com/product/177626_200w.jpg,2,2336,https://cpt.tcgcsv.com/x3r2,2024-08-12T19:55:32.967,1,"Must be Special Summoned by ""Mask Change"". This card can attack directly, but when it does so using this effect, the battle damage inflicted to your opponent is halved. When this card destroys an opponent's monster by battle and sends it to the GY: You can add 1 ""Change"" Quick-Play Spell Card from your Deck to your hand. You can only use this effect of ""Masked HERO Anki"" once per turn.",0.12,0.3,1.99,0.26,0.98,1st Edition,LEHD-ENA36,Common,DARK,Warrior,Fusion/Effect Monster,2800,,,1200
177627,Xtra HERO Wonder Driver,Xtra HERO Wonder Driver,https://tcgplayer-cdn.tcgplayer.com/product/177627_200w.jpg,2,2336,https://cpt.tcgcsv.com/z3r2,2022-12-27T21:29:41.477,1,"2 ""HERO"" monsters
<br>If a ""HERO"" monster is Normal or Special Summoned to your zone this card points to: Target 1 ""Polymerization"" Spell Card, 1 ""Fusion"" Spell Card, or 1 ""Change"" Quick-Play Spell Card in your GY; Set that target. You can only activate this effect of ""Xtra HERO Wonder Driver"" once per turn. If this card is destroyed by battle and sent to the GY, or if this card in your possession is destroyed by an opponent's card effect and sent to your GY: Special Summon 1 ""HERO"" monster from your hand.",0.48,1.1,5.97,0.82,0.96,1st Edition,LEHD-ENA37,Ultra Rare,LIGHT,Warrior,Link/Effect Monster,1900,2,Bottom;Top,
177628,Gullveig of the Nordic Ascendant,Gullveig of the Nordic Ascendant,https://tcgplayer-cdn.tcgplayer.com/product/177628_200w.jpg,2,2336,https://cpt.tcgcsv.com/B3r2,2024-08-12T19:55:33.06,1,"1 Level 5 or lower ""Nordic"" monster
<br>If this card is Link Summoned: You can banish up to 3 cards from your hand and/or field, and if you do, Special Summon that many ""Nordic"" monsters from your Deck in Defense Position, also, for the rest of this turn, you cannot Special Summon monsters, except ""Aesir"" monsters, nor Normal Summon/Set any monsters. You can only use this effect of ""Gullveig of the Nordic Ascendant"" once per turn. While this card points to an ""Aesir"" monster, your opponent cannot target that monster with card effects, also monsters your opponent controls cannot target this card for attacks.",0.01,0.4,3.79,0.2,0.19,1st Edition,LEHD-ENB00,Ultra Rare,LIGHT,Fairy,Link/Effect Monster,800,1,Bottom-Left,
177629,Tanngrisnir of the Nordic Beasts,Tanngrisnir of the Nordic Beasts,https://tcgplayer-cdn.tcgplayer.com/product/177629_200w.jpg,2,2336,https://cpt.tcgcsv.com/C3r2,2024-08-12T19:55:33.107,1,"If this card is destroyed by battle and sent to the GY: Special Summon 2 ""Nordic Beast Tokens"" (Beast/EARTH/Level 3/ATK 0/DEF 0).",0.05,0.25,1.49,0.15,,1st Edition,LEHD-ENB01,Common,EARTH,,Effect Monster,1200,,,800
177630,Tanngrisnir of the Nordic Beasts (UR),Tanngrisnir of the Nordic Beasts UR,https://tcgplayer-cdn.tcgplayer.com/product/177630_200w.jpg,2,2336,https://cpt.tcgcsv.com/D3r2,2024-08-12T19:55:33.17,1,"If this card is destroyed by battle and sent to the GY: Special Summon 2 ""Nordic Beast Tokens"" (Beast/EARTH/Level 3/ATK 0/DEF 0).",0.01,0.25,2.99,0.16,0.05,1st Edition,LEHD-ENB01,Ultra Rare,EARTH,,Effect Monster,1200,,,800
177631,Tanngnjostr of the Nordic Beasts,Tanngnjostr of the Nordic Beasts,https://tcgplayer-cdn.tcgplayer.com/product/177631_200w.jpg,2,2336,https://cpt.tcgcsv.com/F3r2,2024-08-12T19:55:33.233,1,"When a monster you control is destroyed by battle and sent to your GY: You can Special Summon this card from your hand. Once per turn, when this Defense Position card on the field is changed to face-up Attack Position: You can Special Summon 1 ""Nordic Beast"" monster from your Deck in Defense Position, except ""Tanngnjostr of the Nordic Beasts"".",0.04,0.19,1.49,0.13,0.25,1st Edition,LEHD-ENB02,Common,EARTH,,Effect Monster,800,,,1100
177632,Garmr of the Nordic Beasts,Garmr of the Nordic Beasts,https://tcgplayer-cdn.tcgplayer.com/product/177632_200w.jpg,2,2336,https://cpt.tcgcsv.com/G3r2,2024-08-12T19:55:33.297,1,"If this card battles a Level 4 or lower monster, after damage calculation: You can return that monster to the hand.",0.03,0.2,1.49,0.12,0.15,1st Edition,LEHD-ENB03,Common,DARK,,Effect Monster,800,,,1900
177633,Guldfaxe of the Nordic Beasts,Guldfaxe of the Nordic Beasts,https://tcgplayer-cdn.tcgplayer.com/product/177633_200w.jpg,2,2336,https://cpt.tcgcsv.com/H3r2,2024-08-12T19:55:33.373,1,"If your opponent controls a Synchro Monster and you control no monsters, you can Special Summon this card (from your hand).",0.04,0.21,1.49,0.13,0.2,1st Edition,LEHD-ENB04,Common,LIGHT,,Tuner/Effect Monster,1600,,,1000
177634,Dverg of the Nordic Alfar,Dverg of the Nordic Alfar,https://tcgplayer-cdn.tcgplayer.com/product/177634_200w.jpg,2,2336,https://cpt.tcgcsv.com/J3r2,2024-08-12T19:55:33.407,1,"After you Normal Summon this card, you can Normal Summon 1 ""Nordic"" monster during your Main Phase this turn, in addition to your Normal Summon/Set. (You can only gain this effect once per turn.) If this face-up card on the field is sent to the GY: Target 1 ""Nordic Relic"" card in your GY; add that target to your hand.",0.01,0.18,1.49,0.12,,1st Edition,LEHD-ENB05,Common,EARTH,Warrior,Effect Monster,100,,,1000
177635,Ljosalf of the Nordic Alfar,Ljosalf of the Nordic Alfar,https://tcgplayer-cdn.tcgplayer.com/product/177635_200w.jpg,2,2336,https://cpt.tcgcsv.com/K3r2,2024-08-12T19:55:33.437,1,"When this card is Normal Summoned: You can target 1 face-up monster you control, except this card; Special Summon 1 ""Nordic"" monster from your hand with a Level less than or equal to that face-up monster's Level.",0.01,0.2,1.49,0.15,0.19,1st Edition,LEHD-ENB06,Common,LIGHT,Spellcaster,Effect Monster,1400,,,1200
177636,Svartalf of the Nordic Alfar,Svartalf of the Nordic Alfar,https://tcgplayer-cdn.tcgplayer.com/product/177636_200w.jpg,2,2336,https://cpt.tcgcsv.com/L3r2,2024-08-12T19:55:33.483,1,"When this card is Normal Summoned: You can target 1 ""Nordic"" monster in your GY; add that target to your hand.",0.06,0.24,1.49,0.14,0.25,1st Edition,LEHD-ENB07,Common,DARK,Spellcaster,Tuner/Effect Monster,1400,,,1600
177637,Mara of the Nordic Alfar,Mara of the Nordic Alfar,https://tcgplayer-cdn.tcgplayer.com/product/177637_200w.jpg,2,2336,https://cpt.tcgcsv.com/M3r2,2024-08-12T19:55:33.577,1,"When using this card as Synchro Material, the other Synchro Materials must be 2 ""Nordic"" monsters in your hand.",0.11,0.25,1.49,0.17,0.51,1st Edition,LEHD-ENB08,Common,DARK,Spellcaster,Tuner/Effect Monster,1000,,,500
177638,Mimir of the Nordic Ascendant,Mimir of the Nordic Ascendant,https://tcgplayer-cdn.tcgplayer.com/product/177638_200w.jpg,2,2336,https://cpt.tcgcsv.com/N3r2,2024-08-12T19:55:33.64,1,"Once per turn, at the start of your Standby Phase, if you control a ""Nordic"" monster and this card is in your GY: You can send 1 Spell from your hand to the GY; Special Summon this card.",0.05,0.2,1.49,0.17,0.25,1st Edition,LEHD-ENB09,Common,DARK,Fairy,Effect Monster,600,,,0
177639,Valkyrie of the Nordic Ascendant,Valkyrie of the Nordic Ascendant,https://tcgplayer-cdn.tcgplayer.com/product/177639_200w.jpg,2,2336,https://cpt.tcgcsv.com/P3r2,2024-08-12T19:55:33.687,1,"(This card is not treated as a ""Valkyrie"" card.)
When this card is Normal Summoned, if your opponent controls a monster and you control no other cards: You can banish 2 ""Nordic"" monsters from your hand; Special Summon 2 ""Einherjar Tokens"" (Warrior/EARTH/Level 4/ATK 1000/DEF 1000) in Defense Position.",0.01,0.29,1.49,0.25,0.12,1st Edition,LEHD-ENB10,Common,LIGHT,Fairy,Effect Monster,400,,,800
177640,Vanadis of the Nordic Ascendant,Vanadis of the Nordic Ascendant,https://tcgplayer-cdn.tcgplayer.com/product/177640_200w.jpg,2,2336,https://cpt.tcgcsv.com/Q3r2,2024-08-12T19:55:33.74,1,"For a Synchro Summon, you can substitute this card for any 1 ""Nordic"" Tuner. If this card is used as Synchro Material, all other Synchro Materials must be ""Nordic"" monsters. Once per turn: You can send 1 ""Nordic"" monster from your Deck to the GY; this card's Level becomes the Level of that monster, until the end of this turn.",0.11,0.43,1.83,0.32,0.2,1st Edition,LEHD-ENB11,Common,DARK,Fairy,Tuner/Effect Monster,1200,,,400
177641,Tyr of the Nordic Champions,Tyr of the Nordic Champions,https://tcgplayer-cdn.tcgplayer.com/product/177641_200w.jpg,2,2336,https://cpt.tcgcsv.com/R3r2,2024-08-12T19:55:33.833,1,"Your opponent's monsters cannot target ""Nordic"" monsters for attacks, except ""Tyr of the Nordic Champions"". If there is no other ""Nordic"" monster on the field, destroy this card.",0.1,0.2,1.49,0.16,,1st Edition,LEHD-ENB12,Common,LIGHT,Warrior,Effect Monster,2000,,,2000
177642,The Nordic Lights,The Nordic Lights,https://tcgplayer-cdn.tcgplayer.com/product/177642_200w.jpg,2,2336,https://cpt.tcgcsv.com/S3r2,2024-08-12T19:55:34.13,1,"""Nordic"" monsters on the field cannot be destroyed by battle. If this card on the field is destroyed: Destroy all ""Nordic"" monsters on the field.",0.1,0.22,1.49,0.15,,1st Edition,LEHD-ENB13,Common,SPELL,,Field Spell,,,,
177643,Nordic Relic Draupnir,Nordic Relic Draupnir,https://tcgplayer-cdn.tcgplayer.com/product/177643_200w.jpg,2,2336,https://cpt.tcgcsv.com/T3r2,2024-08-12T19:55:34.173,1,"Equip only to an ""Aesir"" or ""Nordic"" monster. It gains 800 ATK. If this face-up card on the field is destroyed by a card effect: You can add 1 ""Nordic Relic"" card from your Deck to your hand.",0.03,0.19,1.49,0.11,0.1,1st Edition,LEHD-ENB14,Common,SPELL,,Equip Spell,,,,
177644,March Towards Ragnarok,March Towards Ragnarok,https://tcgplayer-cdn.tcgplayer.com/product/177644_200w.jpg,2,2336,https://cpt.tcgcsv.com/V3r2,2024-08-12T19:55:34.233,1,"Target 1 ""Aesir"" monster you control; until the end of this turn, its effects are negated, also that face-up monster is unaffected by the effects of other Spells/Traps.",0.05,0.2,1.49,0.13,0.1,1st Edition,LEHD-ENB15,Common,SPELL,,Quick-Play Spell,,,,
177645,Forbidden Chalice,Forbidden Chalice,https://tcgplayer-cdn.tcgplayer.com/product/177645_200w.jpg,2,2336,https://cpt.tcgcsv.com/W3r2,2024-08-12T19:55:34.367,1,"Target 1 face-up monster on the field; until the end of this turn, that target gains 400 ATK, but its effects are negated.",0.22,0.49,3.39,0.28,,1st Edition,LEHD-ENB16,Common,SPELL,,Quick-Play Spell,,,,
177646,Forbidden Lance,Forbidden Lance,https://tcgplayer-cdn.tcgplayer.com/product/177646_200w.jpg,2,2336,https://cpt.tcgcsv.com/X3r2,2022-02-26T20:06:32.693,1,"Target 1 face-up monster on the field; until the end of this turn, that target loses 800 ATK, but is unaffected by the effects of other Spells/Traps.",0.11,0.31,2.67,0.22,0.12,1st Edition,LEHD-ENB17,Common,SPELL,,Quick-Play Spell,,,,
177647,Forbidden Dress,Forbidden Dress,https://tcgplayer-cdn.tcgplayer.com/product/177647_200w.jpg,2,2336,https://cpt.tcgcsv.com/Z3r2,2024-08-12T19:55:34.427,1,"Target 1 face-up monster on the field; until the end of this turn, that target loses 600 ATK, but cannot be targeted or destroyed by other card effects.",0.05,0.25,1.49,0.16,,1st Edition,LEHD-ENB18,Common,SPELL,,Quick-Play Spell,,,,
177648,Soul Charge,Soul Charge,https://tcgplayer-cdn.tcgplayer.com/product/177648_200w.jpg,2,2336,https://cpt.tcgcsv.com/-3r2,2022-12-24T06:36:41.923,1,"Target any number of monsters in your GY; Special Summon them, and if you do, you lose 1000 LP for each monster Special Summoned by this effect. You cannot conduct your Battle Phase the turn you activate this card. You can only activate 1 ""Soul Charge"" per turn.",0.2,0.5,3.33,0.43,,1st Edition,LEHD-ENB20,Common,SPELL,,Normal Spell,,,,
177649,Dark Hole (UR),Dark Hole UR,https://tcgplayer-cdn.tcgplayer.com/product/177649_200w.jpg,2,2336,https://cpt.tcgcsv.com/_3r2,2023-09-10T08:37:23.91,1,Destroy all monsters on the field.,0.15,0.5,2.99,0.53,,1st Edition,LEHD-ENB21,Ultra Rare,SPELL,,Normal Spell,,,,
177650,Dark Hole,Dark Hole,https://tcgplayer-cdn.tcgplayer.com/product/177650_200w.jpg,2,2336,https://cpt.tcgcsv.com/05r2,2024-08-12T19:55:34.483,1,Destroy all monsters on the field.,0.11,0.31,1.99,0.15,,1st Edition,LEHD-ENC15,Common,SPELL,,Normal Spell,,,,
177651,"Hey, Trunade!",Hey Trunade,https://tcgplayer-cdn.tcgplayer.com/product/177651_200w.jpg,2,2336,https://cpt.tcgcsv.com/25r2,2024-08-12T19:55:34.523,1,Return all Set Spells and Traps on the field to the hand.,0.08,0.25,1.99,0.14,,1st Edition,LEHD-ENB22,Common,SPELL,,Normal Spell,,,,
177652,Mystical Space Typhoon,Mystical Space Typhoon,https://tcgplayer-cdn.tcgplayer.com/product/177652_200w.jpg,2,2336,https://cpt.tcgcsv.com/35r2,2024-08-12T19:55:34.553,1,Target 1 Spell/Trap on the field; destroy that target.,0.21,0.4,1.76,0.22,,1st Edition,LEHD-ENB23,Common,SPELL,,Quick-Play Spell,,,,
177653,"Gleipnir, the Fetters of Fenrir",Gleipnir the Fetters of Fenrir,https://tcgplayer-cdn.tcgplayer.com/product/177653_200w.jpg,2,2336,https://cpt.tcgcsv.com/55r2,2024-08-12T19:55:34.617,1,"Add 1 ""Nordic"" monster from your Deck to your hand.",0.03,0.2,1.49,0.13,0.11,1st Edition,LEHD-ENB24,Common,TRAP,,Normal Trap,,,,
177654,Nordic Relic Brisingamen,Nordic Relic Brisingamen,https://tcgplayer-cdn.tcgplayer.com/product/177654_200w.jpg,2,2336,https://cpt.tcgcsv.com/65r2,2024-08-12T19:55:34.68,1,"Target 1 face-up monster you control and 1 face-up monster your opponent controls; the ATK of the first target becomes equal to the original ATK of the second target, until the end of this turn.",0.03,0.2,1.49,0.11,0.15,1st Edition,LEHD-ENB25,Common,TRAP,,Normal Trap,,,,
177655,Nordic Relic Laevateinn,Nordic Relic Laevateinn,https://tcgplayer-cdn.tcgplayer.com/product/177655_200w.jpg,2,2336,https://cpt.tcgcsv.com/75r2,2024-08-12T19:55:34.757,1,Target 1 face-up monster on the field that destroyed a monster by battle this turn; destroy it. Cards and effects cannot be activated in response to this card's activation.,0.01,0.19,1.49,0.13,0.14,1st Edition,LEHD-ENB26,Common,TRAP,,Normal Trap,,,,
177656,Nordic Relic Gungnir,Nordic Relic Gungnir,https://tcgplayer-cdn.tcgplayer.com/product/177656_200w.jpg,2,2336,https://cpt.tcgcsv.com/85r2,2024-08-12T19:55:34.837,1,"Banish 1 ""Aesir"" or ""Nordic"" monster you control, then target 1 card on the field; destroy it, also during your 2nd End Phase after activation, return the monster you banished to activate this card to the field in face-up Attack Position.",0.01,0.2,1.49,0.12,0.04,1st Edition,LEHD-ENB27,Common,TRAP,,Normal Trap,,,,
177657,Nordic Relic Megingjord,Nordic Relic Megingjord,https://tcgplayer-cdn.tcgplayer.com/product/177657_200w.jpg,2,2336,https://cpt.tcgcsv.com/95r2,2024-08-12T19:55:34.983,1,"Target 1 ""Aesir"" or ""Nordic"" monster you control; its ATK/DEF become double its original ATK/DEF, until the end of this turn, but it cannot attack your opponent directly this turn.",0.01,0.21,1.49,0.16,,1st Edition,LEHD-ENB28,Common,TRAP,,Normal Trap,,,,
177658,Solemn Authority,Solemn Authority,https://tcgplayer-cdn.tcgplayer.com/product/177658_200w.jpg,2,2336,https://cpt.tcgcsv.com/b5r2,2018-10-08T22:02:56.8,1,"Activate this card by targeting 1 ""Aesir"" monster you control; it cannot be targeted by other card effects while this card is on the field. Send this card to the GY during your 2nd Standby Phase after activation.",0.03,0.2,1.49,0.14,0.11,1st Edition,LEHD-ENB29,Common,TRAP,,Continuous Trap,,,,
177659,"Thor, Lord of the Aesir",Thor Lord of the Aesir,https://tcgplayer-cdn.tcgplayer.com/product/177659_200w.jpg,2,2336,https://cpt.tcgcsv.com/c5r2,2024-02-02T10:16:15.007,1,"1 ""Nordic Beast"" Tuner + 2+ non-Tuner monsters
<br>Once per turn: You can negate the effects of all face-up monsters your opponent currently controls, until the end of this turn. Once per turn, during the End Phase, if this face-up card you controlled was destroyed by your opponent's card and sent to your GY this turn: You can banish 1 ""Nordic Beast"" Tuner from your GY; Special Summon this card. If Summoned this way: Inflict 800 damage to your opponent.",0.01,0.37,1.59,0.26,0.2,1st Edition,LEHD-ENB30,Common,EARTH,Beast-Warrior,Synchro/Effect Monster,3500,,,2800
177660,"Loki, Lord of the Aesir",Loki Lord of the Aesir,https://tcgplayer-cdn.tcgplayer.com/product/177660_200w.jpg,2,2336,https://cpt.tcgcsv.com/d5r2,2024-08-12T19:55:35.053,1,"1 ""Nordic Alfar"" Tuner + 2+ non-Tuner monsters
<br>Once per turn, when your opponent activates a Spell/Trap Card during your Battle Phase (Quick Effect): You can negate the activation, and if you do, destroy it. Once per turn, during the End Phase, if this face-up card you controlled was destroyed by your opponent's card and sent to your GY this turn: You can banish 1 ""Nordic Alfar"" Tuner from your GY; Special Summon this card. When Summoned this way: You can target 1 Trap in your GY; add that target to your hand.",0.01,0.25,1.49,0.18,,1st Edition,LEHD-ENB31,Common,DARK,Spellcaster,Synchro/Effect Monster,3300,,,3000
177661,"Odin, Father of the Aesir",Odin Father of the Aesir,https://tcgplayer-cdn.tcgplayer.com/product/177661_200w.jpg,2,2336,https://cpt.tcgcsv.com/f5r2,2024-08-12T19:55:35.1,1,"1 ""Nordic Ascendant"" Tuner + 2+ non-Tuner monsters
<br>Once per turn: You can make this card be unaffected by Spell/Trap effects until the end of this turn. Once per turn, during the End Phase, if this face-up card you controlled was destroyed by your opponent's card and sent to your GY this turn: You can banish 1 ""Nordic Ascendant"" Tuner from your GY; Special Summon this card. When Summoned this way: You can draw 1 card.",0.01,0.34,3.67,0.23,0.11,1st Edition,LEHD-ENB32,Common,LIGHT,Fairy,Synchro/Effect Monster,4000,,,3500
177662,"Leo, the Keeper of the Sacred Tree",Leo the Keeper of the Sacred Tree,https://tcgplayer-cdn.tcgplayer.com/product/177662_200w.jpg,2,2336,https://cpt.tcgcsv.com/g5r2,2024-08-12T19:55:35.133,1,"1 Tuner + 1+ non-Tuner monsters
<br>Your opponent cannot target this card with card effects, except during your Main Phase 2.",0.11,0.27,1.49,0.24,0.18,1st Edition,LEHD-ENB33,Common,EARTH,,Synchro/Effect Monster,3100,,,1900
177663,Ascension Sky Dragon,Ascension Sky Dragon,https://tcgplayer-cdn.tcgplayer.com/product/177663_200w.jpg,2,2336,https://cpt.tcgcsv.com/h5r2,2024-08-12T19:55:35.18,1,"1 Tuner + 1+ non-Tuner monsters
<br>If this card is Synchro Summoned: It gains 800 ATK for each card currently in your hand. When this card you control is destroyed by your opponent's card and sent to your GY, if all of the monsters that were used for the Synchro Summon of this card are in your GY: You can Special Summon all of them, but their effects are negated. You can only use this effect of ""Ascension Sky Dragon"" once per turn.",0.1,0.35,2.99,0.15,0.15,1st Edition,LEHD-ENB34,Ultra Rare,LIGHT,Dragon,Synchro/Effect Monster,,,,3000
177664,Beelzeus of the Diabolic Dragons,Beelzeus of the Diabolic Dragons,https://tcgplayer-cdn.tcgplayer.com/product/177664_200w.jpg,2,2336,https://cpt.tcgcsv.com/j5r2,2024-08-12T19:55:35.24,1,"1 DARK Tuner + 2+ non-Tuner monsters
<br>Cannot be destroyed by battle or card effects. Other monsters you control cannot attack. Once per turn: You can target 1 monster your opponent controls; any battle damage your opponent takes from attacks involving this card this turn is halved, also, change that monster's ATK to 0, and if you do, gain LP equal to its original ATK.",0.03,0.25,2.67,0.19,0.25,1st Edition,LEHD-ENB35,Common,DARK,Dragon,Synchro/Effect Monster,4000,,,4000
177665,Beelze of the Diabolic Dragons,Beelze of the Diabolic Dragons,https://tcgplayer-cdn.tcgplayer.com/product/177665_200w.jpg,2,2336,https://cpt.tcgcsv.com/k5r2,2024-08-12T19:55:35.29,1,"1 DARK Tuner + 1+ non-Tuner monsters
<br>Cannot be destroyed by battle or card effects. If you take damage from an attack involving this card, or from an opponent's card effect: This card gains ATK equal to the damage you took.",0.05,0.67,3.01,0.6,0.66,1st Edition,LEHD-ENB36,Common,DARK,Dragon,Synchro/Effect Monster,3000,,,3000
177666,Scrap Dragon,Scrap Dragon,https://tcgplayer-cdn.tcgplayer.com/product/177666_200w.jpg,2,2336,https://cpt.tcgcsv.com/l5r2,2018-10-08T22:10:34.83,1,"1 Tuner + 1+ non-Tuner monsters
<br>Once per turn: You can target 1 card you control and 1 card your opponent controls; destroy them. When this card in your possession is destroyed by your opponent's card and sent to your GY: Target 1 non-Synchro ""Scrap"" monster in your GY; Special Summon that target.",0.1,0.27,1.49,0.24,,1st Edition,LEHD-ENB37,Common,EARTH,Dragon,Synchro/Effect Monster,2800,,,2000
177667,Coral Dragon,Coral Dragon,https://tcgplayer-cdn.tcgplayer.com/product/177667_200w.jpg,2,2336,https://cpt.tcgcsv.com/m5r2,2018-10-08T22:10:57.8,1,"1 Tuner + 1+ non-Tuner monsters
<br>Once per turn: You can discard 1 card, then target 1 card your opponent controls; destroy it. If this Synchro Summoned card is sent from the field to the GY: You can draw 1 card. You can only use this effect of ""Coral Dragon"" once per turn.",0.05,0.45,7.17,0.2,0.14,1st Edition,LEHD-ENB38,Ultra Rare,WATER,Dragon,Synchro/Tuner/Effect Monster,2400,,,500
177668,The Phantom Knights of Rusty Bardiche,The Phantom Knights of Rusty Bardiche,https://tcgplayer-cdn.tcgplayer.com/product/177668_200w.jpg,2,2336,https://cpt.tcgcsv.com/n5r2,2024-08-12T19:55:35.337,1,"2+ DARK monsters
<br>During your Main Phase: You can send 1 ""The Phantom Knights"" monster from your Deck to the GY, then Set 1 ""Phantom Knights"" Spell/Trap directly from your Deck to your Spell & Trap Zone. If a DARK Xyz Monster(s) is Special Summoned to a zone(s) this card points to, while this monster is on the field (except during the Damage Step): You can target 1 card on the field; destroy it. You can only use each effect of ""The Phantom Knights of Rusty Bardiche"" once per turn. Cannot be used as Link Material.",0.1,0.71,10.95,0.46,0.88,1st Edition,LEHD-ENC00,Ultra Rare,DARK,Warrior,Link/Effect Monster,2100,3,Bottom-Right;Bottom-Left;Right,
177669,The Phantom Knights of Ancient Cloak,The Phantom Knights of Ancient Cloak,https://tcgplayer-cdn.tcgplayer.com/product/177669_200w.jpg,2,2336,https://cpt.tcgcsv.com/p5r2,2022-06-12T09:16:11.27,1,"If this card is in Attack Position: You can target 1 DARK monster on the field; change this card to Defense Position, and if you do, that monster gains 800 ATK/DEF until the end of your opponent's turn. You can banish this card from your GY; add 1 ""The Phantom Knights"" card from your Deck to your hand, except ""The Phantom Knights of Ancient Cloak"". You can only use each effect of ""The Phantom Knights of Ancient Cloak"" once per turn.",0.01,0.28,1.58,0.3,0.06,1st Edition,LEHD-ENC01,Common,DARK,Warrior,Effect Monster,800,,,1000
177670,The Phantom Knights of Silent Boots,The Phantom Knights of Silent Boots,https://tcgplayer-cdn.tcgplayer.com/product/177670_200w.jpg,2,2336,https://cpt.tcgcsv.com/q5r2,2024-08-12T19:55:35.383,1,"If you control a ""The Phantom Knights"" monster, you can Special Summon this card (from your hand). You can only Special Summon ""The Phantom Knights of Silent Boots"" once per turn this way. You can banish this card from your GY; add 1 ""Phantom Knights"" Spell/Trap from your Deck to your hand. You can only use this effect of ""The Phantom Knights of Silent Boots"" once per turn.",0.04,0.27,2.81,0.25,,1st Edition,LEHD-ENC02,Common,DARK,Warrior,Effect Monster,200,,,1200
177671,The Phantom Knights of Ragged Gloves,The Phantom Knights of Ragged Gloves,https://tcgplayer-cdn.tcgplayer.com/product/177671_200w.jpg,2,2336,https://cpt.tcgcsv.com/r5r2,2024-08-12T19:55:35.443,1,"A DARK Xyz Monster that was Summoned using this card on the field as Xyz Material gains this effect.
<br>• If it is Xyz Summoned: It gains 1000 ATK.
<br>You can banish this card from your GY; send 1 ""Phantom Knights"" card from your Deck to the GY. You can only use each effect of ""The Phantom Knights of Ragged Gloves"" once per turn.",0.06,0.25,1.53,0.28,0.1,1st Edition,LEHD-ENC03,Common,DARK,Warrior,Effect Monster,1000,,,500
177672,The Phantom Knights of Cloven Helm,The Phantom Knights of Cloven Helm,https://tcgplayer-cdn.tcgplayer.com/product/177672_200w.jpg,2,2336,https://cpt.tcgcsv.com/s5r2,2018-10-08T22:23:19.303,1,"If a ""Phantom Knights"" card(s) is sent to your GY: This card gains 500 ATK. You can banish this card from your GY; during the End Phase of this turn, add 1 ""Phantom Knights"" card from your GY to your hand. You can only use each effect of ""The Phantom Knights of Cloven Helm"" once per turn.",0.05,0.22,1.49,0.17,0.1,1st Edition,LEHD-ENC04,Common,DARK,Warrior,Effect Monster,1500,,,500
177673,The Phantom Knights of Fragile Armor,The Phantom Knights of Fragile Armor,https://tcgplayer-cdn.tcgplayer.com/product/177673_200w.jpg,2,2336,https://cpt.tcgcsv.com/t5r2,2018-10-08T22:24:01.427,1,"If a face-up ""The Phantom Knights"" monster(s) you control is destroyed by battle or card effect: You can Special Summon this card from your hand. You can banish this card from your GY and send 1 ""Phantom Knights"" card from your hand to the GY; draw 1 card. You can only use each effect of ""The Phantom Knights of Fragile Armor"" once per turn.",0.07,0.2,1.49,0.19,,1st Edition,LEHD-ENC05,Common,DARK,Warrior,Effect Monster,1000,,,2000
177674,Armageddon Knight,Armageddon Knight,https://tcgplayer-cdn.tcgplayer.com/product/177674_200w.jpg,2,2336,https://cpt.tcgcsv.com/v5r2,2023-02-06T18:42:39.2,1,When this card is Summoned: You can send 1 DARK monster from your Deck to the GY.,0.08,0.28,1.99,0.24,0.2,1st Edition,LEHD-ENC06,Common,DARK,Warrior,Effect Monster,1400,,,1200
177675,Blue Mountain Butterspy,Blue Mountain Butterspy,https://tcgplayer-cdn.tcgplayer.com/product/177675_200w.jpg,2,2336,https://cpt.tcgcsv.com/w5r2,2024-08-12T19:55:35.493,1,Cannot be Normal Summoned/Set. When you Normal Summon a Warrior monster: You can Special Summon this card from your hand. Cannot be used as Synchro Material.,0.08,0.25,1.49,0.15,0.11,1st Edition,LEHD-ENC07,Common,DARK,Warrior,Effect Monster,0,,,1700
177676,Rescue Ferret,Rescue Ferret,https://tcgplayer-cdn.tcgplayer.com/product/177676_200w.jpg,2,2336,https://cpt.tcgcsv.com/x5r2,2018-10-08T22:26:48.61,1,"You can shuffle this card you control into the Deck; Special Summon monster(s) from your Deck, except ""Rescue Ferret"", whose total Levels equal 6, to your zone(s) a Link Monster(s) points to, but those Summoned monsters have their effects negated, also destroy them during the End Phase. You can only use this effect of ""Rescue Ferret"" once per turn.",0.1,0.25,1.49,0.15,0.11,1st Edition,LEHD-ENC08,Common,EARTH,,Effect Monster,300,,,100
177677,Junk Forward,Junk Forward,https://tcgplayer-cdn.tcgplayer.com/product/177677_200w.jpg,2,2336,https://cpt.tcgcsv.com/z5r2,2024-08-12T19:55:35.56,1,"If you control no monsters, you can Special Summon this card (from your hand).",0.09,0.43,4.69,0.26,0.19,1st Edition,LEHD-ENC09,Common,EARTH,Warrior,Effect Monster,900,,,1500
177678,Kagemucha Knight,Kagemucha Knight,https://tcgplayer-cdn.tcgplayer.com/product/177678_200w.jpg,2,2336,https://cpt.tcgcsv.com/B5r2,2024-08-12T19:55:35.613,1,When you Normal Summon a Level 3 monster: You can Special Summon this card from your hand. Cannot be used as Synchro Material.,0.05,0.25,6.92,0.22,0.1,1st Edition,LEHD-ENC10,Common,DARK,Warrior,Effect Monster,0,,,0
177679,Cockadoodledoo,Cockadoodledoo,https://tcgplayer-cdn.tcgplayer.com/product/177679_200w.jpg,2,2336,https://cpt.tcgcsv.com/C5r2,2024-08-12T19:55:35.653,1,"If there are no monsters on the field, you can Special Summon this card (from your hand) as a Level 3 monster. If your opponent controls a monster and you control no cards, you can Special Summon this card (from your hand) as a Level 4 monster. If this face-up card would leave the field, banish it instead.",0.04,0.25,1.49,0.15,0.11,1st Edition,LEHD-ENC11,Common,WIND,Winged Beast,Tuner/Effect Monster,1600,,,2000
177680,Effect Veiler,Effect Veiler,https://tcgplayer-cdn.tcgplayer.com/product/177680_200w.jpg,2,2336,https://cpt.tcgcsv.com/D5r2,2024-06-07T08:53:09.71,1,"During your opponent's Main Phase (Quick Effect): You can send this card from your hand to the GY, then target 1 Effect Monster your opponent controls; negate the effects of that face-up monster your opponent controls, until the end of this turn.",0.38,0.99,8.75,0.48,1.67,1st Edition,LEHD-ENC12,Common,LIGHT,Spellcaster,Tuner/Effect Monster,0,,,0
177681,The Phantom Knights' Rank-Up-Magic Launch,The Phantom Knights Rank Up Magic Launch,https://tcgplayer-cdn.tcgplayer.com/product/177681_200w.jpg,2,2336,https://cpt.tcgcsv.com/F5r2,2024-02-18T13:49:24.9,1,"During the Main Phase: Target 1 DARK Xyz Monster you control with no material; Special Summon from your Extra Deck, 1 DARK Xyz Monster that is 1 Rank higher than that monster you control, by using it as the Xyz Material, and if you do, attach this card to it as additional material. (This is treated as an Xyz Summon. Transfer its materials to the Summoned monster.) During your Main Phase: You can banish this card from your GY, then target 1 DARK Xyz Monster you control; attach 1 ""The Phantom Knights"" monster from your hand to that monster as material.",0.01,0.25,1.49,0.2,0.15,1st Edition,LEHD-ENC13,Common,SPELL,,Quick-Play Spell,,,,
177682,Phantom Knights' Spear,Phantom Knights Spear,https://tcgplayer-cdn.tcgplayer.com/product/177682_200w.jpg,2,2336,https://cpt.tcgcsv.com/G5r2,2022-12-21T13:14:46.683,1,"Each time your opponent activates a card or effect that targets a ""The Phantom Knights"" monster(s) you control, inflict 500 damage to your opponent immediately after it resolves. If a DARK monster you control would be destroyed by battle or an opponent's card effect, you can banish this card from your GY instead.",0.04,0.23,1.49,0.13,,1st Edition,LEHD-ENC14,Common,SPELL,,Continuous Spell,,,,
177683,Foolish Burial,Foolish Burial,https://tcgplayer-cdn.tcgplayer.com/product/177683_200w.jpg,2,2336,https://cpt.tcgcsv.com/H5r2,2018-12-07T15:20:43.577,1,Send 1 monster from your Deck to the GY.,0.18,0.5,6.95,0.31,0.69,1st Edition,LEHD-ENC17,Common,SPELL,,Normal Spell,,,,
177684,Reinforcement of the Army,Reinforcement of the Army,https://tcgplayer-cdn.tcgplayer.com/product/177684_200w.jpg,2,2336,https://cpt.tcgcsv.com/J5r2,2018-10-08T22:42:45.43,1,Add 1 Level 4 or lower Warrior monster from your Deck to your hand.,0.14,0.25,3.01,0.19,,1st Edition,LEHD-ENC18,Common,SPELL,,Normal Spell,,,,
177685,Dark Eruption,Dark Eruption,https://tcgplayer-cdn.tcgplayer.com/product/177685_200w.jpg,2,2336,https://cpt.tcgcsv.com/K5r2,2018-10-08T22:44:42.747,1,Target 1 DARK monster with 1500 or less ATK in your GY; add that target to your hand.,0.09,0.25,1.99,0.14,,1st Edition,LEHD-ENC19,Common,SPELL,,Normal Spell,,,,
177686,Twin Twisters,Twin Twisters,https://tcgplayer-cdn.tcgplayer.com/product/177686_200w.jpg,2,2336,https://cpt.tcgcsv.com/L5r2,2022-06-09T18:52:20.683,1,"Discard 1 card, then target up to 2 Spells/Traps on the field; destroy them.",0.1,0.5,8.0,0.29,,1st Edition,LEHD-ENC20,Ultra Rare,SPELL,,Quick-Play Spell,,,,
177687,Phantom Knights' Fog Blade,Phantom Knights Fog Blade,https://tcgplayer-cdn.tcgplayer.com/product/177687_200w.jpg,2,2336,https://cpt.tcgcsv.com/M5r2,2021-11-03T12:22:50.84,1,"Activate this card by targeting 1 Effect Monster on the field; negate that face-up monster's effects, that face-up monster cannot attack, also monsters cannot target that face-up monster for attacks. When it leaves the field, destroy this card. You can banish this card from your GY, then target 1 ""The Phantom Knights"" monster in your GY; Special Summon it, but banish it when it leaves the field. You can only use this effect of ""Phantom Knights' Fog Blade"" once per turn.",0.05,0.5,5.9,0.42,0.29,1st Edition,LEHD-ENC21,Common,TRAP,,Continuous Trap,,,,
177688,Phantom Knights' Sword,Phantom Knights Sword,https://tcgplayer-cdn.tcgplayer.com/product/177688_200w.jpg,2,2336,https://cpt.tcgcsv.com/N5r2,2024-08-12T19:55:35.723,1,"Activate this card by targeting 1 face-up monster on the field; it gains 800 ATK, also if that target would be destroyed by battle or card effect, you can destroy this card instead. When it leaves the field, destroy this card. You can banish this card from your GY, then target 1 ""The Phantom Knights"" monster in your GY; Special Summon it, but banish it when it leaves the field. You can only use this effect of ""Phantom Knights' Sword"" once per turn.",0.03,0.25,1.49,0.21,0.1,1st Edition,LEHD-ENC22,Common,TRAP,,Continuous Trap,,,,
177689,Phantom Knights' Wing,Phantom Knights Wing,https://tcgplayer-cdn.tcgplayer.com/product/177689_200w.jpg,2,2336,https://cpt.tcgcsv.com/P5r2,2024-08-12T19:55:35.753,1,"Target 1 face-up monster on the field; it gains 500 ATK, also the first time that target would be destroyed by battle or card effect this turn, it is not destroyed. You can banish this card from your GY, then target 1 ""The Phantom Knights"" monster in your GY; Special Summon it, but banish it when it leaves the field. You can only use this effect of ""Phantom Knights' Wing"" once per turn.",0.14,0.3,2.0,0.24,0.15,1st Edition,LEHD-ENC23,Common,TRAP,,Normal Trap,,,,
177690,The Phantom Knights of Shadow Veil,The Phantom Knights of Shadow Veil,https://tcgplayer-cdn.tcgplayer.com/product/177690_200w.jpg,2,2336,https://cpt.tcgcsv.com/Q5r2,2018-10-08T22:50:59.847,1,"Target 1 face-up monster you control; it gains 300 ATK/DEF. When an opponent's monster declares a direct attack while this card is in your GY: Special Summon this card in Defense Position as a Normal Monster (Warrior/DARK/Level 4/ATK 0/DEF 300). (This card is NOT treated as a Trap.) If Summoned this way, banish this card when it leaves the field.",0.04,0.2,1.49,0.14,0.05,1st Edition,LEHD-ENC24,Common,TRAP,,Normal Trap,,,,
177691,The Phantom Knights of Shade Brigandine,The Phantom Knights of Shade Brigandine,https://tcgplayer-cdn.tcgplayer.com/product/177691_200w.jpg,2,2336,https://cpt.tcgcsv.com/R5r2,2024-08-12T19:55:35.817,1,"Special Summon this card in Defense Position as a Normal Monster (Warrior/DARK/Level 4/ATK 0/DEF 300). (This card is NOT treated as a Trap.) If you have no Traps in your GY, you can activate this card the turn it was Set. You can only activate 1 ""The Phantom Knights of Shade Brigandine"" per turn.",0.01,0.47,5.99,0.39,0.58,1st Edition,LEHD-ENC25,Common,TRAP,,Normal Trap,,,,
177692,The Phantom Knights of Dark Gauntlets,The Phantom Knights of Dark Gauntlets,https://tcgplayer-cdn.tcgplayer.com/product/177692_200w.jpg,2,2336,https://cpt.tcgcsv.com/S5r2,2018-10-08T22:51:36.707,1,"Send 1 ""Phantom Knights"" Spell/Trap from your Deck to the GY. When an opponent's monster declares a direct attack while you control no cards and this card is in your GY: Special Summon this card in Defense Position as an Effect Monster (Warrior/DARK/Level 4/ATK 300/DEF 600), but banish it when it leaves the field. (This card is NOT treated as a Trap.) If Summoned this way, this card gains 300 DEF for each ""Phantom Knights"" Spell/Trap in your GY.",0.1,0.22,1.49,0.18,0.11,1st Edition,LEHD-ENC26,Common,TRAP,,Normal Trap,,,,
177693,The Phantom Knights of Tomb Shield,The Phantom Knights of Tomb Shield,https://tcgplayer-cdn.tcgplayer.com/product/177693_200w.jpg,2,2336,https://cpt.tcgcsv.com/T5r2,2018-10-08T22:52:53.85,1,"Special Summon this card in Attack Position as a Normal Monster (Warrior/DARK/Level 3/ATK 0/DEF 0). (This card is NOT treated as a Trap.) During your turn, except the turn this card was sent to the GY: You can banish this card from your GY, then target 1 face-up Trap your opponent controls; negate its effects until the end of this turn.",0.01,0.25,1.49,0.26,0.11,1st Edition,LEHD-ENC27,Common,TRAP,,Normal Trap,,,,
177694,The Phantom Knights of Lost Vambrace,The Phantom Knights of Lost Vambrace,https://tcgplayer-cdn.tcgplayer.com/product/177694_200w.jpg,2,2336,https://cpt.tcgcsv.com/V5r2,2024-08-14T13:19:14.16,1,"Target 1 face-up monster on the field; if that target is still face-up on the field, ""The Phantom Knights"" monsters you control cannot be destroyed by battle, also that target loses 600 ATK, also its Level becomes 2. These effects last until the end of this turn. Then, Special Summon this card in Defense Position as a Normal Monster (Warrior/DARK/Level 2/ATK 600/DEF 0). (This card is NOT treated as a Trap.)",0.01,0.23,1.49,0.18,0.11,1st Edition,LEHD-ENC28,Common,TRAP,,Normal Trap,,,,
177695,The Phantom Knights of Wrong Magnetring,The Phantom Knights of Wrong Magnetring,https://tcgplayer-cdn.tcgplayer.com/product/177695_200w.jpg,2,2336,https://cpt.tcgcsv.com/W5r2,2018-10-08T22:53:57.463,1,"When an opponent's monster declares an attack: Negate that attack, then Special Summon this card in Attack Position as an Effect Monster (Warrior/DARK/Level 2/ATK 0/DEF 0) with the following effect. (This card is NOT treated as a Trap.)
<br>• (Quick Effect): You can send this card and 1 face-up card you control to the GY (either a ""The Phantom Knights"" monster or a ""Phantom Knights"" Continuous Spell/Trap); draw 2 cards.",0.01,0.21,1.49,0.21,0.1,1st Edition,LEHD-ENC29,Common,TRAP,,Normal Trap,,,,
177696,The Phantom Knights of Mist Claws,The Phantom Knights of Mist Claws,https://tcgplayer-cdn.tcgplayer.com/product/177696_200w.jpg,2,2336,https://cpt.tcgcsv.com/X5r2,2018-10-08T22:54:30.717,1,"Target 1 of your banished ""The Phantom Knights"" monsters; add it to your hand. When an opponent's monster declares a direct attack while this card is in your GY: You can target 1 Level 4 or lower ""The Phantom Knights"" monster in your GY; Special Summon that monster, and if you do, Special Summon this card as a Normal Monster with the same original Level as that monster (Warrior/DARK/ATK 0/DEF 0). (This card is NOT treated as a Trap.) If Summoned this way, banish this card when it leaves the field.",0.09,0.26,3.01,0.25,0.12,1st Edition,LEHD-ENC30,Ultra Rare,TRAP,,Normal Trap,,,,
177697,The Phantom Knights of Break Sword,The Phantom Knights of Break Sword,https://tcgplayer-cdn.tcgplayer.com/product/177697_200w.jpg,2,2336,https://cpt.tcgcsv.com/Z5r2,2024-08-12T19:55:35.88,1,"2 Level 3 monsters
<br>Once per turn: You can detach 1 material from this card, then target 1 card you control and 1 card your opponent controls; destroy them. If this Xyz Summoned card is destroyed: You can target 2 ""The Phantom Knights"" monsters with the same Level in your GY; Special Summon them and increase their Levels by 1, also you cannot Special Summon monsters for the rest of this turn, except DARK monsters.",0.05,0.34,5.0,0.32,0.11,1st Edition,LEHD-ENC31,Ultra Rare,DARK,Warior,Xyz/Effect Monster,2000,,,1000
177698,The Phantom Knights of Cursed Javelin,The Phantom Knights of Cursed Javelin,https://tcgplayer-cdn.tcgplayer.com/product/177698_200w.jpg,2,2336,https://cpt.tcgcsv.com/-5r2,2024-08-12T19:55:35.957,1,"2 Level 2 monsters
<br>You can detach 1 material from this card, then target 1 face-up monster your opponent controls; until the end of this turn, change its ATK to 0, also negate its effects. This is a Quick Effect if this card has a ""The Phantom Knights"" card as material. You can only use this effect of ""The Phantom Knights of Cursed Javelin"" once per turn.",0.1,0.23,1.53,0.17,0.11,1st Edition,LEHD-ENC32,Common,DARK,Warior,Xyz/Effect Monster,1600,,,0
177699,Dark Rebellion Xyz Dragon,Dark Rebellion Xyz Dragon,https://tcgplayer-cdn.tcgplayer.com/product/177699_200w.jpg,2,2336,https://cpt.tcgcsv.com/_5r2,2024-08-12T19:55:36.043,1,"2 Level 4 monsters
<br>You can detach 2 materials from this card, then target 1 face-up monster your opponent controls; its ATK becomes half its current ATK, and if it does, this card gains that lost ATK.",0.22,0.63,2.85,0.43,0.48,1st Edition,LEHD-ENC33,Common,DARK,Dragon,Xyz/Effect Monster,2500,,,2000
177700,Dark Requiem Xyz Dragon,Dark Requiem Xyz Dragon,https://tcgplayer-cdn.tcgplayer.com/product/177700_200w.jpg,2,2336,https://cpt.tcgcsv.com/06r2,2024-08-12T19:55:36.12,1,"3 Level 5 monsters
<br>If this card has ""Dark Rebellion Xyz Dragon"" as material, it gains these effects.
<br>• Once per turn: You can detach 1 material from this card, then target 1 face-up monster your opponent controls; change its ATK to 0, and if you do, this card gains ATK equal to that monster's original ATK.
<br>• When your opponent activates a monster effect (Quick Effect): You can detach 1 material from this card; negate the activation, and if you do, destroy that card, then you can Special Summon 1 Xyz Monster from your GY.",0.14,0.47,3.17,0.18,0.17,1st Edition,LEHD-ENC34,Common,DARK,Dragon,Xyz/Effect Monster,3000,,,2500
177701,Evilswarm Nightmare,Evilswarm Nightmare,https://tcgplayer-cdn.tcgplayer.com/product/177701_200w.jpg,2,2336,https://cpt.tcgcsv.com/26r2,2023-02-24T16:45:42.067,1,"2 Level 4 DARK monsters
<br>When your opponent Special Summons a monster(s) (except during the Damage Step): You can detach 1 material from this card; change that Special Summoned monster(s) to face-down Defense Position.",0.5,0.76,1.97,0.76,0.92,1st Edition,LEHD-ENC35,Common,DARK,Fiend,Xyz/Effect Monster,950,,,1950
177702,Evilswarm Thanatos,Evilswarm Thanatos,https://tcgplayer-cdn.tcgplayer.com/product/177702_200w.jpg,2,2336,https://cpt.tcgcsv.com/36r2,2024-08-12T19:55:36.307,1,"2 Level 4 DARK monsters
<br>Once per turn (Quick Effect): You can detach 1 material from this card; this face-up card is unaffected by other monster effects this turn.",0.01,0.24,3.01,0.15,,1st Edition,LEHD-ENC36,Common,DARK,Fiend,Xyz/Effect Monster,2350,,,1350
177703,Number 86: Heroic Champion - Rhongomyniad,Number 86 Heroic Champion Rhongomyniad,https://tcgplayer-cdn.tcgplayer.com/product/177703_200w.jpg,2,2336,https://cpt.tcgcsv.com/56r2,2018-10-08T22:57:00.72,1,"2 or more (max. 5) Level 4 Warrior monsters
<br>Once per turn, during your opponent's End Phase: Detach 1 material from this card. This card gains effects based on the number of materials attached to it. • 1+: Cannot be destroyed by battle. • 2+: Gains 1500 ATK/DEF. • 3+: Unaffected by other cards' effects. • 4+: Your opponent cannot Normal or Special Summon monsters. • 5: Once per turn: You can destroy all cards your opponent controls.",0.1,0.5,6.99,0.34,,1st Edition,LEHD-ENC37,Ultra Rare,DARK,Warior,Xyz/Effect Monster,1500,,,1500
177704,Leviair the Sea Dragon,Leviair the Sea Dragon,https://tcgplayer-cdn.tcgplayer.com/product/177704_200w.jpg,2,2336,https://cpt.tcgcsv.com/66r2,2021-12-19T11:37:48.43,1,"2 Level 3 monsters
<br>Once per turn: You can detach 1 material from this card, then target 1 banished Level 4 or lower monster; Special Summon that target to your field.",0.4,1.7,10.0,0.77,0.82,1st Edition,LEHD-ENC38,Common,WIND,Aqua,Xyz/Effect Monster,1800,,,1500
177705,"Dante, Traveler of the Burning Abyss",Dante Traveler of the Burning Abyss,https://tcgplayer-cdn.tcgplayer.com/product/177705_200w.jpg,2,2336,https://cpt.tcgcsv.com/76r2,2024-08-12T19:55:36.387,1,"2 Level 3 monsters
<br>Once per turn: You can detach 1 material from this card and choose a number from 1 to 3, then send that many cards from the top of your Deck to the GY; until the end of this turn, this card gains 500 ATK for each card sent to the GY this way. If this card attacks, it is changed to Defense Position at the end of the Battle Phase. If this card is sent to the GY: You can target 1 ""Burning Abyss"" card in your GY, except this card; add it to your hand.",0.1,0.32,75.0,0.13,,1st Edition,LEHD-ENC39,Common,LIGHT,Warior,Xyz/Effect Monster,1000,,,2500
