productId,name,cleanName,imageUrl,categoryId,groupId,url,modifiedOn,imageCount,extNumber,extRarity,extAttribute,extMonsterType,extCardType,extAttack,extDefense,lowPrice,midPrice,highPrice,marketPrice,directLowPrice,subTypeName,extDescription
22607,Mystical Elf,Mystical Elf,https://tcgplayer-cdn.tcgplayer.com/product/22607_200w.jpg,2,298,https://cpt.tcgcsv.com/93c,2013-05-09T12:13:41.653,1,SDY-001,Common,LIGHT,Spellcaster,Normal Monster,800,2000,0.08,0.33,1.98,0.32,,Unlimited,
22607,Mystical Elf,Mystical Elf,https://tcgplayer-cdn.tcgplayer.com/product/22607_200w.jpg,2,298,https://cpt.tcgcsv.com/93c,2013-05-09T12:13:41.653,1,SDY-001,Common,LIGHT,Spellcaster,Normal Monster,800,2000,2.95,16.75,18.0,16.75,,1st Edition,
22608,Feral Imp,Feral Imp,https://tcgplayer-cdn.tcgplayer.com/product/22608_200w.jpg,2,298,https://cpt.tcgcsv.com/b3c,2013-05-09T12:13:41.653,1,SDY-002,Common,DARK,Fiend,Normal Monster,1300,1400,0.09,0.26,1.98,0.47,,Unlimited,
22608,Feral Imp,Feral Imp,https://tcgplayer-cdn.tcgplayer.com/product/22608_200w.jpg,2,298,https://cpt.tcgcsv.com/b3c,2013-05-09T12:13:41.653,1,SDY-002,Common,DARK,Fiend,Normal Monster,1300,1400,4.75,9.55,11.99,10.28,,1st Edition,
22609,"Winged Dragon, Guardian of the Fortress #1",Winged Dragon Guardian of the Fortress 1,https://tcgplayer-cdn.tcgplayer.com/product/22609_200w.jpg,2,298,https://cpt.tcgcsv.com/c3c,2013-05-09T12:13:41.653,1,SDY-003,Common,WIND,Dragon,Normal Monster,1400,1200,0.1,0.34,1.98,0.43,,Unlimited,
22609,"Winged Dragon, Guardian of the Fortress #1",Winged Dragon Guardian of the Fortress 1,https://tcgplayer-cdn.tcgplayer.com/product/22609_200w.jpg,2,298,https://cpt.tcgcsv.com/c3c,2013-05-09T12:13:41.653,1,SDY-003,Common,WIND,Dragon,Normal Monster,1400,1200,2.1,14.64,20.3,14.97,,1st Edition,
22610,Summoned Skull,Summoned Skull,https://tcgplayer-cdn.tcgplayer.com/product/22610_200w.jpg,2,298,https://cpt.tcgcsv.com/d3c,2022-06-14T16:04:10.643,1,SDY-004,Common,DARK,Fiend,Normal Monster,2500,1200,0.46,0.64,183.62,0.99,,Unlimited,
22610,Summoned Skull,Summoned Skull,https://tcgplayer-cdn.tcgplayer.com/product/22610_200w.jpg,2,298,https://cpt.tcgcsv.com/d3c,2022-06-14T16:04:10.643,1,SDY-004,Common,DARK,Fiend,Normal Monster,2500,1200,4.98,24.97,35.0,24.99,,1st Edition,
22611,Beaver Warrior,Beaver Warrior,https://tcgplayer-cdn.tcgplayer.com/product/22611_200w.jpg,2,298,https://cpt.tcgcsv.com/f3c,2013-05-09T12:13:41.653,1,SDY-005,Common,EARTH,Beast-Warrior,Normal Monster,1200,1500,0.1,0.27,1.98,0.29,,Unlimited,
22611,Beaver Warrior,Beaver Warrior,https://tcgplayer-cdn.tcgplayer.com/product/22611_200w.jpg,2,298,https://cpt.tcgcsv.com/f3c,2013-05-09T12:13:41.653,1,SDY-005,Common,EARTH,Beast-Warrior,Normal Monster,1200,1500,1.4,3.89,14.99,1.47,,1st Edition,
22612,Dark Magician,Dark Magician,https://tcgplayer-cdn.tcgplayer.com/product/22612_200w.jpg,2,298,https://cpt.tcgcsv.com/g3c,2018-10-05T12:52:44.147,1,SDY-006,Ultra Rare,DARK,Spellcaster,Normal Monster,2500,2100,7.35,29.37,99.95,32.63,,Unlimited,The ultimate wizard in terms of attack and defense.
22612,Dark Magician,Dark Magician,https://tcgplayer-cdn.tcgplayer.com/product/22612_200w.jpg,2,298,https://cpt.tcgcsv.com/g3c,2018-10-05T12:52:44.147,1,SDY-006,Ultra Rare,DARK,Spellcaster,Normal Monster,2500,2100,121.69,389.99,1900.0,399.99,,1st Edition,The ultimate wizard in terms of attack and defense.
22613,Gaia The Fierce Knight,Gaia The Fierce Knight,https://tcgplayer-cdn.tcgplayer.com/product/22613_200w.jpg,2,298,https://cpt.tcgcsv.com/h3c,2013-05-09T12:13:41.653,1,SDY-007,Common,EARTH,Warrior,Normal Monster,2300,2100,0.12,0.5,5.8,0.52,,Unlimited,
22613,Gaia The Fierce Knight,Gaia The Fierce Knight,https://tcgplayer-cdn.tcgplayer.com/product/22613_200w.jpg,2,298,https://cpt.tcgcsv.com/h3c,2013-05-09T12:13:41.653,1,SDY-007,Common,EARTH,Warrior,Normal Monster,2300,2100,5.18,14.0,18.79,14.83,,1st Edition,
22614,Curse of Dragon,Curse of Dragon,https://tcgplayer-cdn.tcgplayer.com/product/22614_200w.jpg,2,298,https://cpt.tcgcsv.com/j3c,2013-05-09T12:13:41.653,1,SDY-008,Common,DARK,Dragon,Normal Monster,2000,1500,0.19,0.5,2.22,0.63,,Unlimited,
22614,Curse of Dragon,Curse of Dragon,https://tcgplayer-cdn.tcgplayer.com/product/22614_200w.jpg,2,298,https://cpt.tcgcsv.com/j3c,2013-05-09T12:13:41.653,1,SDY-008,Common,DARK,Dragon,Normal Monster,2000,1500,1.25,7.5,19.99,6.61,,1st Edition,
22615,Celtic Guardian,Celtic Guardian,https://tcgplayer-cdn.tcgplayer.com/product/22615_200w.jpg,2,298,https://cpt.tcgcsv.com/k3c,2013-05-09T12:13:41.653,1,SDY-009,Common,EARTH,Warrior,Normal Monster,1400,1200,0.01,0.5,1.98,0.62,,Unlimited,
22615,Celtic Guardian,Celtic Guardian,https://tcgplayer-cdn.tcgplayer.com/product/22615_200w.jpg,2,298,https://cpt.tcgcsv.com/k3c,2013-05-09T12:13:41.653,1,SDY-009,Common,EARTH,Warrior,Normal Monster,1400,1200,4.5,5.81,18.99,5.49,,1st Edition,
22616,Mammoth Graveyard,Mammoth Graveyard,https://tcgplayer-cdn.tcgplayer.com/product/22616_200w.jpg,2,298,https://cpt.tcgcsv.com/l3c,2013-05-09T12:13:41.653,1,SDY-010,Common,EARTH,Dinosaur,Normal Monster,1200,800,0.09,0.27,1.98,0.29,,Unlimited,
22616,Mammoth Graveyard,Mammoth Graveyard,https://tcgplayer-cdn.tcgplayer.com/product/22616_200w.jpg,2,298,https://cpt.tcgcsv.com/l3c,2013-05-09T12:13:41.653,1,SDY-010,Common,EARTH,Dinosaur,Normal Monster,1200,800,1.24,1.8,9.99,1.39,,1st Edition,
22617,Great White,Great White,https://tcgplayer-cdn.tcgplayer.com/product/22617_200w.jpg,2,298,https://cpt.tcgcsv.com/m3c,2013-05-09T12:13:41.653,1,SDY-011,Common,WATER,Fish,Normal Monster,1600,800,0.15,0.45,1.98,0.46,,Unlimited,
22617,Great White,Great White,https://tcgplayer-cdn.tcgplayer.com/product/22617_200w.jpg,2,298,https://cpt.tcgcsv.com/m3c,2013-05-09T12:13:41.653,1,SDY-011,Common,WATER,Fish,Normal Monster,1600,800,1.99,4.95,8.1,5.86,,1st Edition,
22618,Silver Fang,Silver Fang,https://tcgplayer-cdn.tcgplayer.com/product/22618_200w.jpg,2,298,https://cpt.tcgcsv.com/n3c,2013-05-09T12:13:41.653,1,SDY-012,Common,EARTH,Beast,Normal Monster,1200,800,0.07,0.3,1.98,0.31,,Unlimited,
22618,Silver Fang,Silver Fang,https://tcgplayer-cdn.tcgplayer.com/product/22618_200w.jpg,2,298,https://cpt.tcgcsv.com/n3c,2013-05-09T12:13:41.653,1,SDY-012,Common,EARTH,Beast,Normal Monster,1200,800,1.22,5.72,9.99,5.57,,1st Edition,
22619,Giant Soldier of Stone,Giant Soldier of Stone,https://tcgplayer-cdn.tcgplayer.com/product/22619_200w.jpg,2,298,https://cpt.tcgcsv.com/p3c,2013-05-09T12:13:41.653,1,SDY-013,Common,EARTH,Rock,Normal Monster,1300,2000,0.14,0.3,1.98,0.32,,Unlimited,
22619,Giant Soldier of Stone,Giant Soldier of Stone,https://tcgplayer-cdn.tcgplayer.com/product/22619_200w.jpg,2,298,https://cpt.tcgcsv.com/p3c,2013-05-09T12:13:41.653,1,SDY-013,Common,EARTH,Rock,Normal Monster,1300,2000,2.4,3.99,19.99,3.65,,1st Edition,
22620,Dragon Zombie,Dragon Zombie,https://tcgplayer-cdn.tcgplayer.com/product/22620_200w.jpg,2,298,https://cpt.tcgcsv.com/q3c,2013-05-09T12:13:41.653,1,SDY-014,Common,DARK,Zombie,Normal Monster,1600,0,0.4,0.6,2.5,0.7,,Unlimited,
22620,Dragon Zombie,Dragon Zombie,https://tcgplayer-cdn.tcgplayer.com/product/22620_200w.jpg,2,298,https://cpt.tcgcsv.com/q3c,2013-05-09T12:13:41.653,1,SDY-014,Common,DARK,Zombie,Normal Monster,1600,0,2.99,7.58,14.99,7.16,,1st Edition,
22621,Doma The Angel of Silence,Doma The Angel of Silence,https://tcgplayer-cdn.tcgplayer.com/product/22621_200w.jpg,2,298,https://cpt.tcgcsv.com/r3c,2013-05-09T12:13:41.653,1,SDY-015,Common,DARK,Fairy,Normal Monster,1600,1400,0.1,0.23,1.98,0.21,,Unlimited,
22621,Doma The Angel of Silence,Doma The Angel of Silence,https://tcgplayer-cdn.tcgplayer.com/product/22621_200w.jpg,2,298,https://cpt.tcgcsv.com/r3c,2013-05-09T12:13:41.653,1,SDY-015,Common,DARK,Fairy,Normal Monster,1600,1400,0.5,1.82,3.99,2.82,,1st Edition,
22622,Ansatsu,Ansatsu,https://tcgplayer-cdn.tcgplayer.com/product/22622_200w.jpg,2,298,https://cpt.tcgcsv.com/s3c,2020-04-30T12:29:29.08,1,SDY-016,Common,EARTH,Warrior,Normal Monster,1700,1200,0.01,0.43,1.98,0.54,,Unlimited,<em>A silent and deadly warrior specializing in assassinations.</em>
22622,Ansatsu,Ansatsu,https://tcgplayer-cdn.tcgplayer.com/product/22622_200w.jpg,2,298,https://cpt.tcgcsv.com/s3c,2020-04-30T12:29:29.08,1,SDY-016,Common,EARTH,Warrior,Normal Monster,1700,1200,3.85,6.86,14.99,6.88,,1st Edition,<em>A silent and deadly warrior specializing in assassinations.</em>
22623,Witty Phantom,Witty Phantom,https://tcgplayer-cdn.tcgplayer.com/product/22623_200w.jpg,2,298,https://cpt.tcgcsv.com/t3c,2013-05-09T12:13:41.653,1,SDY-017,Common,DARK,Fiend,Normal Monster,1400,1300,0.07,0.24,1.98,0.23,,Unlimited,
22623,Witty Phantom,Witty Phantom,https://tcgplayer-cdn.tcgplayer.com/product/22623_200w.jpg,2,298,https://cpt.tcgcsv.com/t3c,2013-05-09T12:13:41.653,1,SDY-017,Common,DARK,Fiend,Normal Monster,1400,1300,1.32,1.99,9.99,1.97,,1st Edition,
22624,Claw Reacher,Claw Reacher,https://tcgplayer-cdn.tcgplayer.com/product/22624_200w.jpg,2,298,https://cpt.tcgcsv.com/v3c,2013-05-09T12:13:41.653,1,SDY-018,Common,DARK,Fiend,Normal Monster,1000,800,0.2,0.5,1.98,0.59,,Unlimited,
22624,Claw Reacher,Claw Reacher,https://tcgplayer-cdn.tcgplayer.com/product/22624_200w.jpg,2,298,https://cpt.tcgcsv.com/v3c,2013-05-09T12:13:41.653,1,SDY-018,Common,DARK,Fiend,Normal Monster,1000,800,2.14,4.95,9.99,5.4,,1st Edition,
22625,Mystic Clown,Mystic Clown,https://tcgplayer-cdn.tcgplayer.com/product/22625_200w.jpg,2,298,https://cpt.tcgcsv.com/w3c,2013-05-09T12:13:41.653,1,SDY-019,Common,DARK,Fiend,Normal Monster,1500,1000,0.1,0.24,1.99,0.23,,Unlimited,
22625,Mystic Clown,Mystic Clown,https://tcgplayer-cdn.tcgplayer.com/product/22625_200w.jpg,2,298,https://cpt.tcgcsv.com/w3c,2013-05-09T12:13:41.653,1,SDY-019,Common,DARK,Fiend,Normal Monster,1500,1000,0.4,1.95,19.99,1.97,,1st Edition,
22626,Sword of Dark Destruction,Sword of Dark Destruction,https://tcgplayer-cdn.tcgplayer.com/product/22626_200w.jpg,2,298,https://cpt.tcgcsv.com/x3c,2013-05-09T12:13:41.653,1,SDY-020,Common,SPELL,,Equip Spell,0,0,0.01,0.46,1.98,0.77,,Unlimited,A DARK monster equipped with this card increases its ATK by 400 points and decreases its DEF by 200 points.
22626,Sword of Dark Destruction,Sword of Dark Destruction,https://tcgplayer-cdn.tcgplayer.com/product/22626_200w.jpg,2,298,https://cpt.tcgcsv.com/x3c,2013-05-09T12:13:41.653,1,SDY-020,Common,SPELL,,Equip Spell,0,0,1.56,3.56,9.99,1.58,,1st Edition,A DARK monster equipped with this card increases its ATK by 400 points and decreases its DEF by 200 points.
22627,Book of Secret Arts,Book of Secret Arts,https://tcgplayer-cdn.tcgplayer.com/product/22627_200w.jpg,2,298,https://cpt.tcgcsv.com/z3c,2013-05-09T12:13:41.653,1,SDY-021,Common,SPELL,,Equip Spell,0,0,0.1,0.38,1.98,0.51,,Unlimited,A Spellcaster-Type monster equipped with this card increases its ATK and DEF by 300 points.
22627,Book of Secret Arts,Book of Secret Arts,https://tcgplayer-cdn.tcgplayer.com/product/22627_200w.jpg,2,298,https://cpt.tcgcsv.com/z3c,2013-05-09T12:13:41.653,1,SDY-021,Common,SPELL,,Equip Spell,0,0,0.67,6.07,19.99,5.22,,1st Edition,A Spellcaster-Type monster equipped with this card increases its ATK and DEF by 300 points.
22628,Dark Hole,Dark Hole,https://tcgplayer-cdn.tcgplayer.com/product/22628_200w.jpg,2,298,https://cpt.tcgcsv.com/B3c,2013-05-09T12:13:41.653,1,SDY-022,Common,SPELL,,Normal Spell,0,0,0.14,0.39,1.75,0.33,,Unlimited,Destroys all monsters on the field.
22628,Dark Hole,Dark Hole,https://tcgplayer-cdn.tcgplayer.com/product/22628_200w.jpg,2,298,https://cpt.tcgcsv.com/B3c,2013-05-09T12:13:41.653,1,SDY-022,Common,SPELL,,Normal Spell,0,0,0.6,2.12,17.99,2.95,,1st Edition,Destroys all monsters on the field.
22629,Dian Keto the Cure Master,Dian Keto the Cure Master,https://tcgplayer-cdn.tcgplayer.com/product/22629_200w.jpg,2,298,https://cpt.tcgcsv.com/C3c,2013-05-09T12:13:41.653,1,SDY-023,Common,SPELL,,Normal Spell,0,0,0.14,0.36,2.26,0.37,,Unlimited,Increases your Life Points by 1000 points.
22629,Dian Keto the Cure Master,Dian Keto the Cure Master,https://tcgplayer-cdn.tcgplayer.com/product/22629_200w.jpg,2,298,https://cpt.tcgcsv.com/C3c,2013-05-09T12:13:41.653,1,SDY-023,Common,SPELL,,Normal Spell,0,0,1.5,4.36,14.99,0.69,,1st Edition,Increases your Life Points by 1000 points.
22630,Ancient Elf,Ancient Elf,https://tcgplayer-cdn.tcgplayer.com/product/22630_200w.jpg,2,298,https://cpt.tcgcsv.com/D3c,2013-05-09T12:13:41.653,1,SDY-024,Common,LIGHT,Spellcaster,Normal Monster,1450,1200,0.08,0.25,1.98,0.23,,Unlimited,This elf is rumored to have lived for thousands of years. He leads an army of spirits against his enemies.
22630,Ancient Elf,Ancient Elf,https://tcgplayer-cdn.tcgplayer.com/product/22630_200w.jpg,2,298,https://cpt.tcgcsv.com/D3c,2013-05-09T12:13:41.653,1,SDY-024,Common,LIGHT,Spellcaster,Normal Monster,1450,1200,0.66,2.57,15.74,2.34,,1st Edition,This elf is rumored to have lived for thousands of years. He leads an army of spirits against his enemies.
22631,Magical Ghost,Magical Ghost,https://tcgplayer-cdn.tcgplayer.com/product/22631_200w.jpg,2,298,https://cpt.tcgcsv.com/F3c,2013-05-09T12:13:41.653,1,SDY-025,Common,DARK,Zombie,Normal Monster,1300,1400,0.01,0.3,1.98,0.32,,Unlimited,This creature casts a spell of terror and confusion just before attacking its enemies.
22631,Magical Ghost,Magical Ghost,https://tcgplayer-cdn.tcgplayer.com/product/22631_200w.jpg,2,298,https://cpt.tcgcsv.com/F3c,2013-05-09T12:13:41.653,1,SDY-025,Common,DARK,Zombie,Normal Monster,1300,1400,2.49,3.56,9.99,3.86,,1st Edition,This creature casts a spell of terror and confusion just before attacking its enemies.
22632,Fissure,Fissure,https://tcgplayer-cdn.tcgplayer.com/product/22632_200w.jpg,2,298,https://cpt.tcgcsv.com/G3c,2013-05-09T12:13:41.653,1,SDY-026,Common,SPELL,,Normal Spell,0,0,0.08,0.28,1.98,0.29,,Unlimited,Destroys 1 opponent's face-up monster with the lowest ATK.
22632,Fissure,Fissure,https://tcgplayer-cdn.tcgplayer.com/product/22632_200w.jpg,2,298,https://cpt.tcgcsv.com/G3c,2013-05-09T12:13:41.653,1,SDY-026,Common,SPELL,,Normal Spell,0,0,0.79,2.27,4.95,2.99,,1st Edition,Destroys 1 opponent's face-up monster with the lowest ATK.
22633,Trap Hole,Trap Hole,https://tcgplayer-cdn.tcgplayer.com/product/22633_200w.jpg,2,298,https://cpt.tcgcsv.com/H3c,2013-05-09T12:13:41.653,1,SDY-027,Common,TRAP,,Normal Trap,0,0,0.1,0.3,1.98,0.31,,Unlimited,"If the ATK of a monster summoned by your opponent (excluding Special Summon) is 1000 points or more, the monster is destroyed."
22633,Trap Hole,Trap Hole,https://tcgplayer-cdn.tcgplayer.com/product/22633_200w.jpg,2,298,https://cpt.tcgcsv.com/H3c,2013-05-09T12:13:41.653,1,SDY-027,Common,TRAP,,Normal Trap,0,0,2.1,4.43,8.99,5.6,,1st Edition,"If the ATK of a monster summoned by your opponent (excluding Special Summon) is 1000 points or more, the monster is destroyed."
22634,Two-Pronged Attack,Two Pronged Attack,https://tcgplayer-cdn.tcgplayer.com/product/22634_200w.jpg,2,298,https://cpt.tcgcsv.com/J3c,2022-10-13T17:11:05.097,1,SDY-028,Common,TRAP,,Normal Trap,0,0,0.05,0.27,7.15,0.24,,Unlimited,Select and destroy 2 of your monsters and 1 of your opponent's monsters.
22634,Two-Pronged Attack,Two Pronged Attack,https://tcgplayer-cdn.tcgplayer.com/product/22634_200w.jpg,2,298,https://cpt.tcgcsv.com/J3c,2022-10-13T17:11:05.097,1,SDY-028,Common,TRAP,,Normal Trap,0,0,0.7,2.97,9.99,2.87,,1st Edition,Select and destroy 2 of your monsters and 1 of your opponent's monsters.
22635,De-Spell,De Spell,https://tcgplayer-cdn.tcgplayer.com/product/22635_200w.jpg,2,298,https://cpt.tcgcsv.com/K3c,2013-05-09T12:13:41.653,1,SDY-029,Common,SPELL,,Normal Spell,0,0,0.01,0.38,2.22,0.48,,Unlimited,"Destroys 1 Spell Card on the field. If this card's target is face-down, flip it face-up. If the card is a Spell Card, it is destroyed. If not, it is returned to its face-down position. The flipped card is not activated."
22635,De-Spell,De Spell,https://tcgplayer-cdn.tcgplayer.com/product/22635_200w.jpg,2,298,https://cpt.tcgcsv.com/K3c,2013-05-09T12:13:41.653,1,SDY-029,Common,SPELL,,Normal Spell,0,0,1.62,4.98,11.68,1.62,,1st Edition,"Destroys 1 Spell Card on the field. If this card's target is face-down, flip it face-up. If the card is a Spell Card, it is destroyed. If not, it is returned to its face-down position. The flipped card is not activated."
22636,Monster Reborn,Monster Reborn,https://tcgplayer-cdn.tcgplayer.com/product/22636_200w.jpg,2,298,https://cpt.tcgcsv.com/L3c,2013-05-09T12:13:41.653,1,SDY-030,Common,SPELL,,Normal Spell,0,0,0.09,0.5,1.8,0.48,,Unlimited,Select 1 Monster Card from either your opponent's or your own Graveyard and place it on the field under your control in Attack or Defense Position (face-up). This is considered a Special Summon.
22636,Monster Reborn,Monster Reborn,https://tcgplayer-cdn.tcgplayer.com/product/22636_200w.jpg,2,298,https://cpt.tcgcsv.com/L3c,2013-05-09T12:13:41.653,1,SDY-030,Common,SPELL,,Normal Spell,0,0,1.2,2.13,17.99,5.74,,1st Edition,Select 1 Monster Card from either your opponent's or your own Graveyard and place it on the field under your control in Attack or Defense Position (face-up). This is considered a Special Summon.
22637,Reinforcements,Reinforcements,https://tcgplayer-cdn.tcgplayer.com/product/22637_200w.jpg,2,298,https://cpt.tcgcsv.com/M3c,2013-05-09T12:13:41.653,1,SDY-031,Common,TRAP,,Normal Trap,0,0,0.1,0.38,1.98,0.4,,Unlimited,Increase 1 selected monster's ATK by 500 points during the turn this card is activated.
22637,Reinforcements,Reinforcements,https://tcgplayer-cdn.tcgplayer.com/product/22637_200w.jpg,2,298,https://cpt.tcgcsv.com/M3c,2013-05-09T12:13:41.653,1,SDY-031,Common,TRAP,,Normal Trap,0,0,1.75,3.86,14.99,1.69,,1st Edition,Increase 1 selected monster's ATK by 500 points during the turn this card is activated.
22638,Change of Heart,Change of Heart,https://tcgplayer-cdn.tcgplayer.com/product/22638_200w.jpg,2,298,https://cpt.tcgcsv.com/N3c,2013-05-09T12:13:41.653,1,SDY-032,Common,SPELL,,Normal Spell,0,0,0.13,0.55,20.95,0.55,,Unlimited,Select and control 1 opposing monster (regardless of position) on the field until the end of your turn.
22638,Change of Heart,Change of Heart,https://tcgplayer-cdn.tcgplayer.com/product/22638_200w.jpg,2,298,https://cpt.tcgcsv.com/N3c,2013-05-09T12:13:41.653,1,SDY-032,Common,SPELL,,Normal Spell,0,0,0.85,4.54,39.99,4.49,,1st Edition,Select and control 1 opposing monster (regardless of position) on the field until the end of your turn.
22639,The Stern Mystic,The Stern Mystic,https://tcgplayer-cdn.tcgplayer.com/product/22639_200w.jpg,2,298,https://cpt.tcgcsv.com/P3c,2013-05-09T12:13:41.653,1,SDY-033,Common,LIGHT,Spellcaster,Effect Monster,1500,1200,0.1,0.35,1.98,0.33,,Unlimited,"FLIP: All face-down cards on the field are turned face-up, and then returned to their original positions. No card effects are activated when cards are turned face-up."
22639,The Stern Mystic,The Stern Mystic,https://tcgplayer-cdn.tcgplayer.com/product/22639_200w.jpg,2,298,https://cpt.tcgcsv.com/P3c,2013-05-09T12:13:41.653,1,SDY-033,Common,LIGHT,Spellcaster,Effect Monster,1500,1200,2.93,5.05,9.99,2.93,,1st Edition,"FLIP: All face-down cards on the field are turned face-up, and then returned to their original positions. No card effects are activated when cards are turned face-up."
22640,Wall of Illusion,Wall of Illusion,https://tcgplayer-cdn.tcgplayer.com/product/22640_200w.jpg,2,298,https://cpt.tcgcsv.com/Q3c,2013-05-09T12:13:41.653,1,SDY-034,Common,DARK,Fiend,Effect Monster,1000,1850,0.18,0.55,2.5,0.52,,Unlimited,The monster attacking this creature is returned to its owner's hand. Any damage resulting from the attack is calculated normally.
22640,Wall of Illusion,Wall of Illusion,https://tcgplayer-cdn.tcgplayer.com/product/22640_200w.jpg,2,298,https://cpt.tcgcsv.com/Q3c,2013-05-09T12:13:41.653,1,SDY-034,Common,DARK,Fiend,Effect Monster,1000,1850,3.0,5.43,14.99,5.26,,1st Edition,The monster attacking this creature is returned to its owner's hand. Any damage resulting from the attack is calculated normally.
22641,Neo the Magic Swordsman,Neo the Magic Swordsman,https://tcgplayer-cdn.tcgplayer.com/product/22641_200w.jpg,2,298,https://cpt.tcgcsv.com/R3c,2013-05-09T12:13:41.653,1,SDY-035,Common,LIGHT,Spellcaster,Normal Monster,1700,1000,0.01,0.42,1.98,0.45,,Unlimited,
22641,Neo the Magic Swordsman,Neo the Magic Swordsman,https://tcgplayer-cdn.tcgplayer.com/product/22641_200w.jpg,2,298,https://cpt.tcgcsv.com/R3c,2013-05-09T12:13:41.653,1,SDY-035,Common,LIGHT,Spellcaster,Normal Monster,1700,1000,7.15,8.88,24.99,11.73,,1st Edition,
22642,Baron of the Fiend Sword,Baron of the Fiend Sword,https://tcgplayer-cdn.tcgplayer.com/product/22642_200w.jpg,2,298,https://cpt.tcgcsv.com/S3c,2013-05-09T12:13:41.653,1,SDY-036,Common,DARK,Fiend,Normal Monster,1550,800,0.19,0.42,1.98,0.43,,Unlimited,
22642,Baron of the Fiend Sword,Baron of the Fiend Sword,https://tcgplayer-cdn.tcgplayer.com/product/22642_200w.jpg,2,298,https://cpt.tcgcsv.com/S3c,2013-05-09T12:13:41.653,1,SDY-036,Common,DARK,Fiend,Normal Monster,1550,800,0.65,5.0,29.98,4.99,,1st Edition,
22643,Man-Eating Treasure Chest,Man Eating Treasure Chest,https://tcgplayer-cdn.tcgplayer.com/product/22643_200w.jpg,2,298,https://cpt.tcgcsv.com/T3c,2013-05-09T12:13:41.653,1,SDY-037,Common,DARK,Fiend,Normal Monster,1600,1000,0.15,0.34,1.98,0.38,,Unlimited,
22643,Man-Eating Treasure Chest,Man Eating Treasure Chest,https://tcgplayer-cdn.tcgplayer.com/product/22643_200w.jpg,2,298,https://cpt.tcgcsv.com/T3c,2013-05-09T12:13:41.653,1,SDY-037,Common,DARK,Fiend,Normal Monster,1600,1000,6.75,10.0,19.99,7.47,,1st Edition,
22644,Sorcerer of the Doomed,Sorcerer of the Doomed,https://tcgplayer-cdn.tcgplayer.com/product/22644_200w.jpg,2,298,https://cpt.tcgcsv.com/V3c,2013-05-09T12:13:41.653,1,SDY-038,Common,DARK,Spellcaster,Normal Monster,1450,1200,0.15,0.5,2.0,0.54,,Unlimited,
22644,Sorcerer of the Doomed,Sorcerer of the Doomed,https://tcgplayer-cdn.tcgplayer.com/product/22644_200w.jpg,2,298,https://cpt.tcgcsv.com/V3c,2013-05-09T12:13:41.653,1,SDY-038,Common,DARK,Spellcaster,Normal Monster,1450,1200,2.0,4.62,9.99,5.71,,1st Edition,
22645,Last Will,Last Will,https://tcgplayer-cdn.tcgplayer.com/product/22645_200w.jpg,2,298,https://cpt.tcgcsv.com/W3c,2024-08-05T16:05:29.7,1,SDY-039,Common,SPELL,,Normal Spell,0,0,0.8,1.46,6.99,2.23,,Unlimited,"If a monster of yours is sent from the field to the Graveyard during the turn that you've played this card, you can select a monster with an ATK of 1500 points or less from your Deck and play it as a Special Summon. Shuffle the Deck after playing the card. This card is active for 1 turn only."
22645,Last Will,Last Will,https://tcgplayer-cdn.tcgplayer.com/product/22645_200w.jpg,2,298,https://cpt.tcgcsv.com/W3c,2024-08-05T16:05:29.7,1,SDY-039,Common,SPELL,,Normal Spell,0,0,7.75,25.0,199.99,25.0,,1st Edition,"If a monster of yours is sent from the field to the Graveyard during the turn that you've played this card, you can select a monster with an ATK of 1500 points or less from your Deck and play it as a Special Summon. Shuffle the Deck after playing the card. This card is active for 1 turn only."
22646,Waboku,Waboku,https://tcgplayer-cdn.tcgplayer.com/product/22646_200w.jpg,2,298,https://cpt.tcgcsv.com/X3c,2013-05-09T12:13:41.653,1,SDY-040,Common,TRAP,,Normal Trap,0,0,0.1,0.4,2.32,0.35,,Unlimited,Any damage inflicted by an opponent's monster is decreased to 0 during the turn this card is activated.
22646,Waboku,Waboku,https://tcgplayer-cdn.tcgplayer.com/product/22646_200w.jpg,2,298,https://cpt.tcgcsv.com/X3c,2013-05-09T12:13:41.653,1,SDY-040,Common,TRAP,,Normal Trap,0,0,10.98,13.79,17.99,14.79,,1st Edition,Any damage inflicted by an opponent's monster is decreased to 0 during the turn this card is activated.
22647,Soul Exchange,Soul Exchange,https://tcgplayer-cdn.tcgplayer.com/product/22647_200w.jpg,2,298,https://cpt.tcgcsv.com/Z3c,2013-10-28T15:48:45.66,1,SDY-041,Super Rare,SPELL,,Normal Spell,0,0,0.18,0.65,2.12,0.7,,Unlimited,Select an opponent's monster and use it as a Tribute in place of one of your own. You must skip your Battle Phase for the turn in which this card is activated.
22647,Soul Exchange,Soul Exchange,https://tcgplayer-cdn.tcgplayer.com/product/22647_200w.jpg,2,298,https://cpt.tcgcsv.com/Z3c,2013-10-28T15:48:45.66,1,SDY-041,Super Rare,SPELL,,Normal Spell,0,0,13.99,35.37,49.99,34.03,,1st Edition,Select an opponent's monster and use it as a Tribute in place of one of your own. You must skip your Battle Phase for the turn in which this card is activated.
22648,Card Destruction,Card Destruction,https://tcgplayer-cdn.tcgplayer.com/product/22648_200w.jpg,2,298,https://cpt.tcgcsv.com/-3c,2013-10-28T15:45:02.653,1,SDY-042,Super Rare,SPELL,,Normal Spell,0,0,0.41,0.88,7.5,0.92,,Unlimited,Both players must discard their entire hands and draw the same number of cards that they discarded from their respective Decks.
22648,Card Destruction,Card Destruction,https://tcgplayer-cdn.tcgplayer.com/product/22648_200w.jpg,2,298,https://cpt.tcgcsv.com/-3c,2013-10-28T15:45:02.653,1,SDY-042,Super Rare,SPELL,,Normal Spell,0,0,14.55,31.99,61.55,43.9,,1st Edition,Both players must discard their entire hands and draw the same number of cards that they discarded from their respective Decks.
22649,Trap Master,Trap Master,https://tcgplayer-cdn.tcgplayer.com/product/22649_200w.jpg,2,298,https://cpt.tcgcsv.com/_3c,2013-05-09T12:13:41.653,1,SDY-043,Common,EARTH,Warrior,Effect Monster,500,1100,0.01,0.64,2.99,0.68,,Unlimited,"FLIP: Destroys 1 Trap Card on the field. If this card's target is face-down, flip it face-up. If the card is a Trap Card, it is destroyed. If not, it is returned to its face-down position. The flipped card is not activated."
22649,Trap Master,Trap Master,https://tcgplayer-cdn.tcgplayer.com/product/22649_200w.jpg,2,298,https://cpt.tcgcsv.com/_3c,2013-05-09T12:13:41.653,1,SDY-043,Common,EARTH,Warrior,Effect Monster,500,1100,0.95,3.22,4.0,3.18,,1st Edition,"FLIP: Destroys 1 Trap Card on the field. If this card's target is face-down, flip it face-up. If the card is a Trap Card, it is destroyed. If not, it is returned to its face-down position. The flipped card is not activated."
22650,Dragon Capture Jar,Dragon Capture Jar,https://tcgplayer-cdn.tcgplayer.com/product/22650_200w.jpg,2,298,https://cpt.tcgcsv.com/05c,2013-05-09T12:13:41.653,1,SDY-044,Common,TRAP,,Continuous Trap,0,0,0.01,0.45,4.99,0.49,,Unlimited,All Dragon-Type monsters on the field are switched to Defense Position and remain in this position as long as this card is active.
22650,Dragon Capture Jar,Dragon Capture Jar,https://tcgplayer-cdn.tcgplayer.com/product/22650_200w.jpg,2,298,https://cpt.tcgcsv.com/05c,2013-05-09T12:13:41.653,1,SDY-044,Common,TRAP,,Continuous Trap,0,0,1.0,4.97,9.99,4.67,,1st Edition,All Dragon-Type monsters on the field are switched to Defense Position and remain in this position as long as this card is active.
22651,Yami,Yami,https://tcgplayer-cdn.tcgplayer.com/product/22651_200w.jpg,2,298,https://cpt.tcgcsv.com/25c,2013-05-09T12:13:41.653,1,SDY-045,Common,SPELL,,Field Spell,0,0,0.09,0.3,2.55,0.28,,Unlimited,Increases the ATK and DEF of all Fiend and Spellcaster-Type monsters by 200 points. Also decreases the ATK and DEF of all Fairy-Type monsters by 200 points.
22651,Yami,Yami,https://tcgplayer-cdn.tcgplayer.com/product/22651_200w.jpg,2,298,https://cpt.tcgcsv.com/25c,2013-05-09T12:13:41.653,1,SDY-045,Common,SPELL,,Field Spell,0,0,0.99,2.31,5.99,2.54,,1st Edition,Increases the ATK and DEF of all Fiend and Spellcaster-Type monsters by 200 points. Also decreases the ATK and DEF of all Fairy-Type monsters by 200 points.
22652,Man-Eater Bug,Man Eater Bug,https://tcgplayer-cdn.tcgplayer.com/product/22652_200w.jpg,2,298,https://cpt.tcgcsv.com/35c,2013-05-09T12:13:41.653,1,SDY-046,Common,EARTH,Insect,Effect Monster,450,600,0.23,0.51,2.51,0.82,,Unlimited,FLIP: Destroys 1 monster on the field (regardless of position).
22652,Man-Eater Bug,Man Eater Bug,https://tcgplayer-cdn.tcgplayer.com/product/22652_200w.jpg,2,298,https://cpt.tcgcsv.com/35c,2013-05-09T12:13:41.653,1,SDY-046,Common,EARTH,Insect,Effect Monster,450,600,1.48,2.39,6.99,2.29,,1st Edition,FLIP: Destroys 1 monster on the field (regardless of position).
22653,Reverse Trap,Reverse Trap,https://tcgplayer-cdn.tcgplayer.com/product/22653_200w.jpg,2,298,https://cpt.tcgcsv.com/55c,2013-05-09T12:13:41.653,1,SDY-047,Common,TRAP,,Normal Trap,0,0,0.12,0.23,1.98,0.2,,Unlimited,All increases and decreases to ATK and DEF are reversed for the turn in which this card is activated.
22653,Reverse Trap,Reverse Trap,https://tcgplayer-cdn.tcgplayer.com/product/22653_200w.jpg,2,298,https://cpt.tcgcsv.com/55c,2013-05-09T12:13:41.653,1,SDY-047,Common,TRAP,,Normal Trap,0,0,0.69,1.2,3.99,1.21,,1st Edition,All increases and decreases to ATK and DEF are reversed for the turn in which this card is activated.
22654,Remove Trap,Remove Trap,https://tcgplayer-cdn.tcgplayer.com/product/22654_200w.jpg,2,298,https://cpt.tcgcsv.com/65c,2013-05-09T12:13:41.653,1,SDY-048,Common,SPELL,,Normal Spell,0,0,0.07,0.27,1.98,0.25,,Unlimited,Destroys 1 face-up Trap Card on the field.
22654,Remove Trap,Remove Trap,https://tcgplayer-cdn.tcgplayer.com/product/22654_200w.jpg,2,298,https://cpt.tcgcsv.com/65c,2013-05-09T12:13:41.653,1,SDY-048,Common,SPELL,,Normal Spell,0,0,0.99,1.99,4.99,1.98,,1st Edition,Destroys 1 face-up Trap Card on the field.
22655,Castle Walls,Castle Walls,https://tcgplayer-cdn.tcgplayer.com/product/22655_200w.jpg,2,298,https://cpt.tcgcsv.com/75c,2013-05-09T12:13:41.653,1,SDY-049,Common,TRAP,,Normal Trap,0,0,0.1,0.25,1.98,0.25,,Unlimited,Increase a selected monster's DEF by 500 points during the turn this card is activated.
22655,Castle Walls,Castle Walls,https://tcgplayer-cdn.tcgplayer.com/product/22655_200w.jpg,2,298,https://cpt.tcgcsv.com/75c,2013-05-09T12:13:41.653,1,SDY-049,Common,TRAP,,Normal Trap,0,0,1.0,3.37,4.99,3.33,,1st Edition,Increase a selected monster's DEF by 500 points during the turn this card is activated.
22656,Ultimate Offering,Ultimate Offering,https://tcgplayer-cdn.tcgplayer.com/product/22656_200w.jpg,2,298,https://cpt.tcgcsv.com/85c,2013-05-09T12:13:41.653,1,SDY-050,Common,TRAP,,Continuous Trap,0,0,0.15,0.4,2.55,0.3,,Unlimited,"At the cost of 500 Life Points per monster, a player is allowed  an extra Normal Summon or Set."
22656,Ultimate Offering,Ultimate Offering,https://tcgplayer-cdn.tcgplayer.com/product/22656_200w.jpg,2,298,https://cpt.tcgcsv.com/85c,2013-05-09T12:13:41.653,1,SDY-050,Common,TRAP,,Continuous Trap,0,0,2.5,6.73,12.99,2.45,,1st Edition,"At the cost of 500 Life Points per monster, a player is allowed  an extra Normal Summon or Set."
153326,Starter Deck: Yugi [1st Edition North American English],Starter Deck Yugi 1st Edition North American English,https://tcgplayer-cdn.tcgplayer.com/product/153326_200w.jpg,2,298,https://cpt.tcgcsv.com/xlf2,2018-11-07T14:18:54.713,1,,,,,,,,1900.0,2450.0,3000.0,,,Normal,"In the North American English, each Starter Deck: Yugi contains 50 cards in total. The number of card of each rarity are as follows:
<br>
<br>• 1 Ultra Rare
<br>• 2 Super Rares
<br>• 47 Commons"
153327,Starter Deck: Yugi [Unlimited Edition North American English],Starter Deck Yugi Unlimited Edition North American English,https://tcgplayer-cdn.tcgplayer.com/product/153327_200w.jpg,2,298,https://cpt.tcgcsv.com/zlf2,2017-12-20T16:32:48.417,1,,,,,,,,,,,,,,"In the North American English, each Starter Deck: Yugi contains 50 cards in total. The number of card of each rarity are as follows:
<br>
<br>• 1 Ultra Rare
<br>• 2 Super Rares
<br>• 47 Commons"
228257,Summoned Skull (Sample Promo),Summoned Skull Sample Promo,https://tcgplayer-cdn.tcgplayer.com/product/228257_200w.jpg,2,298,https://cpt.tcgcsv.com/9kR2,2022-10-13T17:23:05.557,2,SDY-004,Common,DARK,Fiend,Normal Monster,2500,1200,,,,,,,"<em>A fiend with dark powers for confusing the enemy. Among the Fiend-Type monsters, this monster boasts considerable force.</em>"
259585,Yugi/Kaiba Starter Deck Display [1st Edition],Yugi Kaiba Starter Deck Display 1st Edition,https://tcgplayer-cdn.tcgplayer.com/product/259585_200w.jpg,2,298,https://cpt.tcgcsv.com/KR53,2022-10-13T17:24:20.313,1,,,,,,,,,,,,,,"Each display contains 10 starter decks:
<br>• 5 Starter Deck: Yugi
<br>• 5 Starter Deck: Kaiba"
259586,Yugi/Kaiba Starter Deck Display [Unlimited Edition],Yugi Kaiba Starter Deck Display Unlimited Edition,https://tcgplayer-cdn.tcgplayer.com/product/259586_200w.jpg,2,298,https://cpt.tcgcsv.com/LR53,2022-10-13T17:24:29.61,1,,,,,,,,,,,,,,"Each display contains 10 starter decks:
<br>• 5 Starter Deck: Yugi
<br>• 5 Starter Deck: Kaiba"
