productId,name,cleanName,imageUrl,categoryId,groupId,url,modifiedOn,imageCount,extDescription,lowPrice,midPrice,highPrice,marketPrice,directLowPrice,subTypeName,extNumber,extRarity,extAttribute,extMonsterType,extCardType,extAttack,extDefense,extLinkRating,extLinkArrows
184335,The Infinity Chasers Booster Box,The Infinity Chasers Booster Box,https://tcgplayer-cdn.tcgplayer.com/product/184335_200w.jpg,2,2398,https://cpt.tcgcsv.com/KLt2,2019-01-31T17:46:22.283,1,Each booster box contains 24 packs of 5 random cards.,99.9,117.97,129.99,112.73,,Normal,,,,,,,,,
184336,The Infinity Chasers Booster Pack,The Infinity Chasers Booster Pack,https://tcgplayer-cdn.tcgplayer.com/product/184336_200w.jpg,2,2398,https://cpt.tcgcsv.com/LLt2,2019-01-31T17:46:14.903,1,Each booster pack contains 5 random cards.,3.75,5.73,8.73,5.0,,Normal,,,,,,,,,
186368,Infinitrack Harvester,Infinitrack Harvester,https://tcgplayer-cdn.tcgplayer.com/product/186368_200w.jpg,2,2398,https://cpt.tcgcsv.com/nzv2,2019-03-22T14:38:22.977,1,"If this card is Normal or Special Summoned: You can add 1 ""Infinitrack"" monster from your Deck to your hand, except ""Infinitrack Harvester"". You can target 1 other Machine monster you control; the Levels of both that monster and this card become the combined original Levels of those 2 monsters, until the end of this turn. You can only use each effect of ""Infinitrack Harvester"" once per turn.",3.99,6.25,30.0,5.47,,1st Edition,INCH-EN001,Secret Rare,EARTH,Machine,Effect Monster,0,2100,,
186369,Infinitrack Anchor Drill,Infinitrack Anchor Drill,https://tcgplayer-cdn.tcgplayer.com/product/186369_200w.jpg,2,2398,https://cpt.tcgcsv.com/pzv2,2019-03-22T14:37:29.55,1,"If this card is Normal or Special Summoned: You can Special Summon 1 EARTH Machine monster from your hand in Defense Position, except ""Infinitrack Anchor Drill"". You can target 1 other Machine monster you control; the Levels of both that monster and this card become the combined original Levels of those 2 monsters, until the end of this turn. You can only use each effect of ""Infinitrack Anchor Drill"" once per turn.",1.68,2.99,49.49,2.22,,1st Edition,INCH-EN002,Secret Rare,EARTH,Machine,Effect Monster,1800,500,,
186370,Infinitrack Crab Crane,Infinitrack Crab Crane,https://tcgplayer-cdn.tcgplayer.com/product/186370_200w.jpg,2,2398,https://cpt.tcgcsv.com/qzv2,2025-05-15T20:39:12.547,1,"You can Tribute 1 EARTH Machine monster; Special Summon this card from your hand in Defense Position. You can banish 1 Machine monster from your GY; add 1 ""Outrigger Extension"" from your Deck to your hand. You can only use each effect of ""Infinitrack Crab Crane"" once per turn.",0.1,0.31,1.5,0.31,,1st Edition,INCH-EN003,Super Rare,EARTH,Machine,Effect Monster,2100,500,,
186371,Infinitrack Drag Shovel,Infinitrack Drag Shovel,https://tcgplayer-cdn.tcgplayer.com/product/186371_200w.jpg,2,2398,https://cpt.tcgcsv.com/rzv2,2025-05-15T20:39:12.593,1,"You can Tribute 1 EARTH Machine monster; Special Summon this card from your hand in Defense Position. You can banish 1 Machine monster from your GY; add 1 ""Spin Turn"" from your Deck to your hand. You can only use each effect of ""Infinitrack Drag Shovel"" once per turn.",0.05,0.25,1.5,0.14,,1st Edition,INCH-EN004,Super Rare,EARTH,Machine,Effect Monster,1500,2100,,
186372,Infinitrack Trencher,Infinitrack Trencher,https://tcgplayer-cdn.tcgplayer.com/product/186372_200w.jpg,2,2398,https://cpt.tcgcsv.com/szv2,2025-05-15T20:39:12.637,1,"You can Tribute 1 EARTH Machine monster; Special Summon this card from your hand in Defense Position. You can banish this card from your GY, then target 1 Level 5 or lower ""Infinitrack"" monster in your GY, except ""Infinitrack Trencher""; Special Summon that monster in Defense Position. You can only use each effect of ""Infinitrack Trencher"" once per turn.",0.23,0.54,2.79,0.53,,1st Edition,INCH-EN005,Secret Rare,EARTH,Machine,Effect Monster,500,2400,,
186373,Infinitrack Tunneller,Infinitrack Tunneller,https://tcgplayer-cdn.tcgplayer.com/product/186373_200w.jpg,2,2398,https://cpt.tcgcsv.com/tzv2,2024-01-03T05:50:48.47,1,"You can Tribute 1 EARTH Machine monster; Special Summon this card from your hand in Defense Position. You can banish this card from your GY, then target 5 EARTH Machine monsters in your GY; shuffle them into the Deck, then draw 2 cards. You can only use each effect of ""Infinitrack Tunneller"" once per turn.",0.34,0.75,2.93,0.51,,1st Edition,INCH-EN006,Super Rare,EARTH,Machine,Effect Monster,2200,500,,
186374,Infinitrack River Stormer,Infinitrack River Stormer,https://tcgplayer-cdn.tcgplayer.com/product/186374_200w.jpg,2,2398,https://cpt.tcgcsv.com/vzv2,2025-05-15T20:39:12.67,1,"2 Level 5 monsters
<br> When this card destroys an opponent's monster by battle: You can attach that monster to this card as material. You can only use each of the following effects of ""Infinitrack River Stormer"" once per turn.
<br>• You can detach 1 material from this card; take 1 EARTH Machine monster from your Deck, and either add it to your hand or send it to the GY.
<br>• If this card is in your GY: You can Tribute 1 Machine Link Monster; Special Summon this card in Defense Position.",4.0,5.53,29.99,4.83,,1st Edition,INCH-EN007,Secret Rare,EARTH,Machine,Xyz/Effect Monster,2500,500,,
186375,Infinitrack Mountain Smasher,Infinitrack Mountain Smasher,https://tcgplayer-cdn.tcgplayer.com/product/186375_200w.jpg,2,2398,https://cpt.tcgcsv.com/wzv2,2019-09-02T14:20:01.08,1,"2 Level 7 monsters
<br>When this card destroys an opponent's monster by battle: You can attach that monster to this card as material. You can only use each of the following effects of ""Infinitrack Mountain Smasher"" once per turn.
<br>• You can detach 1 material from this card; it gains 1000 ATK.
<br>• If this card is in your GY: You can Tribute 1 Machine Link Monster; Special Summon this card in Defense Position.",0.1,0.3,2.0,0.17,,1st Edition,INCH-EN008,Super Rare,EARTH,Machine,Xyz/Effect Monster,2100,3100,,
186376,Infinitrack Earth Slicer,Infinitrack Earth Slicer,https://tcgplayer-cdn.tcgplayer.com/product/186376_200w.jpg,2,2398,https://cpt.tcgcsv.com/xzv2,2023-02-12T09:01:03.373,1,"2 Level 9 monsters
<br>When this card destroys an opponent's monster by battle: You can attach that monster to this card as material. You can only use each of the following effects of ""Infinitrack Earth Slicer"" once per turn.
<br>• You can detach any number of materials from this card, then target that many cards on the field; destroy them.
<br>• If this card is in your GY: You can Tribute 1 Machine Link Monster; Special Summon this card in Defense Position.",0.25,1.12,4.99,0.81,,1st Edition,INCH-EN009,Secret Rare,EARTH,Machine,Xyz/Effect Monster,3100,2100,,
186377,Infinitrack Goliath,Infinitrack Goliath,https://tcgplayer-cdn.tcgplayer.com/product/186377_200w.jpg,2,2398,https://cpt.tcgcsv.com/zzv2,2023-01-13T19:33:12.163,1,"1 non-Link ""Infinitrack"" monster
<br>If this card is sent from the field to the GY: You can target 1 Xyz Monster you control; attach this card to that monster as material. You can only use this effect of ""Infinitrack Goliath"" once per turn. An Xyz Monster whose original Type is Machine and has this card as material gains this effect.
<br>• This card cannot be destroyed by card effects.",0.25,0.63,5.48,0.53,0.67,1st Edition,INCH-EN010,Super Rare,EARTH,Machine,Link/Effect Monster,1000,,1,Bottom-Right
186378,Infinitrack Fortress Megaclops,Infinitrack Fortress Megaclops,https://tcgplayer-cdn.tcgplayer.com/product/186378_200w.jpg,2,2398,https://cpt.tcgcsv.com/Bzv2,2019-03-22T14:37:37.213,1,"3 Xyz Monsters
<br>Unaffected by other monsters' effects, except those of Xyz Monsters. Cannot be destroyed by battle, except with an Xyz Monster. You can target 1 Xyz Monster in your GY and 1 card your opponent controls; Special Summon that monster from your GY, and if you do, attach that opponent's card to it as material, also for the rest of this turn, any damage your opponent takes is halved. You can only use this effect of ""Infinitrack Fortress Megaclops"" once per turn.",0.45,1.65,19.98,0.9,2.12,1st Edition,INCH-EN011,Secret Rare,EARTH,Machine,Link/Effect Monster,4000,,3,Bottom-Right;Bottom-Left;Right
186379,Outrigger Extension,Outrigger Extension,https://tcgplayer-cdn.tcgplayer.com/product/186379_200w.jpg,2,2398,https://cpt.tcgcsv.com/Czv2,2019-03-22T15:10:12.483,1,"Your opponent cannot target Machine Xyz Monsters you control with card effects. Once per turn: You can target 1 ""Infinitrack"" Xyz Monster you control; Special Summon from your Extra Deck, 1 Machine monster that is 2 Ranks higher than that target, by using that target as material, also you cannot Special Summon monsters for the rest of this turn, except EARTH Machine monsters (even if this card leaves the field). (This is treated as an Xyz Summon. Transfer its materials to the Summoned monster.)",0.1,0.4,1.49,0.15,,1st Edition,INCH-EN012,Super Rare,SPELL,,Continuous Spell,,,,
186380,Spin Turn,Spin Turn,https://tcgplayer-cdn.tcgplayer.com/product/186380_200w.jpg,2,2398,https://cpt.tcgcsv.com/Dzv2,2025-05-15T20:39:12.713,1,"Activate 1 of the following effects.
<br>• Target 1 EARTH Machine Xyz Monster you control in Attack Position and 1 monster your opponent controls; change the battle position of your monster, and if you do, destroy that opponent's monster.
<br>• Target 1 EARTH Machine Xyz Monster you control in Defense Position and 1 Spell/Trap your opponent controls; change the battle position of your monster, and if you do, destroy that opponent's Spell/Trap.",0.05,0.25,1.49,0.16,,1st Edition,INCH-EN013,Super Rare,TRAP,,Normal Trap,,,,
186381,Witchcrafter Potterie,Witchcrafter Potterie,https://tcgplayer-cdn.tcgplayer.com/product/186381_200w.jpg,2,2398,https://cpt.tcgcsv.com/Fzv2,2025-05-15T20:39:12.76,1,"During the Main Phase (Quick Effect): You can Tribute this card, then discard 1 Spell; Special Summon 1 ""Witchcrafter"" monster from your Deck, except ""Witchcrafter Potterie"". If you have no cards in your hand: You can banish this card from your GY, then target 1 ""Witchcrafter"" card in your GY; add it to your hand. You can only use each effect of ""Witchcrafter Potterie"" once per turn.",0.1,0.4,1.49,0.27,,1st Edition,INCH-EN014,Super Rare,EARTH,Spellcaster,Effect Monster,0,2000,,
186382,Witchcrafter Pittore,Witchcrafter Pittore,https://tcgplayer-cdn.tcgplayer.com/product/186382_200w.jpg,2,2398,https://cpt.tcgcsv.com/Gzv2,2023-08-26T14:49:06.997,1,"During the Main Phase (Quick Effect): You can Tribute this card, then discard 1 Spell; Special Summon 1 ""Witchcrafter"" monster from your Deck, except ""Witchcrafter Pittore"". You can banish this card from your GY; draw 1 card, then send 1 ""Witchcrafter"" card from your hand to the GY, or, if you have none, banish your entire hand. You can only use each effect of ""Witchcrafter Pittore"" once per turn.",1.15,1.55,11.79,1.49,1.32,1st Edition,INCH-EN015,Secret Rare,WATER,Spellcaster,Effect Monster,1000,1500,,
186383,Witchcrafter Schmietta,Witchcrafter Schmietta,https://tcgplayer-cdn.tcgplayer.com/product/186383_200w.jpg,2,2398,https://cpt.tcgcsv.com/Hzv2,2019-03-22T15:15:54.703,1,"During the Main Phase (Quick Effect): You can Tribute this card, then discard 1 Spell; Special Summon 1 ""Witchcrafter"" monster from your Deck, except ""Witchcrafter Schmietta"". You can banish this card from your GY; send 1 ""Witchcrafter"" card from your Deck to the GY, except ""Witchcrafter Schmietta"". You can only use each effect of ""Witchcrafter Schmietta"" once per turn.",0.2,0.6,3.94,0.47,,1st Edition,INCH-EN016,Super Rare,FIRE,Spellcaster,Effect Monster,1800,600,,
186384,Witchcrafter Edel,Witchcrafter Edel,https://tcgplayer-cdn.tcgplayer.com/product/186384_200w.jpg,2,2398,https://cpt.tcgcsv.com/Jzv2,2019-03-22T15:15:48.573,1,"(Quick Effect): You can discard 1 Spell; Special Summon 1 ""Witchcrafter"" monster from your hand, except ""Witchcrafter Edel"". You can Tribute this card, then target 1 Spellcaster monster in your GY, except ""Witchcrafter Edel""; Special Summon it. You can only use each effect of ""Witchcrafter Edel"" once per turn.",0.74,1.09,5.95,1.1,,1st Edition,INCH-EN017,Super Rare,LIGHT,Spellcaster,Effect Monster,2000,2300,,
186385,Witchcrafter Haine,Witchcrafter Haine,https://tcgplayer-cdn.tcgplayer.com/product/186385_200w.jpg,2,2398,https://cpt.tcgcsv.com/Kzv2,2024-03-14T05:28:28.723,1,"Your opponent cannot target other Spellcaster monsters you control with card effects. (Quick Effect): You can discard 1 Spell, then target 1 face-up card your opponent controls; destroy it. You can only use this effect of ""Witchcrafter Haine"" once per turn.",0.2,0.6,10.88,0.4,,1st Edition,INCH-EN018,Super Rare,DARK,Spellcaster,Effect Monster,2400,1000,,
186386,Witchcrafter Madame Verre,Witchcrafter Madame Verre,https://tcgplayer-cdn.tcgplayer.com/product/186386_200w.jpg,2,2398,https://cpt.tcgcsv.com/Lzv2,2019-03-22T15:16:06.783,1,"During damage calculation, if your Spellcaster monster battles an opponent's monster (Quick Effect): You can reveal any number of Spells with different names in your hand, and if you do, your battling monster gains 1000 ATK/DEF for each card revealed, until the end of this turn. (Quick Effect): You can discard 1 Spell; negate the effects of all face-up monsters your opponent currently controls, until the end of this turn. You can only use each effect of ""Witchcrafter Madame Verre"" once per turn.",7.66,12.99,28.99,7.62,7.69,1st Edition,INCH-EN019,Secret Rare,LIGHT,Spellcaster,Effect Monster,1000,2800,,
186387,Witchcrafter Creation,Witchcrafter Creation,https://tcgplayer-cdn.tcgplayer.com/product/186387_200w.jpg,2,2398,https://cpt.tcgcsv.com/Mzv2,2023-03-18T14:11:38.6,1,"Add 1 ""Witchcrafter"" monster from your Deck to your hand. During your End Phase, if you control a ""Witchcrafter"" monster, while this card is in your GY: You can add this card to your hand. You can only use 1 ""Witchcrafter Creation"" effect per turn, and only once that turn.",4.72,6.97,21.99,4.5,,1st Edition,INCH-EN020,Secret Rare,SPELL,,Normal Spell,,,,
186388,Witchcrafter Holiday,Witchcrafter Holiday,https://tcgplayer-cdn.tcgplayer.com/product/186388_200w.jpg,2,2398,https://cpt.tcgcsv.com/Nzv2,2019-03-22T15:16:10.9,1,"Target 1 ""Witchcrafter"" monster in your GY; Special Summon it. During your End Phase, if you control a ""Witchcrafter"" monster, while this card is in your GY: You can add this card to your hand. You can only use 1 ""Witchcrafter Holiday"" effect per turn, and only once that turn.",1.0,1.63,9.4,1.48,,1st Edition,INCH-EN021,Secret Rare,SPELL,,Normal Spell,,,,
186389,Witchcrafter Collaboration,Witchcrafter Collaboration,https://tcgplayer-cdn.tcgplayer.com/product/186389_200w.jpg,2,2398,https://cpt.tcgcsv.com/Pzv2,2019-03-22T15:10:21.853,1,"Target 1 ""Witchcrafter"" monster you control; it can make a second attack during each Battle Phase this turn, also, if it attacks this turn, your opponent cannot activate Spell/Trap Cards until the end of the Damage Step. During your End Phase, if you control a ""Witchcrafter"" monster, while this card is in your GY: You can add this card to your hand. You can only use 1 ""Witchcrafter Collaboration"" effect per turn, and only once that turn.",0.32,0.75,2.49,0.64,0.39,1st Edition,INCH-EN022,Super Rare,SPELL,,Normal Spell,,,,
186390,Witchcrafter Draping,Witchcrafter Draping,https://tcgplayer-cdn.tcgplayer.com/product/186390_200w.jpg,2,2398,https://cpt.tcgcsv.com/Qzv2,2025-05-15T20:39:12.807,1,"Target Spells/Traps your opponent controls, up to the number of ""Witchcrafter"" monsters you control; return those targeted cards to the hand. During your End Phase, if you control a ""Witchcrafter"" monster, while this card is in your GY: You can add this card to your hand. You can only use 1 ""Witchcrafter Draping"" effect per turn, and only once that turn.",0.24,0.5,1.56,0.47,,1st Edition,INCH-EN023,Super Rare,SPELL,,Quick-Play Spell,,,,
186391,Witchcrafter Bystreet,Witchcrafter Bystreet,https://tcgplayer-cdn.tcgplayer.com/product/186391_200w.jpg,2,2398,https://cpt.tcgcsv.com/Rzv2,2019-03-22T15:10:28.93,1,"The first time each ""Witchcrafter"" monster you control would be destroyed each turn, by battle or card effect, it is not destroyed. You can only use 1 of the following effects of ""Witchcrafter Bystreet"" per turn, and only once that turn.
<br>• If a ""Witchcrafter"" monster you control would discard to activate an effect, you can send this card from your field to the GY instead.
<br>• During your End Phase, if you control a ""Witchcrafter"" monster, while this card is in your GY: You can place this card face-up in your Spell & Trap Zone.",0.4,0.98,2.99,0.82,0.94,1st Edition,INCH-EN024,Secret Rare,SPELL,,Continuous Spell,,,,
186392,Witchcrafter Scroll,Witchcrafter Scroll,https://tcgplayer-cdn.tcgplayer.com/product/186392_200w.jpg,2,2398,https://cpt.tcgcsv.com/Szv2,2025-05-15T20:39:12.853,1,"Once per turn, when your Spellcaster monster destroys a monster by battle: You can draw 1 card. You can only use 1 of the following effects of ""Witchcrafter Scroll"" per turn, and only once that turn.
<br>• If a ""Witchcrafter"" monster you control would discard to activate an effect, you can send this card from your field to the GY instead.
<br>• During your End Phase, if you control a ""Witchcrafter"" monster, while this card is in your GY: You can place this card face-up in your Spell & Trap Zone.",0.29,0.69,3.45,0.56,,1st Edition,INCH-EN025,Secret Rare,SPELL,,Continuous Spell,,,,
186393,Witchcrafter Masterpiece,Witchcrafter Masterpiece,https://tcgplayer-cdn.tcgplayer.com/product/186393_200w.jpg,2,2398,https://cpt.tcgcsv.com/Tzv2,2019-03-22T15:16:02.737,1,"If you control a ""Witchcrafter"" monster: Target 1 Spell in either GY; add 1 card with the same name from your Deck to your hand. During either player's turn, except the turn this card was sent to the GY: You can banish this card and any number of Spells from your GY; Special Summon 1 ""Witchcrafter"" monster from your Deck whose Level equals the number of Spells banished to activate this effect. You can only use each effect of ""Witchcrafter Masterpiece"" once per turn.",0.1,0.35,2.0,0.28,,1st Edition,INCH-EN026,Super Rare,SPELL,,Normal Trap,,,,
186394,"Serziel, Watcher of the Evil Eye",Serziel Watcher of the Evil Eye,https://tcgplayer-cdn.tcgplayer.com/product/186394_200w.jpg,2,2398,https://cpt.tcgcsv.com/Vzv2,2022-09-14T19:36:56.1,1,"When this card is Normal Summoned: You can add 1 ""Evil Eye"" card from your Deck to your hand, except ""Serziel, Watcher of the Evil Eye"". If this card is equipped with ""Evil Eye of Selene"" (Quick Effect): You can target 1 Special Summoned monster your opponent controls; destroy it. You can only use this effect of ""Serziel, Watcher of the Evil Eye"" once per turn. Once per turn, during the next Standby Phase after this effect was activated: Destroy 1 card you control.",3.43,5.04,30.0,5.04,,1st Edition,INCH-EN027,Secret Rare,DARK,Fiend,Effect Monster,1600,1400,,
186395,"Medusa, Watcher of the Evil Eye",Medusa Watcher of the Evil Eye,https://tcgplayer-cdn.tcgplayer.com/product/186395_200w.jpg,2,2398,https://cpt.tcgcsv.com/Wzv2,2019-03-22T15:10:35.863,1,"When this card is Normal Summoned: You can target 1 ""Evil Eye"" card in your GY, except ""Medusa, Watcher of the Evil Eye""; add it to your hand. If this card is equipped with ""Evil Eye of Selene"" (Quick Effect): You can target 1 monster in your opponent's GY; banish it. You can only use this effect of ""Medusa, Watcher of the Evil Eye"" once per turn. Once per turn, during the next Standby Phase after this effect was activated: Banish 1 card in your GY.",0.23,0.68,5.88,0.46,,1st Edition,INCH-EN028,Super Rare,DARK,Fiend,Effect Monster,1400,1600,,
186396,"Catoblepas, Familiar of the Evil Eye",Catoblepas Familiar of the Evil Eye,https://tcgplayer-cdn.tcgplayer.com/product/186396_200w.jpg,2,2398,https://cpt.tcgcsv.com/Xzv2,2019-03-22T14:37:13.617,1,"You can target 1 ""Evil Eye"" Spell/Trap you control; once, until the end of the next turn, that card cannot be destroyed by your opponent's card effects. If you control an ""Evil Eye"" monster other than ""Catoblepas, Familiar of the Evil Eye"", while this card is in your GY: You can Special Summon this card, but banish it when it leaves the field. You can only use each effect of ""Catoblepas, Familiar of the Evil Eye"" once per turn.",0.09,0.28,1.53,0.2,0.25,1st Edition,INCH-EN029,Super Rare,DARK,Fiend,Effect Monster,600,1900,,
186397,"Basilius, Familiar of the Evil Eye",Basilius Familiar of the Evil Eye,https://tcgplayer-cdn.tcgplayer.com/product/186397_200w.jpg,2,2398,https://cpt.tcgcsv.com/Zzv2,2025-05-15T20:39:12.897,1,"If you control an ""Evil Eye"" monster, you can Special Summon this card (from your hand). You can only Special Summon ""Basilius, Familiar of the Evil Eye"" once per turn this way. During your Main Phase: You can send 1 ""Evil Eye"" Spell/Trap from your Deck to the GY. You can only use this effect of ""Basilius, Familiar of the Evil Eye"" once per turn.",0.1,0.33,4.99,0.19,,1st Edition,INCH-EN030,Super Rare,DARK,Fiend,Effect Monster,400,2000,,
186398,"Zerrziel, Ruler of the Evil Eyed",Zerrziel Ruler of the Evil Eyed,https://tcgplayer-cdn.tcgplayer.com/product/186398_200w.jpg,2,2398,https://cpt.tcgcsv.com/-zv2,2019-03-22T15:16:00.303,1,"2+ ""Evil Eye"" monsters
<br>If this card was Link Summoned using a monster with 2600 or higher ATK as material, it can make a second attack during each Battle Phase. If this card is equipped with ""Evil Eye of Selene"" (Quick Effect): You can target 1 card your opponent controls; destroy it. You can only use this effect of ""Zerrziel, Ruler of the Evil Eyed"" once per turn. Once per turn, during the next Standby Phase after this effect was activated: Negate the effect of 1 Effect Monster this card currently points to.",0.35,0.96,9.99,0.53,0.85,1st Edition,INCH-EN031,Secret Rare,DARK,Fiend,Link/Effect Monster,2600,,3,Bottom-Right;Bottom-Left;Top
186399,Evil Eye of Selene,Evil Eye of Selene,https://tcgplayer-cdn.tcgplayer.com/product/186399_200w.jpg,2,2398,https://cpt.tcgcsv.com/_zv2,2022-05-08T11:16:55.447,1,"Equip only to an ""Evil Eye"" monster. It cannot be destroyed by battle or your opponent's card effects, also your opponent cannot target it with card effects. Each time you activate the equipped monster's effect, or you activate another ""Evil Eye"" Spell/Trap Card: The equipped monster gains 500 ATK, and if it does, you lose 500 LP. (This ATK gain remains even if this card leaves the field.) If this card is in your GY: You can pay 1000 LP, then banish 1 ""Evil Eye"" Spell/Trap from your GY, except ""Evil Eye of Selene""; Set this card. You can only use this effect of ""Evil Eye of Selene"" once per turn.",0.23,0.64,5.0,0.44,0.5,1st Edition,INCH-EN032,Secret Rare,SPELL,,Equip Spell,,,,
186400,Evil Eye Domain - Pareidolia,Evil Eye Domain Pareidolia,https://tcgplayer-cdn.tcgplayer.com/product/186400_200w.jpg,2,2398,https://cpt.tcgcsv.com/0Bv2,2019-03-22T14:37:17.443,1,"When this card is activated: You can add 1 ""Evil Eye"" monster from your Deck to your hand. Once per turn, during damage calculation, if your ""Evil Eye"" monster is attacked, while ""Evil Eye of Selene"" is in your Spell & Trap Zone: You can make the battle damage you take from this battle also inflicted to your opponent. If this card in the Field Zone is destroyed by card effect: You can target 1 ""Evil Eye"" monster in your GY; add it to your hand. You can only activate 1 ""Evil Eye Domain - Pareidolia"" per turn.",0.48,0.82,10.0,0.78,0.82,1st Edition,INCH-EN033,Secret Rare,SPELL,,Field Spell,,,,
186401,Evil Eye Awakening,Evil Eye Awakening,https://tcgplayer-cdn.tcgplayer.com/product/186401_200w.jpg,2,2398,https://cpt.tcgcsv.com/2Bv2,2025-05-15T20:39:12.943,1,"Special Summon 1 ""Evil Eye"" monster from your hand or GY, or, if ""Evil Eye of Selene"" is in your Spell & Trap Zone, you can Special Summon 1 ""Evil Eye"" monster from your Deck instead. You can only activate 1 ""Evil Eye Awakening"" per turn.",0.1,0.44,2.99,0.31,,1st Edition,INCH-EN034,Secret Rare,SPELL,,Normal Spell,,,,
186402,Evil Eye Confrontation,Evil Eye Confrontation,https://tcgplayer-cdn.tcgplayer.com/product/186402_200w.jpg,2,2398,https://cpt.tcgcsv.com/3Bv2,2025-05-15T20:39:12.99,1,"If you control an ""Evil Eye"" monster: Target 1 Spell/Trap your opponent controls; destroy it, and if you do, and ""Evil Eye of Selene"" is in your Spell & Trap Zone, banish that destroyed card. You can only activate 1 ""Evil Eye Confrontation"" per turn.",0.08,0.29,1.53,0.18,,1st Edition,INCH-EN035,Super Rare,SPELL,,Quick-Play Spell,,,,
186403,Evil Eye Repose,Evil Eye Repose,https://tcgplayer-cdn.tcgplayer.com/product/186403_200w.jpg,2,2398,https://cpt.tcgcsv.com/5Bv2,2025-05-15T20:39:13.037,1,"When you activate this card: You can banish 1 ""Evil Eye"" card from your GY; draw 1 card. Once per turn, after damage calculation, if your ""Evil Eye"" monster equipped with ""Evil Eye of Selene"" attacked an opponent's monster: You can banish that opponent's monster. If this card in the Spell & Trap Zone is destroyed by card effect: You can target up to 3 of your banished ""Evil Eye"" cards; return them to the GY. You can only activate 1 ""Evil Eye Repose"" per turn.",0.14,0.4,2.99,0.28,,1st Edition,INCH-EN036,Secret Rare,SPELL,,Continuous Spell,,,,
186404,Evil Eye Defeat,Evil Eye Defeat,https://tcgplayer-cdn.tcgplayer.com/product/186404_200w.jpg,2,2398,https://cpt.tcgcsv.com/6Bv2,2019-03-22T14:37:54.547,1,"If you control an ""Evil Eye"" monster: Target 1 monster on the field, or up to 2 instead if ""Evil Eye of Selene"" is in your Spell & Trap Zone; return them to the hand. You can only activate 1 ""Evil Eye Defeat"" per turn.",0.15,0.5,1.57,0.38,0.45,1st Edition,INCH-EN037,Super Rare,TRAP,,Normal Trap,,,,
186405,Evil Eye Mesmerism,Evil Eye Mesmerism,https://tcgplayer-cdn.tcgplayer.com/product/186405_200w.jpg,2,2398,https://cpt.tcgcsv.com/7Bv2,2025-05-15T20:39:13.083,1,"When your opponent Special Summons a monster(s): Activate this card by targeting 1 of those Summoned monsters in Attack Position, with less ATK than an ""Evil Eye"" monster you control; take control of that monster. When that monster leaves the field, destroy this card. While ""Evil Eye of Selene"" is in your Spell & Trap Zone, that targeted monster is also treated as an ""Evil Eye"" monster. You can only activate 1 ""Evil Eye Mesmerism"" per turn.",0.1,0.4,2.99,0.27,,1st Edition,INCH-EN038,Secret Rare,TRAP,,Continuous Trap,,,,
186406,Evil Eye Retribution,Evil Eye Retribution,https://tcgplayer-cdn.tcgplayer.com/product/186406_200w.jpg,2,2398,https://cpt.tcgcsv.com/8Bv2,2025-05-15T20:39:13.127,1,"When a Spell/Trap Card is activated, while you control an ""Evil Eye"" monster: Negate the activation, and if you do, destroy it. If ""Evil Eye of Selene"" is in your Spell & Trap Zone, this card's activation and effect cannot be negated. You can only activate 1 ""Evil Eye Retribution"" per turn.",0.15,0.5,2.99,0.35,,1st Edition,INCH-EN039,Secret Rare,TRAP,,Counter Trap,,,,
186407,"Confronting the ""C""",Confronting the C,https://tcgplayer-cdn.tcgplayer.com/product/186407_200w.jpg,2,2398,https://cpt.tcgcsv.com/9Bv2,2019-03-22T14:37:35.17,1,"When your opponent Special Summons a monster(s) from the Extra Deck (except during the Damage Step): You can Special Summon this card from your hand. If you do, this card is unaffected by monster effects that target this card.",0.06,0.25,1.7,0.19,,1st Edition,INCH-EN040,Super Rare,EARTH,Insect,Effect Monster,1100,2500,,
186408,Juragedo,Juragedo,https://tcgplayer-cdn.tcgplayer.com/product/186408_200w.jpg,2,2398,https://cpt.tcgcsv.com/bBv2,2025-05-15T20:39:13.173,1,"During the Battle Step (Quick Effect): You can Special Summon this card from your hand, and if you do, gain 1000 LP. You can only use this effect of ""Juragedo"" once per turn. (Quick Effect): You can Tribute this card, then target 1 face-up monster you control; it gains 1000 ATK until the end of the next turn.",0.1,0.45,1.8,0.32,,1st Edition,INCH-EN041,Super Rare,DARK,Fiend,Effect Monster,1700,1300,,
186409,Hidden Armory,Hidden Armory,https://tcgplayer-cdn.tcgplayer.com/product/186409_200w.jpg,2,2398,https://cpt.tcgcsv.com/cBv2,2025-05-15T20:39:13.22,1,Send the top card of your Deck to the GY; add 1 Equip Spell from your Deck or GY to your hand. You cannot Normal Summon/Set the turn you activate this card.,0.36,0.82,2.0,0.82,,1st Edition,INCH-EN042,Super Rare,SPELL,,Normal Spell,,,,
186410,Secret Village of the Spellcasters,Secret Village of the Spellcasters,https://tcgplayer-cdn.tcgplayer.com/product/186410_200w.jpg,2,2398,https://cpt.tcgcsv.com/dBv2,2022-10-18T19:59:01.7,1,"If only you control a Spellcaster monster, your opponent cannot activate Spell Cards. If you control no Spellcaster monsters, you cannot activate Spell Cards.",0.44,1.11,19.93,0.86,1.43,1st Edition,INCH-EN043,Super Rare,SPELL,,Field Spell,,,,
186411,Rank-Up-Magic Astral Force,Rank Up Magic Astral Force,https://tcgplayer-cdn.tcgplayer.com/product/186411_200w.jpg,2,2398,https://cpt.tcgcsv.com/fBv2,2025-05-15T20:39:13.267,1,"Target the 1 Xyz Monster you control with the highest Rank (your choice, if tied); Special Summon from your Extra Deck, 1 monster with the same Type and Attribute as that monster you control but 2 Ranks higher, by using it as material. (This is treated as an Xyz Summon. Transfer its materials to the Summoned monster.) During your Draw Phase, if this card is in your GY, instead of conducting your normal draw: You can add this card from your GY to your hand. You cannot Special Summon during the turn you activate this effect, except by the effect of ""Rank-Up-Magic Astral Force"".",0.1,0.33,1.49,0.28,,1st Edition,INCH-EN044,Super Rare,SPELL,,Normal Spell,,,,
186412,Marshalling Field,Marshalling Field,https://tcgplayer-cdn.tcgplayer.com/product/186412_200w.jpg,2,2398,https://cpt.tcgcsv.com/gBv2,2025-05-15T20:39:13.317,1,"You cannot Special Summon monsters, except Machine monsters. Once per turn: You can declare a Level from 5 to 9; all Level 5 or higher Machine monsters you control become that Level. If a Machine Xyz Monster(s) you control would be destroyed, you can send this card to the GY instead. If this card is sent from the field to the GY: You can add 1 ""Rank-Up-Magic Argent Chaos Force"" from your Deck or GY to your hand.",0.05,0.25,1.49,0.15,,1st Edition,INCH-EN045,Super Rare,TRAP,,Continuous Trap,,,,
186413,Heavy Freight Train Derricrane,Heavy Freight Train Derricrane,https://tcgplayer-cdn.tcgplayer.com/product/186413_200w.jpg,2,2398,https://cpt.tcgcsv.com/hBv2,2025-01-19T15:11:39.95,1,"If an EARTH Machine monster(s) is Normal or Special Summoned to your field (except during the Damage Step): You can Special Summon this card from your hand, but its original ATK/DEF become halved. You can only use this effect of ""Heavy Freight Train Derricrane"" once per turn. If this card is detached from an Xyz Monster and sent to the GY to activate that monster's effect: You can target 1 card your opponent controls; destroy it.",0.2,0.69,9.99,0.52,0.64,1st Edition,INCH-EN046,Super Rare,EARTH,Machine,Effect Monster,2800,2000,,
186414,Performapal Sky Magician,Performapal Sky Magician,https://tcgplayer-cdn.tcgplayer.com/product/186414_200w.jpg,2,2398,https://cpt.tcgcsv.com/jBv2,2025-05-15T20:39:13.373,1,"Once per turn, if you activate a Spell Card: This card gains 300 ATK. (Quick Effect): You can target 1 Continuous Spell you control; return it to the hand, then you can activate 1 ""Magician"" Continuous Spell from your hand. You can only use this effect of ""Performapal Sky Magician"" once per turn. If this face-up card leaves the field: You can target 1 card on the field; destroy it.",0.07,0.29,1.7,0.17,,1st Edition,INCH-EN047,Super Rare,WIND,Spellcaster,Effect Monster,2500,2000,,
186415,Mythical Beast Jackal King,Mythical Beast Jackal King,https://tcgplayer-cdn.tcgplayer.com/product/186415_200w.jpg,2,2398,https://cpt.tcgcsv.com/kBv2,2019-03-22T15:09:58.067,1,"<strong>Pendulum Effect :</strong> If you have no card in your other Pendulum Zone: You can destroy this card, and if you do, Special Summon 1 face-up ""Mythical Beast"" Pendulum Monster from your Extra Deck, except ""Mythical Beast Jackal King"". You can only use this effect of ""Mythical Beast Jackal King"" once per turn.
<br><strong>Monster Effect :</strong> Each time a Spell Card is activated, place 2 Spell Counters on this card when that Spell resolves. Once per turn, when an opponent activates a monster effect (Quick Effect): You can remove 2 Spell Counters from your field; negate the activation, and if you do, destroy that card.",0.4,0.71,7.22,0.68,1.11,1st Edition,INCH-EN048,Super Rare,DARK,Spellcaster,Pendulum/Effect Monster,2400,1400,,
186416,Arcanite Magician,Arcanite Magician,https://tcgplayer-cdn.tcgplayer.com/product/186416_200w.jpg,2,2398,https://cpt.tcgcsv.com/lBv2,2019-03-22T14:37:01.843,1,"1 Tuner + 1+ non-Tuner Spellcaster monsters
<br>If this card is Synchro Summoned: Place 2 Spell Counters on it. This card gains 1000 ATK for each Spell Counter on it. You can remove 1 Spell Counter from your field, then target 1 card your opponent controls; destroy that target.",0.89,1.55,3.06,1.43,1.37,1st Edition,INCH-EN049,Super Rare,LIGHT,Spellcaster,Synchro/Effect Monster,400,1800,,
186417,"Digvorzhak, King of Heavy Industry",Digvorzhak King of Heavy Industry,https://tcgplayer-cdn.tcgplayer.com/product/186417_200w.jpg,2,2398,https://cpt.tcgcsv.com/mBv2,2019-03-22T14:37:05.55,1,"3 Level 5 monsters
<br>Once per turn: You can detach 1 material from this card; send the top 3 cards of your opponent's Deck to the GY, then, if any monsters were sent to the GY by this effect, destroy cards your opponent controls, up to the number of monsters sent.",0.05,0.3,2.0,0.19,,1st Edition,INCH-EN050,Super Rare,EARTH,Machine,Xyz/Effect Monster,3200,2000,,
186418,Mecha Phantom Beast Dracossack,Mecha Phantom Beast Dracossack,https://tcgplayer-cdn.tcgplayer.com/product/186418_200w.jpg,2,2398,https://cpt.tcgcsv.com/nBv2,2025-05-16T09:36:57.357,1,"2 Level 7 monsters
<br>Once per turn: You can detach 1 material from this card; Special Summon 2 ""Mecha Phantom Beast Tokens"" (Machine/WIND/Level 3/ATK 0/DEF 0). While you control a Token, this card cannot be destroyed by battle or card effects. Once per turn: You can Tribute 1 ""Mecha Phantom Beast"" monster, then target 1 card on the field; destroy that target. This card cannot attack during the turn you activate this effect.",0.1,0.5,19.99,0.29,0.33,1st Edition,INCH-EN051,Super Rare,WIND,Machine,Xyz/Effect Monster,2600,2200,,
186419,Phantom Fortress Enterblathnir,Phantom Fortress Enterblathnir,https://tcgplayer-cdn.tcgplayer.com/product/186419_200w.jpg,2,2398,https://cpt.tcgcsv.com/pBv2,2019-03-22T15:10:05.613,1,"2 Level 9 monsters
<br>Once per turn: You can detach 1 material from this card, then activate 1 of these effects;
<br>• Banish 1 card your opponent controls.
<br>• Banish 1 random card from your opponent's hand.
<br>• Banish 1 card from your opponent's GY.
<br>• Banish the top card of your opponent's Deck, face-up.",0.64,1.54,8.99,1.71,7.44,1st Edition,INCH-EN052,Super Rare,WIND,Machine,Xyz/Effect Monster,2900,2500,,
186420,Spell Absorption,Spell Absorption,https://tcgplayer-cdn.tcgplayer.com/product/186420_200w.jpg,2,2398,https://cpt.tcgcsv.com/qBv2,2025-05-15T20:39:13.423,1,"Each time a Spell Card is activated, gain 500 LP immediately after it resolves.",0.4,0.56,1.75,0.53,,1st Edition,INCH-EN053,Super Rare,SPELL,,Continuous Spell,,,,
186421,Wonder Wand,Wonder Wand,https://tcgplayer-cdn.tcgplayer.com/product/186421_200w.jpg,2,2398,https://cpt.tcgcsv.com/rBv2,2019-03-22T15:15:56.16,1,Equip only to a Spellcaster monster. It gains 500 ATK. If you control the equipped monster and this card: You can send both to the GY; draw 2 cards.,0.15,0.49,1.75,0.38,,1st Edition,INCH-EN054,Super Rare,SPELL,,Equip Spell,,,,
186422,Bound Wand,Bound Wand,https://tcgplayer-cdn.tcgplayer.com/product/186422_200w.jpg,2,2398,https://cpt.tcgcsv.com/sBv2,2025-05-15T20:39:13.653,1,"Equip only to a Spellcaster monster that has a Level. It gains ATK equal to its Level × 100. If the equipped monster is destroyed by your opponent's card and sent to the GY, and this card is sent to the GY as a result: You can Special Summon that monster.",0.1,0.26,1.49,0.22,,1st Edition,INCH-EN055,Super Rare,SPELL,,Equip Spell,,,,
186423,Tannhauser Gate,Tannhauser Gate,https://tcgplayer-cdn.tcgplayer.com/product/186423_200w.jpg,2,2398,https://cpt.tcgcsv.com/tBv2,2025-05-15T20:39:13.7,1,Target 2 monsters you control of the same Type with 1000 or less ATK; both monsters' Levels become the combined Levels of those 2 monsters.,0.05,0.25,1.49,0.11,,1st Edition,INCH-EN056,Super Rare,SPELL,,Normal Spell,,,,
186424,Magician's Right Hand,Magicians Right Hand,https://tcgplayer-cdn.tcgplayer.com/product/186424_200w.jpg,2,2398,https://cpt.tcgcsv.com/vBv2,2019-03-22T15:10:01.103,1,"Negate the effect of your opponent's first Spell Card or effect that resolves each turn while you control a Spellcaster monster, and if you do, or if it did not have an effect, destroy that card.",0.35,0.84,4.69,0.77,0.76,1st Edition,INCH-EN057,Super Rare,SPELL,,Continuous Spell,,,,
186425,Magician's Left Hand,Magicians Left Hand,https://tcgplayer-cdn.tcgplayer.com/product/186425_200w.jpg,2,2398,https://cpt.tcgcsv.com/wBv2,2025-05-15T20:39:13.747,1,"Negate the effect of your opponent's first Trap Card or effect that resolves each turn while you control a Spellcaster monster, and if you do, destroy that card.",0.27,0.6,1.97,0.6,,1st Edition,INCH-EN058,Super Rare,SPELL,,Continuous Spell,,,,
186426,Spellbook of Knowledge,Spellbook of Knowledge,https://tcgplayer-cdn.tcgplayer.com/product/186426_200w.jpg,2,2398,https://cpt.tcgcsv.com/xBv2,2022-06-11T11:40:36.683,1,"Send to the GY either 1 Spellcaster monster you control, or 1 other ""Spellbook"" card from your hand or face-up field, except ""Spellbook of Knowledge"", and if you do, draw 2 cards. You can only activate 1 ""Spellbook of Knowledge"" per turn.",0.1,0.5,5.0,0.35,0.25,1st Edition,INCH-EN059,Super Rare,SPELL,,Normal Spell,,,,
186427,Magic Cylinder,Magic Cylinder,https://tcgplayer-cdn.tcgplayer.com/product/186427_200w.jpg,2,2398,https://cpt.tcgcsv.com/zBv2,2025-06-18T19:06:10.887,1,"When an opponent's monster declares an attack: Target the attacking monster; negate the attack, and if you do, inflict damage to your opponent equal to its ATK.",0.59,0.98,9.98,0.9,1.97,1st Edition,INCH-EN060,Super Rare,TRAP,,Normal Trap,,,,
