productId,name,cleanName,imageUrl,categoryId,groupId,url,modifiedOn,imageCount,extNumber,extRarity,extAttribute,extCardType,extAttack,extDefense,extDescription,lowPrice,midPrice,highPrice,marketPrice,directLowPrice,subTypeName,extMonsterType
25332,Magical Arm Shield,Magical Arm Shield,https://tcgplayer-cdn.tcgplayer.com/product/25332_200w.jpg,2,340,https://cpt.tcgcsv.com/G8d,2014-07-14T13:57:45.24,1,TP8-EN001,Ultra Rare,TRAP,Normal Trap,0,0,"You can only activate this card when your opponent declares an attack. Take control of 1 of your opponent''s face-up monsters, except the attacking monster, and this monster is attacked instead. At the end of the Battle Phase, return control of this monster to your opponent.",124.98,144.9,194.94,144.92,,Unlimited,
25333,Harpie's Feather Duster,Harpies Feather Duster,https://tcgplayer-cdn.tcgplayer.com/product/25333_200w.jpg,2,340,https://cpt.tcgcsv.com/H8d,2014-07-14T13:57:23.77,1,TP8-EN002,Super Rare,SPELL,Normal Spell,0,0,Destroy all of your opponent''s Spell and Trap Cards on the field.,599.99,599.99,1999.99,404.85,,Unlimited,
25334,Slate Warrior,Slate Warrior,https://tcgplayer-cdn.tcgplayer.com/product/25334_200w.jpg,2,340,https://cpt.tcgcsv.com/J8d,2014-07-14T13:59:19.553,1,TP8-EN003,Super Rare,WIND,Effect Monster,1900,400,FLIP: Increase the ATK and DEF of this card by 500 points. The ATK and DEF of a monster that destroys this card as a result of battle is decreased by 500 points.,29.7,47.95,89.99,27.64,,Unlimited,Fiend
25335,Dunames Dark Witch,Dunames Dark Witch,https://tcgplayer-cdn.tcgplayer.com/product/25335_200w.jpg,2,340,https://cpt.tcgcsv.com/K8d,2014-07-14T13:55:28.63,1,TP8-EN004,Super Rare,LIGHT,Normal Monster,1800,1050,"Even when all odds are against this brave fairy, she will press onwards in battle and never retreat.",72.99,375.0,799.99,189.95,,Unlimited,Fairy
25336,Garma Sword,Garma Sword,https://tcgplayer-cdn.tcgplayer.com/product/25336_200w.jpg,2,340,https://cpt.tcgcsv.com/L8d,2014-07-14T13:55:50.183,1,TP8-EN005,Super Rare,DARK,Ritual Monster,2550,2150,"This monster can only be Ritual Summoned with the Ritual Spell Card, Garma Sword Oath.",374.98,387.49,474.99,289.99,,Unlimited,Warrior
25337,Zaborg the Thunder Monarch,Zaborg the Thunder Monarch,https://tcgplayer-cdn.tcgplayer.com/product/25337_200w.jpg,2,340,https://cpt.tcgcsv.com/M8d,2014-07-14T14:01:36.913,1,TP8-EN006,Rare,LIGHT,Effect Monster,2400,1000,"When this card is Tribute Summoned, destroy 1 monster on the field.",3.25,4.51,13.99,10.0,,Unlimited,Thunder
25338,Granmarg the Rock Monarch,Granmarg the Rock Monarch,https://tcgplayer-cdn.tcgplayer.com/product/25338_200w.jpg,2,340,https://cpt.tcgcsv.com/N8d,2014-07-14T13:57:07.24,1,TP8-EN007,Rare,EARTH,Effect Monster,2400,1000,"When this card is Tribute Summoned, destroy 1 face-down card on the field.",2.17,2.41,2.98,2.83,,Unlimited,Rock
25339,Mobius the Frost Monarch,Mobius the Frost Monarch,https://tcgplayer-cdn.tcgplayer.com/product/25339_200w.jpg,2,340,https://cpt.tcgcsv.com/P8d,2014-07-14T13:58:17.677,1,TP8-EN008,Rare,WATER,Effect Monster,2400,1000,"When this card is Tribute Summoned, you can destroy up to 2 Spell or Trap Cards on the field.",5.4,9.99,12.99,5.4,,Unlimited,Aqua
25340,Thestalos the Firestorm Monarch,Thestalos the Firestorm Monarch,https://tcgplayer-cdn.tcgplayer.com/product/25340_200w.jpg,2,340,https://cpt.tcgcsv.com/Q8d,2014-07-14T14:00:06.143,1,TP8-EN009,Rare,FIRE,Effect Monster,2400,1000,"When this card is Tribute Summoned, discard 1 random card from your opponent''s hand to the Graveyard. If the discarded card was a Monster Card, inflict damage to your opponent''s Life Points equal to the Level of the monster x 100 points.",3.94,5.24,10.0,4.27,,Unlimited,Pyro
25341,Garma Sword Oath,Garma Sword Oath,https://tcgplayer-cdn.tcgplayer.com/product/25341_200w.jpg,2,340,https://cpt.tcgcsv.com/R8d,2014-07-14T13:56:21.01,1,TP8-EN010,Common,SPELL,Normal Spell,0,0,This card is used to Ritual Summon Garma Sword. You must also Tribute monsters whose total Levels equal 7 or more from the field or your hand.,0.47,0.74,1.47,0.57,,Unlimited,
25342,Berserk Gorilla,Berserk Gorilla,https://tcgplayer-cdn.tcgplayer.com/product/25342_200w.jpg,2,340,https://cpt.tcgcsv.com/S8d,2014-07-14T13:54:46.75,1,TP8-EN011,Common,EARTH,Effect Monster,2000,1000,"If this card is in face-up Defense Position on the field, destroy this card. The controller of this card must attack with this card if possible.",0.91,1.98,6.01,1.97,,Unlimited,Beast
25343,Ultimate Offering,Ultimate Offering,https://tcgplayer-cdn.tcgplayer.com/product/25343_200w.jpg,2,340,https://cpt.tcgcsv.com/T8d,2014-07-14T14:00:35.527,1,TP8-EN012,Common,TRAP,Continuous Trap,0,0,"By paying 500 Life Points, Normal Summon or Set 1 extra monster. You can only activate this effect during your Main Phase or your opponent''s Battle Phase.",1.35,2.44,4.99,2.49,,Unlimited,
25344,Gatekeeper,Gatekeeper,https://tcgplayer-cdn.tcgplayer.com/product/25344_200w.jpg,2,340,https://cpt.tcgcsv.com/V8d,2014-07-14T13:56:42.36,1,TP8-EN013,Common,DARK,Normal Monster,1500,1800,An indestructible mechanoid created for the sole purpose of guarding the gateways.,0.99,1.85,4.99,2.35,,Unlimited,Machine
25345,Behegon,Behegon,https://tcgplayer-cdn.tcgplayer.com/product/25345_200w.jpg,2,340,https://cpt.tcgcsv.com/W8d,2014-07-14T13:54:26.857,1,TP8-EN014,Common,WATER,Normal Monster,1350,1000,"With an enormous maw and massive teeth, this monstrosity is one dangerous and strange serpent from the deep.",0.66,0.85,1.45,0.97,,Unlimited,Aqua
25346,Violent Rain,Violent Rain,https://tcgplayer-cdn.tcgplayer.com/product/25346_200w.jpg,2,340,https://cpt.tcgcsv.com/X8d,2014-07-14T14:00:52.677,1,TP8-EN015,Common,WATER,Normal Monster,1550,800,This monster can call forth sudden torrents of battering rain.,1.43,2.76,29.99,3.26,,Unlimited,Aqua
25347,Temple of Skulls,Temple of Skulls,https://tcgplayer-cdn.tcgplayer.com/product/25347_200w.jpg,2,340,https://cpt.tcgcsv.com/Z8d,2014-07-14T13:59:47.4,1,TP8-EN016,Common,DARK,Normal Monster,900,1300,A mysterious temple of skulls and bones that pulls in unsuspecting enemies.,2.75,3.24,4.27,4.34,,Unlimited,Zombie
25348,Blocker,Blocker,https://tcgplayer-cdn.tcgplayer.com/product/25348_200w.jpg,2,340,https://cpt.tcgcsv.com/-8d,2014-07-14T13:55:07.383,1,TP8-EN017,Common,DARK,Normal Monster,850,1800,"Constructed from several components, this monster can launch them in a pincer attack.",1.77,3.3,5.95,3.2,,Unlimited,Machine
25349,Wretched Ghost of the Attic,Wretched Ghost of the Attic,https://tcgplayer-cdn.tcgplayer.com/product/25349_200w.jpg,2,340,https://cpt.tcgcsv.com/_8d,2014-07-14T14:01:12.13,1,TP8-EN018,Common,DARK,Normal Monster,550,400,A harmless monster found lurking in just about any attic.,7.99,10.89,16.3,10.97,,Unlimited,Fiend
25350,Sectarian of Secrets,Sectarian of Secrets,https://tcgplayer-cdn.tcgplayer.com/product/25350_200w.jpg,2,340,https://cpt.tcgcsv.com/09d,2014-07-14T13:59:00.377,1,TP8-EN019,Common,DARK,Normal Monster,700,500,"This wizard worships the darkness, and is served by a sinister hand that drags its enemies into oblivion.",1.16,1.84,2.73,1.83,,Unlimited,Spellcaster
25351,Necrolancer the Timelord,Necrolancer the Timelord,https://tcgplayer-cdn.tcgplayer.com/product/25351_200w.jpg,2,340,https://cpt.tcgcsv.com/29d,2014-07-14T13:58:38.073,1,TP8-EN020,Common,DARK,Normal Monster,800,900,The one-eyed Necrolancer launches his onslaught from a dimensional ring that can appear out of thin air.,1.9,2.39,3.99,2.9,,Unlimited,Spellcaster
518668,Tournament Pack 8 Booster Pack,Tournament Pack 8 Booster Pack,https://tcgplayer-cdn.tcgplayer.com/product/518668_200w.jpg,2,340,https://cpt.tcgcsv.com/nt96,2023-10-13T19:06:39.003,1,,,,,,,"Each pack contains 3 cards. The set contains 20 cards:
<br>
•1 Ultra Rare
<br>
•4 Super Rares
<br>
•4 Rares
<br>
•11 Commons",,,,,,,
